Date,GOOGL,XLY,PYPL,LEU,CVX,MS,EOG,MSTR,ABBV,NVDA,XLF,CEG,XLB,KO,PEP,COF,MA,ABNB,ADBE,CIEN,OKLO,INTC,BABA,XLI,WPM,ASML,SNPS,IONQ,APD,AEM,JPM,LRCX,MARA,LIN,NOW,LHX,SO,COIN,REGN,AMGN,NTLA,COST,MRK,AXP,FTNT,NEM,PACB,UAL,META,SMCI,PHM,PG,BIDU,TSM,RKLB,RTX,ENPH,HOOD,DELL,KTOS,RGTI,PDD,TOL,JD,RIOT,EDIT,AVAV,TSLA,XLRE,AMAT,PLTR,GS,VST,CRM,XOM,XLK,KLAC,PFE,AMZN,RCL,ETN,ASTS,CCJ,WDC,GOLD,PANW,LLY,NUE,SLB,XLC,ZS,XLP,UNH,BWXT,AAPL,QCOM,XLU,LEN,TWST,MRVL,ANET,NVR,TXN,VRTX,BEAM,STX,JNJ,BKNG,MSFT,ILMN,GD,CRSP,QBTS,NXT,CRWD,BEKE,DUK,MAR,LUNR,SPY,WMT,SMR,AMD,MU,COP,ORCL,LMT,DAL,NEE,V,XLE,OKTA,RXRX,FCX,INTU,WFC,BIIB,VRT,DHI,XLV,AVGO,NOC,BAC,SHW,FSLR,RUN,CDNS,GILD
2025-05-29,171.16390991210938,106.43003845214844,70.32098388671875,123.5,132.3661346435547,125.13956451416016,106.09872436523438,370.6300048828125,179.7636260986328,138.99522399902344,49.901912689208984,301.7834777832031,42.17790222167969,69.03030395507812,125.51862335205078,187.9921417236328,574.38720703125,128.36000061035156,413.3599853515625,81.55000305175781,52.93000030517578,20.25,114.18370056152344,140.4863739013672,85.79570770263672,741.2611083984375,454.989990234375,43.20000076293945,264.39044189453125,116.67697143554688,259.3266296386719,83.48902893066406,14.609999656677246,456.4601745605469,203.04600524902344,238.35467529296875,85.941162109375,248.83999633789062,602.0906372070312,275.26611328125,7.449999809265137,1003.0933837890625,73.19556427001953,291.5179138183594,102.04000091552734,51.96745681762695,1.0399999618530273,78.56999969482422,642.4484252929688,41.150001525878906,97.55075073242188,163.84666442871094,84.38999938964844,194.2830810546875,27.350000381469727,132.6853485107422,39.2400016784668,63.95000076293945,111.92810821533203,36.43000030517578,13.149999618530273,98.29000091552734,104.24564361572266,31.80609130859375,8.180000305175781,1.8300000429153442,172.49000549316406,358.42999267578125,39.93924331665039,158.318603515625,122.31999969482422,589.9832763671875,158.69534301757812,264.26080322265625,99.51775360107422,115.0197525024414,76.9013671875,21.91832160949707,205.6999969482422,249.45947265625,321.08380126953125,23.56999969482422,59.035057067871094,52.31050109863281,19.268844604492188,185.82000732421875,717.4944458007812,107.04959869384766,32.510562896728516,99.48436737060547,251.11000061035156,79.34983825683594,288.3458251953125,124.55290222167969,199.15989685058594,144.4104766845703,39.17302703857422,104.14282989501953,28.889999389648438,63.558170318603516,86.37000274658203,7097.64013671875,179.94288635253906,447.0899963378906,16.31999969482422,116.55360412597656,149.836181640625,217.85838317871094,455.0453186035156,84.27999877929688,269.04901123046875,36.779998779296875,16.270000457763672,55.42499923706055,114.70249938964844,18.29149627685547,111.55192565917969,261.29827880859375,11.949999809265137,581.863525390625,96.29490661621094,32.97999954223633,113.02999877929688,96.56885528564453,82.85379028320312,161.28187561035156,458.0939636230469,47.924922943115234,66.51034545898438,359.5599365234375,39.56528091430664,106.62999725341797,4.449999809265137,38.58135986328125,751.1083984375,72.91018676757812,132.75,108.31354522705078,116.91118621826172,129.4698028564453,239.64590454101562,469.7408447265625,43.04319381713867,352.45831298828125,155.9499969482422,6.849999904632568,284.5,107.5255126953125
2025-05-30,171.0443878173828,105.85077667236328,69.67656707763672,126.91999816894531,131.20477294921875,125.01261901855469,104.83380126953125,369.05999755859375,180.23817443847656,134.94090270996094,50.009864807128906,304.5489501953125,42.18278121948242,69.61932373046875,125.07142639160156,186.40548706054688,582.1612548828125,129.0,415.0899963378906,80.05999755859375,52.720001220703125,19.549999237060547,110.9291000366211,140.574951171875,86.48358917236328,731.041259765625,463.9800109863281,40.34000015258789,269.9459533691406,116.89492797851562,258.96368408203125,80.14590454101562,14.119999885559082,459.9027099609375,202.21800231933594,239.2555389404297,87.15159606933594,246.6199951171875,487.6079406738281,279.77069091796875,6.869999885559082,1034.3575439453125,73.61711883544922,290.2052917480469,101.77999877929688,52.16535186767578,0.9599999785423279,79.44000244140625,644.8786010742188,40.02000045776367,97.04586029052734,165.13949584960938,81.9000015258789,190.50877380371094,26.790000915527344,134.3389892578125,41.38999938964844,66.1500015258789,109.60345458984375,36.88999938964844,12.109999656677246,96.51000213623047,103.45176696777344,31.294336318969727,8.069999694824219,1.7200000286102295,178.02999877929688,346.4599914550781,39.97755813598633,155.6084747314453,131.77999877929688,588.6011352539062,159.52992248535156,262.7261962890625,99.13980865478516,114.6622314453125,75.20331573486328,21.95570945739746,205.00999450683594,251.93995666503906,316.5267028808594,23.06999969482422,58.416259765625,51.315067291259766,19.23958969116211,192.4199981689453,732.4884033203125,107.4623031616211,31.90243911743164,99.89814758300781,275.70001220703125,80.0456314086914,291.96258544921875,124.90094757080078,200.0563507080078,141.3536834716797,39.5739860534668,104.15265655517578,29.299999237060547,60.02771759033203,86.63999938964844,7115.93017578125,177.8612518310547,442.04998779296875,15.829999923706055,116.3563003540039,151.42645263671875,218.52874755859375,456.71197509765625,82.23999786376953,272.2654724121094,36.290000915527344,16.329999923706055,56.689998626708984,117.84249877929688,18.124584197998047,113.74528503417969,261.516357421875,11.40999984741211,581.2128295898438,97.90145874023438,31.989999771118164,110.7300033569336,94.23442840576172,82.61180114746094,163.88575744628906,466.49786376953125,47.816226959228516,68.10103607177734,362.3280334472656,39.21416473388672,103.16999816894531,4.179999828338623,38.037681579589844,747.388671875,73.17438507080078,129.7899932861328,107.77432250976562,116.70360565185547,129.7436981201172,239.74493408203125,475.0125732421875,42.9361686706543,355.4900207519531,158.0800018310547,7.489999771118164,287.07000732421875,106.52875518798828
2025-06-02,168.34535217285156,106.09832763671875,70.32098388671875,124.58000183105469,132.2989501953125,125.3739013671875,107.50847625732422,372.2699890136719,181.09043884277344,137.187744140625,50.02948760986328,311.7908935546875,42.43195343017578,69.52275848388672,124.55763244628906,188.68197631835938,577.8069458007812,129.6199951171875,403.3999938964844,81.75,52.439998626708984,19.739999771118164,111.81584167480469,140.3977813720703,91.5479965209961,740.725341796875,466.1499938964844,40.56999969482422,269.74273681640625,123.12655639648438,259.611083984375,81.82242584228516,14.359999656677246,456.942138671875,202.4219970703125,238.10008239746094,87.09349822998047,246.72000122070312,488.1350402832031,280.0522155761719,7.159999847412109,1050.93408203125,73.05186462402344,291.4685974121094,102.47000122070312,54.99526596069336,0.9900000095367432,81.2300033569336,668.1941528320312,41.20000076293945,96.57069396972656,163.08848571777344,83.05999755859375,192.0066680908203,26.600000381469727,135.30361938476562,41.31999969482422,67.9800033569336,106.46123504638672,38.040000915527344,12.260000228881836,96.44000244140625,102.51895904541016,31.72884750366211,8.479999542236328,1.7699999809265137,180.41000366210938,342.69000244140625,40.035037994384766,156.1247100830078,132.0399932861328,586.9052124023438,166.38522338867188,259.0135498046875,99.86663055419922,115.67520904541016,75.75575256347656,21.92766571044922,206.64999389648438,256.8028869628906,315.2020568847656,24.149999618530273,58.06694030761719,51.9521484375,20.30249786376953,194.86000061035156,741.8719482421875,118.31072998046875,32.182369232177734,100.39073944091797,293.17999267578125,80.09395599365234,294.6800231933594,125.39816284179688,200.90298461914062,142.74581909179688,39.6995849609375,103.11190795898438,31.06999969482422,61.30426788330078,89.77999877929688,7043.41015625,179.1841583251953,445.42999267578125,16.190000534057617,117.550048828125,151.61180114746094,219.31988525390625,458.3092346191406,81.08999633789062,269.5475769042969,36.95000076293945,17.110000610351562,55.290000915527344,119.7925033569336,17.672943115234375,113.27183532714844,258.9193420410156,11.010000228881836,584.4867553710938,98.94275665283203,32.029998779296875,114.62999725341797,97.945556640625,83.93785858154297,164.91542053222656,466.24468994140625,47.924922943115234,68.17586517333984,362.45703125,39.72881317138672,104.7300033569336,4.369999885559082,39.68849182128906,758.8157348632812,73.11567687988281,131.13999938964844,109.07244110107422,115.54704284667969,129.8219451904297,246.32115173339844,475.9183654785156,42.88751983642578,352.1512145996094,149.64999389648438,7.139999866485596,292.5299987792969,105.39649200439453
2025-06-03,165.50689697265625,106.66272735595703,70.7175521850586,131.4499969482422,133.94021606445312,125.64729309082031,108.93755340576172,387.42999267578125,181.3422088623047,141.02235412597656,50.127628326416016,311.3929748535156,42.86677932739258,68.71166229248047,125.4520263671875,192.79148864746094,578.5525512695312,132.89999389648438,412.489990234375,83.26000213623047,49.77000045776367,20.290000915527344,112.03021240234375,141.48049926757812,91.42835998535156,741.439697265625,466.260009765625,39.810001373291016,274.1852111816406,121.37298583984375,261.19036865234375,82.99302673339844,15.329999923706055,464.0731201171875,202.17599487304688,239.3104705810547,86.75457000732422,258.9100036621094,485.20111083984375,281.1201171875,7.690000057220459,1049.6810302734375,73.90453338623047,293.50164794921875,102.87999725341797,54.757789611816406,1.0499999523162842,81.08000183105469,664.1604614257812,43.189998626708984,97.67945098876953,162.18450927734375,83.75,194.7364044189453,26.719999313354492,135.34298706054688,43.75,71.72000122070312,110.2240219116211,39.09000015258789,12.039999961853027,98.33000183105469,104.67234802246094,31.294336318969727,9.029999732971191,1.8200000524520874,186.16000366210938,344.2699890136719,39.89134216308594,160.56216430664062,133.1699981689453,591.9143676757812,174.85997009277344,261.835205078125,100.59346771240234,117.41320037841797,77.08219909667969,21.824853897094727,205.7100067138672,261.5382995605469,322.1020202636719,25.18000030517578,59.56402587890625,53.52494812011719,19.78567123413086,197.1199951171875,745.50634765625,120.19741821289062,32.925636291503906,100.10503387451172,295.0299987792969,80.01664733886719,291.2953186035156,127.6356430053711,202.46676635742188,144.99459838867188,39.80586624145508,104.71229553222656,30.8799991607666,62.191864013671875,94.5,7068.93994140625,182.94857788085938,446.4800109863281,16.8799991607666,121.57525634765625,150.6557159423828,216.79209899902344,459.30126953125,81.83000183105469,269.8702392578125,38.040000915527344,17.68000030517578,57.97999954223633,122.19000244140625,18.026403427124023,112.78871154785156,262.0813293457031,11.029999732971191,587.8197631835938,99.15101623535156,31.790000915527344,117.30999755859375,102.00582885742188,85.08968353271484,167.45989990234375,467.5592346191406,48.25101089477539,68.95335388183594,362.9927978515625,40.20016860961914,103.58000183105469,4.389999866485596,39.7774543762207,758.4883422851562,74.02570343017578,131.83999633789062,112.17796325683594,116.99027252197266,130.12518310546875,254.38299560546875,480.6836853027344,43.442100524902344,354.4497375488281,159.3699951171875,8.279999732971191,293.3299865722656,105.80294036865234
2025-06-04,167.3693389892578,106.38052368164062,72.17494201660156,141.0,131.84783935546875,125.13956451416016,106.95808410644531,378.1000061035156,181.42938232421875,141.7213897705078,49.8430290222168,297.9735412597656,43.02800750732422,68.9144287109375,125.34735107421875,190.06166076660156,580.699951171875,133.50999450683594,413.9100036621094,83.88999938964844,49.09000015258789,20.25,116.3956527709961,141.55923461914062,92.46516418457031,737.0045776367188,473.19000244140625,39.63999938964844,271.20416259765625,122.46277618408203,259.1794738769531,84.09416198730469,15.670000076293945,467.477294921875,202.54800415039062,238.44448852539062,85.49571228027344,256.0,482.2870788574219,278.63482666015625,7.670000076293945,1045.802978515625,74.98713684082031,292.0607604980469,101.62000274658203,54.69841766357422,1.0299999713897705,81.62000274658203,685.1754150390625,44.130001068115234,100.84732818603516,161.3096466064453,84.88999938964844,199.4567413330078,26.90999984741211,136.37652587890625,43.15999984741211,72.2699966430664,111.01203918457031,40.099998474121094,11.819999694824219,99.6500015258789,107.39136505126953,32.18267059326172,9.5,1.8200000524520874,183.47999572753906,332.04998779296875,40.01588439941406,160.75074768066406,130.00999450683594,587.3856201171875,171.57142639160156,260.54815673828125,99.13980865478516,117.58700561523438,77.70816040039062,21.862239837646484,207.22999572753906,261.174560546875,323.3277587890625,28.690000534057617,59.833499908447266,54.28289031982422,19.89293670654297,194.07000732421875,760.4605102539062,119.74539947509766,32.35618591308594,100.74539947509766,296.8500061035156,79.45613861083984,290.4830017089844,128.15274047851562,202.0185546875,145.1016845703125,39.1102294921875,108.22724914550781,30.440000534057617,66.12124633789062,94.94000244140625,7210.8701171875,185.51654052734375,445.8500061035156,17.149999618530273,125.9260482788086,149.4849395751953,220.0361785888672,460.19415283203125,83.16000366210938,268.8828125,38.04999923706055,17.81999969482422,56.91999816894531,115.13999938964844,18.340587615966797,112.06403350830078,259.6330261230469,11.0600004196167,587.6619873046875,98.5262451171875,31.190000534057617,118.58000183105469,103.0034408569336,83.19256591796875,166.4302215576172,469.5456237792969,48.399227142333984,67.9134750366211,365.1159973144531,39.416175842285156,105.5999984741211,4.909999847412109,40.390323638916016,760.6210327148438,73.7614974975586,131.86000061035156,112.6872329711914,122.11074829101562,130.37950134277344,258.57232666015625,483.7062683105469,43.15994644165039,358.8684997558594,159.80999755859375,8.15999984741211,294.3999938964844,105.50294494628906
2025-06-05,167.5286865234375,103.6971206665039,71.84776306152344,136.33999633789062,131.396728515625,127.54158020019531,107.20914459228516,368.7900085449219,181.55528259277344,139.7941131591797,49.70564270019531,288.364013671875,42.77394485473633,68.47025299072266,124.7479248046875,189.21414184570312,582.002197265625,137.2899932861328,415.20001220703125,73.05000305175781,47.15999984741211,19.989999771118164,116.89261627197266,141.46080017089844,91.30873107910156,741.9457397460938,482.20001220703125,36.65999984741211,267.3424072265625,120.92715454101562,256.9527893066406,84.2330551147461,14.880000114440918,464.0139465332031,203.52000427246094,238.198486328125,85.5828628540039,244.1999969482422,480.4372253417969,278.7221984863281,7.579999923706055,1005.1517944335938,74.36441040039062,292.09033203125,103.5,53.9365234375,1.0,80.3499984741211,681.8587646484375,40.77000045776367,100.61963653564453,158.2477264404297,85.8499984741211,200.38308715820312,26.450000762939453,136.88836669921875,41.29999923706055,72.51000213623047,110.14522552490234,40.36000061035156,10.890000343322754,99.33000183105469,107.81806945800781,31.950929641723633,8.989999771118164,1.7999999523162842,186.58999633789062,284.70001220703125,40.00629806518555,162.9943084716797,119.91000366210938,593.9240112304688,169.76318359375,264.47857666015625,98.68431854248047,117.25431060791016,78.68189239501953,21.609878540039062,207.91000366210938,266.8376770019531,322.73468017578125,30.850000381469727,59.9133415222168,54.901214599609375,20.126970291137695,197.11000061035156,760.3016357421875,116.6893539428711,32.200443267822266,100.8833236694336,300.8800048828125,78.69270324707031,286.0925598144531,128.2223663330078,199.83721923828125,144.51406860351562,39.047428131103516,108.06034088134766,30.329999923706055,64.98431396484375,95.18000030517578,7194.47021484375,185.29281616210938,443.82000732421875,17.0,125.98523712158203,149.91424560546875,220.571533203125,463.9739990234375,82.25,268.2864990234375,38.56999969482422,16.469999313354492,57.65999984741211,115.73500061035156,18.438772201538086,111.83213806152344,257.5316162109375,10.880000114440918,584.8218994140625,97.14777374267578,31.049999237060547,115.69000244140625,106.03618621826172,82.61180114746094,169.44003295898438,465.4754333496094,48.26089096069336,69.48788452148438,363.8956604003906,39.37769317626953,104.18000030517578,4.570000171661377,41.210784912109375,760.452392578125,73.29180908203125,130.36000061035156,112.05813598632812,121.329833984375,130.20343017578125,257.43341064453125,480.5851745605469,43.179405212402344,354.568603515625,163.83999633789062,8.380000114440918,296.2900085449219,106.896484375
2025-06-06,172.9765167236328,105.04376983642578,72.79952239990234,143.11000061035156,134.5736846923828,128.71328735351562,110.12522888183594,374.4700012207031,183.84080505371094,141.52166748046875,50.32389450073242,297.2373962402344,42.88631820678711,68.89511108398438,125.0778579711914,195.26504516601562,586.6547241210938,140.63999938964844,416.9200134277344,72.72000122070312,50.290000915527344,20.059999465942383,116.32744598388672,142.65176391601562,88.42760467529297,747.1648559570312,486.0,39.02000045776367,270.7879638671875,116.8751220703125,260.6606750488281,85.66157531738281,15.779999732971191,466.4313659667969,206.04200744628906,240.37322998046875,85.4666748046875,251.27000427246094,490.53192138671875,281.85791015625,8.09000015258789,1009.2586669921875,75.65778350830078,298.5152282714844,104.94000244140625,51.80914306640625,1.1399999856948853,84.2300033569336,694.8961181640625,41.54999923706055,99.22378540039062,159.43362426757812,85.80999755859375,202.19631958007812,28.920000076293945,136.9178924560547,41.18000030517578,74.87999725341797,112.04631042480469,40.470001220703125,11.279999732971191,100.5999984741211,106.5081787109375,31.979896545410156,9.850000381469727,1.909999966621399,190.88999938964844,295.1400146484375,40.12126159667969,165.5257568359375,127.72000122070312,601.8837890625,172.49539184570312,271.775146484375,101.04893493652344,118.36165618896484,80.2825698852539,21.824853897094727,213.57000732421875,271.69464111328125,327.6476745605469,31.190000534057617,60.30258560180664,55.30013656616211,20.40001106262207,199.60000610351562,764.4721069335938,119.4604263305664,32.96943664550781,102.1739273071289,303.0299987792969,78.94395446777344,293.2294616699219,128.99801635742188,203.11419677734375,146.15939331054688,39.221336364746094,106.55813598632812,31.56999969482422,68.16571044921875,97.25,7116.52978515625,187.170166015625,450.5,18.575000762939453,125.26504516601562,151.25083923339844,222.70111083984375,466.652587890625,82.66000366210938,270.3003845214844,41.86000061035156,18.6200008392334,58.91999816894531,117.10250091552734,18.448589324951172,111.33936309814453,263.3005676269531,11.710000038146973,590.8274536132812,96.66182708740234,34.36000061035156,116.19000244140625,108.30077362060547,84.42181396484375,172.2914276123047,469.0392761230469,50.34587097167969,70.12931060791016,367.318603515625,40.118404388427734,105.08000183105469,5.489999771118164,41.003196716308594,765.3525390625,74.69110870361328,133.1300048828125,115.193603515625,119.3528060913086,131.44570922851562,244.55825805664062,481.8552551269531,44.01128005981445,354.1723327636719,166.35000610351562,8.510000228881836,296.95001220703125,108.83197021484375
2025-06-09,175.58908081054688,105.88542938232422,72.91850280761719,146.0800018310547,135.1015625,128.84024047851562,110.39559173583984,392.1199951171875,183.1919708251953,142.43038940429688,50.04911804199219,298.0928955078125,43.17457580566406,69.3006591796875,125.01053619384766,196.10272216796875,580.8987426757812,139.00999450683594,416.260009765625,72.45999908447266,54.2599983215332,20.479999542236328,118.37374877929688,142.52381896972656,88.85627746582031,764.2113037109375,495.7699890136719,40.060001373291016,270.9234924316406,117.40019989013672,261.6513977050781,87.59603118896484,16.270000457763672,465.8985900878906,205.3719940185547,241.49505615234375,85.6990737915039,256.6300048828125,514.7789916992188,281.51812744140625,8.279999732971191,1000.5477294921875,76.00267028808594,297.61712646484375,102.08000183105469,52.71946334838867,1.2000000476837158,83.47000122070312,691.2607421875,43.119998931884766,100.45133972167969,158.01443481445312,88.66000366210938,203.98985290527344,29.639999389648438,138.76840209960938,43.2599983215332,73.4000015258789,112.50926971435547,40.59000015258789,11.319999694824219,101.62000274658203,108.70124816894531,32.77166748046875,10.119999885559082,1.9299999475479126,195.72000122070312,308.5799865722656,40.10210037231445,168.55352783203125,132.05999755859375,601.4132080078125,168.27288818359375,269.5376892089844,101.7273178100586,118.94263458251953,82.39794158935547,22.404354095458984,216.97999572753906,269.3841552734375,322.0723571777344,34.81999969482422,66.77997589111328,56.86589050292969,20.760814666748047,196.3300018310547,768.2752685546875,120.40377044677734,33.21278762817383,101.87837982177734,299.8999938964844,78.83766174316406,293.200439453125,131.88186645507812,200.6539764404297,152.20204162597656,38.97013473510742,108.36470794677734,33.36000061035156,68.9535903930664,96.80000305175781,7138.6201171875,193.77491760253906,446.1499938964844,18.170000076293945,128.42205810546875,151.44595336914062,219.7183380126953,469.0038146972656,84.9800033569336,271.11187744140625,42.09000015258789,17.950000762939453,59.02000045776367,116.09750366210938,18.4976806640625,111.57125854492188,263.59796142578125,11.789999961853027,591.3599243164062,96.64198303222656,35.2400016784668,121.7300033569336,110.68505859375,85.21550750732422,175.39031982421875,468.201904296875,50.5929069519043,69.87662506103516,363.7865295410156,40.19535827636719,101.19999694824219,5.369999885559082,41.85331726074219,758.210693359375,74.81831359863281,134.14999389648438,111.83845520019531,121.2408676147461,131.220703125,241.9337158203125,483.775146484375,43.91341018676758,354.63800048828125,160.16000366210938,8.270000457763672,301.6600036621094,109.35453796386719
2025-06-10,178.09194946289062,107.15286254882812,74.11811065673828,145.9199981689453,137.58746337890625,128.71328735351562,113.82341766357422,391.17999267578125,183.52122497558594,143.75852966308594,50.10799789428711,289.498046875,43.44328308105469,69.86070251464844,126.8093032836914,198.0835418701172,586.0781860351562,138.55999755859375,416.05999755859375,72.44000244140625,52.540000915527344,22.079999923706055,118.76351928710938,141.90371704101562,87.89923095703125,778.8663940429688,504.3999938964844,39.7400016784668,272.8205261230469,115.96366119384766,263.4759521484375,90.27449798583984,16.489999771118164,469.2434997558594,201.95799255371094,240.8849334716797,86.4737548828125,254.94000244140625,520.6767578125,284.86749267578125,8.470000267028809,1001.6316528320312,77.93795013427734,295.6037902832031,101.62999725341797,52.00703811645508,1.159999966621399,83.19999694824219,699.567138671875,42.90999984741211,103.97559356689453,158.28660583496094,87.48999786376953,209.37045288085938,27.170000076293945,136.3469696044922,45.08000183105469,72.51000213623047,111.55380249023438,39.29999923706055,11.239999771118164,102.38999938964844,111.0927963256836,32.626834869384766,10.449999809265137,2.0999999046325684,189.6199951171875,326.0899963378906,40.45656204223633,172.5045623779297,132.80999755859375,602.736572265625,163.58348083496094,265.5478515625,103.90780639648438,119.6080322265625,85.1104507446289,22.71280288696289,217.61000061035156,265.1662902832031,320.5203552246094,35.709999084472656,63.705963134765625,55.79878234863281,20.9753475189209,195.9499969482422,801.5199584960938,122.5164566040039,34.575565338134766,103.1689682006836,297.9700012207031,79.01160430908203,293.7806701660156,130.97695922851562,201.86912536621094,155.84524536132812,39.06191635131836,111.48693084716797,34.45000076293945,68.6543960571289,93.69999694824219,7398.68017578125,196.7708740234375,451.5199890136719,18.079999923706055,126.2713394165039,152.63621520996094,217.6783905029297,467.1883544921875,87.9800033569336,271.1705017089844,42.939998626708984,16.93000030517578,58.97999954223633,116.9124984741211,18.929685592651367,112.4022216796875,265.689453125,11.210000038146973,594.712890625,96.51307678222656,34.54999923706055,123.23999786376953,113.86743927001953,88.25476837158203,175.717041015625,464.3751220703125,51.06721496582031,70.7610092163086,367.7948913574219,40.912017822265625,100.77999877929688,5.449999809265137,41.70503616333008,755.948974609375,73.82999420166016,135.49000549316406,108.31354522705078,125.48158264160156,132.71730041503906,242.2803497314453,481.2546691894531,44.12872314453125,357.39227294921875,164.6199951171875,8.859999656677246,305.69000244140625,106.53842163085938
2025-06-11,176.8455047607422,106.30625915527344,73.96939086914062,158.1300048828125,138.95997619628906,128.7035369873047,115.793212890625,387.1099853515625,185.4581298828125,142.6400146484375,50.04911804199219,290.66192626953125,43.01334762573242,69.59033966064453,124.95280456542969,197.62037658691406,587.2710571289062,138.05999755859375,412.8399963378906,72.22000122070312,68.02999877929688,20.68000030517578,117.25315856933594,141.97264099121094,88.88619995117188,777.9932861328125,500.7300109863281,39.70000076293945,273.139892578125,117.80641174316406,263.03448486328125,90.22489166259766,16.350000381469727,462.3168029785156,200.86599731445312,242.73495483398438,86.7158432006836,250.67999267578125,515.7735595703125,283.2947692871094,8.369999885559082,991.2003784179688,76.95115661621094,295.18927001953125,102.0199966430664,52.7491455078125,1.159999966621399,78.62999725341797,691.3404541015625,43.209999084472656,102.38175964355469,157.57701110839844,87.55000305175781,210.9866180419922,27.360000610351562,139.5853729248047,45.279998779296875,74.87999725341797,109.57390594482422,40.400001525878906,12.520000457763672,103.16000366210938,108.55240631103516,32.56889724731445,10.550000190734863,2.0299999713897705,189.52000427246094,326.42999267578125,40.23622131347656,171.53167724609375,136.38999938964844,611.85302734375,165.70960998535156,263.2608337402344,105.9332504272461,119.3448486328125,86.64158630371094,22.881044387817383,213.1999969482422,263.45550537109375,321.9735107421875,36.470001220703125,66.20110321044922,55.51953887939453,21.063108444213867,194.38999938964844,802.9300537109375,115.09747314453125,34.74103927612305,102.9325180053711,299.8599853515625,78.74102783203125,300.3276062011719,135.04420471191406,197.9945068359375,156.18801879882812,39.08607482910156,109.47417449951172,35.150001525878906,68.05601501464844,94.20999908447266,7296.56982421875,194.2418212890625,452.44000244140625,17.889999389648438,124.7914810180664,151.4752197265625,216.81768798828125,468.8748474121094,87.54000091552734,269.6648864746094,41.52000045776367,16.530000686645508,60.150001525878906,119.24500274658203,18.684228897094727,112.42153930664062,263.7268371582031,11.220000267028809,593.0166015625,95.00566864013672,41.599998474121094,121.13999938964844,115.75292205810547,90.35515594482422,174.62799072265625,444.6082763671875,48.58697509765625,70.94566345214844,370.3843994140625,41.50362014770508,100.44000244140625,5.400000095367432,40.53860092163086,758.5776977539062,73.3211669921875,133.05999755859375,110.43048095703125,123.37604522705078,132.78579711914062,250.4808349609375,480.9199523925781,43.776397705078125,353.8255615234375,167.86000061035156,8.699999809265137,307.20001220703125,105.7739028930664
2025-06-12,175.2001953125,105.80622863769531,74.16767120361328,158.44000244140625,139.142333984375,128.81094360351562,116.4401626586914,379.760009765625,186.34909057617188,144.80714416503906,50.04911804199219,298.80914306640625,43.19411849975586,69.75450134277344,127.26139831542969,194.81170654296875,585.8197631835938,138.80999755859375,413.67999267578125,74.12999725341797,64.4800033569336,20.770000457763672,115.5587158203125,141.59860229492188,90.13235473632812,780.0968627929688,494.989990234375,38.709999084472656,274.1755065917969,120.95687103271484,263.1227722167969,90.92924499511719,15.819999694824219,464.28033447265625,201.4739990234375,246.39561462402344,87.50020599365234,241.0500030517578,518.9959716796875,288.6148681640625,8.350000381469727,997.09716796875,78.38823699951172,294.0937805175781,101.66000366210938,55.33168411254883,1.1799999475479126,77.43000030517578,690.5635986328125,43.36000061035156,103.10443878173828,158.61709594726562,87.80999755859375,213.07351684570312,26.399999618530273,138.76840209960938,44.70000076293945,73.83999633789062,111.70155334472656,41.2400016784668,12.100000381469727,103.43000030517578,109.70352935791016,32.45302963256836,10.210000038146973,2.180000066757202,190.1199951171875,319.1099853515625,40.45656204223633,173.7255859375,135.19000244140625,612.7745361328125,172.74374389648438,264.2508850097656,106.34027862548828,120.45219421386719,86.93966674804688,23.217531204223633,213.24000549316406,261.26300048828125,326.5503845214844,36.91999816894531,66.01146697998047,55.629241943359375,20.7315616607666,197.6699981689453,806.3260498046875,116.39456939697266,34.68263626098633,102.09510803222656,301.42999267578125,79.20488739013672,308.0060119628906,137.01315307617188,198.41285705566406,155.42410278320312,39.55949020385742,110.11235809326172,33.630001068115234,69.45223236083984,95.7699966430664,7386.31982421875,194.21263122558594,460.05999755859375,17.440000534057617,124.37712860107422,152.84109497070312,216.6459197998047,475.0753173828125,88.12999725341797,273.6733093261719,41.279998779296875,15.880000114440918,59.41999816894531,120.43250274658203,18.644954681396484,113.32014465332031,260.921630859375,10.890000343322754,595.3734130859375,94.0437240600586,40.380001068115234,118.5,115.90257263183594,91.65216064453125,197.874755859375,456.94549560546875,48.3004150390625,71.76202392578125,368.4893798828125,41.647911071777344,100.18000030517578,5.170000076293945,40.70664978027344,760.0259399414062,72.42092895507812,132.30999755859375,114.33485412597656,124.78961944580078,133.82264709472656,253.61048889160156,489.45611572265625,43.66874313354492,352.9042053222656,167.8300018310547,8.470000267028809,307.8500061035156,108.43519592285156
2025-06-13,174.1731414794922,104.83088684082031,70.22184753417969,162.24000549316406,140.04452514648438,126.43822479248047,120.96876525878906,382.8699951171875,185.05137634277344,141.78115844726562,49.028507232666016,295.33740234375,42.69089126586914,69.06404876708984,125.86664581298828,190.03208923339844,558.729736328125,135.5399932861328,391.67999267578125,72.16000366210938,63.65999984741211,20.139999389648438,111.84284210205078,140.40760803222656,91.41838836669922,755.082763671875,478.8599853515625,37.84000015258789,271.3590393066406,123.30487823486328,259.89556884765625,88.8062973022461,15.039999961853027,459.79083251953125,197.73199462890625,252.89028930664062,87.49051666259766,242.7100067138672,526.3555297851562,286.6052551269531,8.3100004196167,984.6671752929688,78.2828598022461,284.02716064453125,100.83000183105469,57.290855407714844,1.2000000476837158,74.0,680.1159057617188,41.560001373291016,100.58993530273438,155.79820251464844,86.0,208.79087829589844,25.40999984741211,143.40451049804688,45.599998474121094,72.5999984741211,107.9190673828125,41.7599983215332,11.399999618530273,100.58000183105469,106.76618194580078,31.632287979125977,9.720000267028809,1.9700000286102295,195.10000610351562,325.30999755859375,40.13084030151367,169.34768676757812,137.39999389648438,601.432861328125,172.62454223632812,255.82562255859375,108.65644836425781,118.76387023925781,86.21135711669922,22.9371280670166,212.10000610351562,253.74159240722656,319.947021484375,38.369998931884766,66.53046417236328,55.54945755004883,21.667695999145508,196.27000427246094,813.6046142578125,119.8043441772461,35.33482360839844,101.0606689453125,301.95001220703125,78.2385025024414,303.19976806640625,137.3015594482422,195.67372131347656,151.52627563476562,39.33244705200195,106.63668823242188,33.52000045776367,67.00885009765625,92.3499984741211,7225.669921875,189.6797637939453,455.45001220703125,17.059999465942383,125.5610122680664,153.27037048339844,210.15797424316406,471.1962890625,86.93000030517578,276.6747131347656,41.36000061035156,15.170000076293945,60.709999084472656,120.15499877929688,18.134403228759766,112.91432189941406,252.75390625,10.449999809265137,588.7171630859375,93.65695190429688,38.81999969482422,116.16000366210938,115.3239517211914,93.84933471679688,213.08218383789062,473.67431640625,46.482234954833984,72.67557525634766,350.0847473144531,42.37419128417969,97.4800033569336,4.920000076293945,40.46940994262695,747.8945922851562,70.80634307861328,130.64999389648438,110.8099365234375,121.66593170166016,133.15750122070312,246.31126403808594,508.74371337890625,43.15004348754883,332.7721862792969,175.1999969482422,10.0,300.0,107.18769073486328
2025-06-16,176.2671661376953,105.9596939086914,71.63956451416016,169.92999267578125,140.1597137451172,127.81497955322266,118.94103240966797,382.25,184.8383026123047,144.49754333496094,49.58787536621094,306.39923095703125,43.052433013916016,68.57781219482422,126.40530395507812,194.75259399414062,565.3306274414062,137.2100067138672,401.7300109863281,73.76000213623047,65.44999694824219,20.739999771118164,114.90471649169922,141.37222290039062,91.6078109741211,769.2021484375,479.4100036621094,38.43000030517578,271.4170837402344,122.85906219482422,265.20233154296875,92.665283203125,15.319999694824219,460.40252685546875,201.0260009765625,243.81739807128906,86.12515258789062,261.57000732421875,519.831298828125,286.935302734375,8.960000038146973,978.8499145507812,78.3409194946289,290.37310791015625,101.94999694824219,57.50853729248047,1.3799999952316284,78.5199966430664,699.8262939453125,43.689998626708984,101.39179229736328,156.3814239501953,87.25,213.32078552246094,26.549999237060547,144.1624298095703,45.93000030517578,76.75,112.03646087646484,41.209999084472656,12.15999984741211,102.79000091552734,107.65929412841797,32.3275032043457,10.170000076293945,2.1600000858306885,186.6699981689453,329.1300048828125,40.169158935546875,175.26431274414062,141.41000366210938,615.4603881835938,176.05218505859375,261.2510681152344,109.00532531738281,120.68556213378906,88.66654205322266,22.806270599365234,216.10000610351562,260.2601318359375,334.13238525390625,41.90999984741211,69.22521209716797,57.25483322143555,21.04360580444336,198.11000061035156,801.9072875976562,119.5586929321289,34.955196380615234,102.79459381103516,305.0199890136719,78.48975372314453,299.6352233886719,138.89263916015625,197.6359405517578,153.63189697265625,39.13920974731445,107.50069427490234,35.040000915527344,70.23014068603516,95.08999633789062,7221.25,193.78463745117188,450.9100036621094,16.6200008392334,129.28038024902344,151.4362030029297,212.960693359375,475.3431701660156,90.25,273.0475769042969,41.58000183105469,16.0,60.75,119.84750366210938,18.84132194519043,111.50363159179688,255.6482696533203,10.84000015258789,594.318359375,93.50819396972656,42.4900016784668,126.38999938964844,119.55382537841797,91.95222473144531,209.00311279296875,454.7935791015625,48.87353515625,71.7037124633789,352.6941223144531,42.2491340637207,99.27999877929688,5.0,41.42825698852539,761.8807983398438,71.57938385009766,131.0399932861328,116.32186889648438,122.22938537597656,132.7466583251953,249.6785888671875,489.8400573730469,43.463218688964844,332.6533203125,175.25,9.640000343322754,300.80999755859375,108.01611328125
2025-06-17,175.44949340820312,104.13280487060547,70.06321716308594,173.02999877929688,142.8663787841797,127.02406311035156,120.35079193115234,375.17999267578125,179.6280517578125,143.9282989501953,49.303287506103516,304.101318359375,42.63226318359375,67.7026138305664,124.36603546142578,191.1062774658203,566.1061401367188,133.3699951171875,382.67999267578125,73.44999694824219,62.77000045776367,20.799999237060547,113.98318481445312,140.30918884277344,90.96977233886719,753.95166015625,475.3999938964844,38.040000915527344,268.14569091796875,122.75999450683594,264.37835693359375,91.92127227783203,14.670000076293945,454.77825927734375,200.98199462890625,246.8581085205078,85.6216049194336,253.85000610351562,506.086669921875,281.5860900878906,9.579999923706055,972.2470092773438,75.74761199951172,288.9815368652344,102.87999725341797,57.904335021972656,1.2999999523162842,73.66999816894531,694.9522094726562,43.11000061035156,97.93932342529297,154.08743286132812,86.01000213623047,211.5602569580078,26.420000076293945,146.15072631835938,34.91999816894531,74.94999694824219,114.19366455078125,43.22999954223633,11.479999542236328,102.52999877929688,104.04717254638672,32.028175354003906,9.65999984741211,2.140000104904175,188.72999572753906,316.3500061035156,40.00629806518555,172.8222198486328,138.1999969482422,612.3137817382812,176.59861755371094,260.1422119140625,110.47836303710938,119.83148956298828,88.72813415527344,22.432397842407227,214.82000732421875,257.95947265625,326.71844482421875,40.099998474121094,69.11542510986328,58.41170120239258,20.877830505371094,202.0500030517578,785.6820068359375,120.07948303222656,35.12067794799805,101.88822174072266,307.30999755859375,77.82295227050781,300.81365966796875,140.33456420898438,194.86691284179688,151.2716522216797,38.815547943115234,102.70935821533203,33.91999816894531,69.8012924194336,89.68000030517578,6992.93017578125,192.29637145996094,441.989990234375,16.670000076293945,129.1126708984375,148.66542053222656,210.26388549804688,474.25189208984375,89.47000122070312,275.01263427734375,43.189998626708984,15.550000190734863,59.779998779296875,123.00749969482422,18.57622718811035,110.91421508789062,253.9532928466797,10.229999542236328,589.2398681640625,93.4685287475586,39.2400016784668,127.0999984741211,120.05262756347656,92.4361801147461,206.1121063232422,466.7510070800781,46.7589111328125,69.8377456665039,355.03564453125,42.64353942871094,98.66999816894531,4.840000152587891,40.89446258544922,758.7264404296875,70.94334411621094,126.55999755859375,116.481689453125,118.542236328125,130.55555725097656,246.97482299804688,496.1905212402344,43.287052154541016,327.9670715332031,143.89999389648438,5.78000020980835,299.0,105.25794982910156
2025-06-18,172.8269805908203,104.18231201171875,67.98124694824219,180.9600067138672,142.23289489746094,129.3968048095703,119.52037811279297,369.0299987792969,179.6377410888672,145.28648376464844,49.283660888671875,304.8274841308594,42.5101203918457,67.30389404296875,124.15442657470703,194.3091278076172,535.5665283203125,132.1699981689453,378.0400085449219,73.81999969482422,62.02000045776367,21.489999771118164,112.45719909667969,139.97454833984375,90.79032897949219,755.7178955078125,473.6199951171875,39.630001068115234,266.5293884277344,121.51168823242188,268.733642578125,91.7322998046875,14.489999771118164,452.6074523925781,196.41600036621094,244.8604736328125,85.82495880126953,295.2900085449219,510.7809753417969,281.17840576171875,9.600000381469727,969.4428100585938,76.72493743896484,292.5443420410156,100.81999969482422,57.647064208984375,1.309999942779541,74.30000305175781,693.4970703125,44.470001220703125,98.35600280761719,153.6013946533203,84.54000091552734,211.1646270751953,27.850000381469727,143.58168029785156,36.380001068115234,78.3499984741211,114.81422424316406,42.15999984741211,11.350000381469727,102.25,104.64256286621094,31.38123893737793,9.9399995803833,2.3499999046325684,190.0399932861328,322.04998779296875,40.082942962646484,171.58132934570312,139.9600067138672,622.7045288085938,180.184814453125,257.32208251953125,109.69339752197266,119.97547912597656,86.55812072753906,22.320234298706055,212.52000427246094,263.278564453125,331.0185546875,44.349998474121094,69.53460693359375,59.030029296875,20.770566940307617,199.77999877929688,779.5156860351562,123.99043273925781,34.896793365478516,101.9374771118164,305.4100036621094,77.72631072998047,299.187255859375,139.74786376953125,195.80319213867188,150.4587860107422,38.916996002197266,101.53115844726562,35.88999938964844,74.74791717529297,90.23999786376953,6979.669921875,192.93838500976562,448.3999938964844,16.989999771118164,129.53689575195312,147.0556640625,209.67724609375,476.4344482421875,90.26000213623047,272.3045959472656,44.43000030517578,15.710000038146973,58.900001525878906,121.29000091552734,17.800580978393555,110.71131134033203,255.27163696289062,10.15999984741211,589.1510009765625,94.30155181884766,39.15999984741211,126.79000091552734,121.52909851074219,90.79072570800781,208.77537536621094,456.2931213378906,46.996070861816406,69.555908203125,337.71246337890625,42.36457824707031,99.0,5.110000133514404,40.70664978027344,748.7377319335938,73.13523864746094,126.54000091552734,118.948974609375,119.88660430908203,130.33059692382812,248.84666442871094,487.0143737792969,44.099361419677734,328.4029846191406,143.6699981689453,6.130000114440918,296.8399963378906,105.25794982910156
2025-06-20,166.16595458984375,104.30607604980469,69.44854736328125,190.0399932861328,143.5382080078125,129.58233642578125,121.00739288330078,369.70001220703125,179.45375061035156,143.65866088867188,49.421051025390625,303.3254089355469,42.221866607666016,66.944091796875,124.15442657470703,195.49169921875,529.84033203125,131.72999572753906,376.9200134277344,74.52999877929688,57.95000076293945,21.079999923706055,111.9815673828125,140.1320037841797,88.90613555908203,750.6476440429688,470.5299987792969,40.36000061035156,261.8062438964844,119.89681243896484,269.7538146972656,89.99193572998047,14.319999694824219,449.8052062988281,194.28199768066406,245.6870880126953,86.4737548828125,308.3800048828125,506.94195556640625,280.8871154785156,9.199999809265137,974.802734375,76.50238037109375,294.6859436035156,99.8499984741211,57.61738586425781,1.2699999809265137,74.2699966430664,680.1209106445312,45.31999969482422,100.66757202148438,154.63174438476562,83.62000274658203,207.21827697753906,30.040000915527344,144.33958435058594,35.849998474121094,78.5,117.58213806152344,43.11000061035156,11.0600004196167,101.20999908447266,107.48066711425781,30.357728958129883,9.5600004196167,2.2200000286102295,189.64999389648438,322.1600036621094,40.0733642578125,168.22593688964844,137.3000030517578,628.1548461914062,184.13412475585938,258.44256591796875,111.15674591064453,119.44415283203125,84.45568084716797,22.404354095458984,209.69000244140625,267.81109619140625,327.4301452636719,45.939998626708984,68.1373291015625,59.129756927490234,20.458518981933594,199.24000549316406,757.372314453125,122.14305114746094,34.88705825805664,101.31681060791016,302.94000244140625,78.29647827148438,294.132568359375,141.52789306640625,200.2057342529297,148.1964569091797,39.02326965332031,104.48646545410156,34.63999938964844,73.31179809570312,86.25,7157.93994140625,192.79246520996094,440.8699951171875,16.760000228881836,129.2014617919922,146.13856506347656,210.38209533691406,473.6169128417969,90.48999786376953,272.5489807128906,44.25,15.649999618530273,57.619998931884766,119.07499694824219,17.672943115234375,111.50363159179688,257.9082946777344,10.180000305175781,587.7673950195312,95.3230209350586,37.20000076293945,128.24000549316406,123.30485534667969,91.65216064453125,203.1320037841797,458.2016296386719,46.64033889770508,69.51703643798828,335.9166564941406,42.79745101928711,99.41999816894531,5.03000020980835,39.75768280029297,754.996826171875,73.78107452392578,127.04000091552734,118.4095687866211,122.77305603027344,129.70458984375,248.171630859375,490.017333984375,44.52997970581055,330.4141845703125,145.0,6.230000019073486,295.3999938964844,105.74525451660156
2025-06-23,164.72010803222656,106.37351989746094,71.39171600341797,192.25,140.9563446044922,130.84193420410156,117.79197692871094,367.17999267578125,177.96231079101562,143.97824096679688,50.043392181396484,313.56158447265625,42.69230270385742,67.81930541992188,124.17365264892578,198.71426391601562,539.1652221679688,130.52999877929688,380.1199951171875,75.44000244140625,55.11000061035156,21.190000534057617,112.06083679199219,142.02955627441406,89.8930892944336,773.6571655273438,470.9800109863281,41.13999938964844,264.40008544921875,121.22438049316406,272.96142578125,91.10577392578125,14.180000305175781,453.6435241699219,196.0800018310547,247.1041259765625,87.8003921508789,307.5899963378906,509.1300354003906,264.489990234375,9.229999542236328,998.8572998046875,77.5667953491211,295.7123718261719,103.1500015258789,58.834442138671875,1.190000057220459,76.97000122070312,696.248046875,40.88999938964844,104.02084350585938,156.52720642089844,84.2300033569336,208.01942443847656,32.779998779296875,143.5226287841797,34.560001373291016,76.3499984741211,116.25234985351562,43.630001068115234,10.789999961853027,101.94999694824219,111.6187515258789,30.502565383911133,9.270000457763672,2.0999999046325684,191.22999572753906,348.67999267578125,40.658199310302734,170.7077178955078,139.9199981689453,634.1149291992188,185.5765380859375,261.19927978515625,108.2881851196289,120.80602264404297,85.07965850830078,22.460439682006836,208.47000122070312,269.0793762207031,329.13043212890625,50.20000076293945,69.58451843261719,60.21681213378906,20.224483489990234,203.32000732421875,765.2267456054688,123.80371856689453,32.833160400390625,102.59968566894531,310.4599914550781,79.20333099365234,292.8372802734375,141.26934814453125,200.7037811279297,149.97889709472656,39.517974853515625,108.61997985839844,35.33000183105469,70.58916473388672,91.94999694824219,7339.169921875,195.8954315185547,443.5400085449219,16.709999084472656,131.29299926757812,147.63128662109375,211.54783630371094,482.1488342285156,90.61000061035156,276.0098876953125,45.54999923706055,14.9399995803833,56.20000076293945,122.95249938964844,17.761308670043945,113.0206069946289,261.79388427734375,10.0,593.5730590820312,97.05851745605469,36.5,129.5800018310547,121.78848266601562,88.76776885986328,204.9833984375,460.0517272949219,47.67788314819336,68.73954772949219,341.0560607910156,41.71517562866211,98.66000366210938,4.829999923706055,40.46940994262695,756.3953857421875,75.35650634765625,124.76000213623047,116.41175842285156,127.18183135986328,129.8913116455078,251.92413330078125,491.9569091796875,45.312923431396484,340.58917236328125,144.6699981689453,6.239999771118164,293.55999755859375,103.49391174316406
2025-06-24,166.2956085205078,106.96393585205078,72.9482421875,192.17999267578125,137.7794189453125,132.69712829589844,116.52706146240234,377.0199890136719,179.69586181640625,147.70326232910156,50.791778564453125,318.9830627441406,43.045860290527344,68.27635955810547,126.05902099609375,203.36578369140625,554.256103515625,132.14999389648438,382.3399963378906,79.3499984741211,60.709999084472656,22.549999237060547,115.9451675415039,143.2143096923828,88.29800415039062,807.0357055664062,478.9800109863281,40.86000061035156,271.9687805175781,119.3717269897461,275.8944091796875,95.10365295410156,14.880000114440918,457.0082092285156,199.26400756835938,242.7152557373047,88.013427734375,344.82000732421875,519.423583984375,269.3926086425781,9.569999694824219,996.3115844726562,77.72161865234375,304.3479309082031,104.41999816894531,57.47885513305664,1.2000000476837158,79.0199966430664,709.8733520507812,42.84000015258789,104.65577697753906,155.8759765625,86.68000030517578,217.6825408935547,33.459999084472656,139.624755859375,38.380001068115234,82.01000213623047,118.78385925292969,40.77000045776367,11.5,107.16000366210938,112.43246459960938,31.458486557006836,10.020000457763672,2.25,193.27999877929688,340.4700012207031,40.85152816772461,178.86785888671875,143.22999572753906,649.0443725585938,185.19850158691406,268.8941650390625,104.99320983886719,122.97463989257812,88.33367919921875,22.722148895263672,212.77000427246094,275.7552490234375,339.3221740722656,53.220001220703125,72.19941711425781,61.90224075317383,20.877830505371094,201.69000244140625,772.6146240234375,125.97537231445312,32.609275817871094,103.92304229736328,308.4599914550781,79.13521575927734,297.6484375,141.5179443359375,199.50851440429688,152.495849609375,39.688228607177734,109.66072082519531,35.849998474121094,75.00721740722656,94.97000122070312,7277.58984375,200.19483947753906,450.2699890136719,17.149999618530273,134.47962951660156,148.48007202148438,217.4503173828125,486.2262268066406,91.5199966430664,274.76824951171875,46.779998779296875,14.970000267028809,57.2599983215332,121.34500122070312,18.11476707458496,113.00127410888672,266.3734130859375,10.34000015258789,600.13037109375,97.18743896484375,43.2400016784668,138.42999267578125,127.60456085205078,86.52220153808594,213.1316680908203,448.11370849609375,48.97235870361328,69.39069366455078,348.87432861328125,41.172096252441406,98.52999877929688,5.21999979019165,41.52710723876953,752.90380859375,76.4328842163086,126.30999755859375,122.18540954589844,128.1406707763672,131.48348999023438,261.8514099121094,476.5287780761719,45.665252685546875,342.4914245605469,151.17999267578125,7.199999809265137,296.79998779296875,104.47826385498047
2025-06-25,170.1944580078125,105.70372009277344,72.44261169433594,181.17999267578125,137.4722900390625,134.47425842285156,115.69666290283203,388.6700134277344,179.5408935546875,154.10476684570312,50.62437438964844,313.491943359375,42.63337707519531,67.71233367919922,123.14441680908203,205.01153564453125,546.4720458984375,129.6699981689453,387.54998779296875,79.43000030517578,55.56999969482422,22.200000762939453,113.50755310058594,141.95059204101562,89.02576446533203,808.9010009765625,487.2699890136719,38.11000061035156,272.9366455078125,118.66831970214844,278.6409606933594,95.49150085449219,14.979999542236328,454.08758544921875,201.03199768066406,243.91580200195312,87.5389404296875,355.3699951171875,517.454345703125,272.1691589355469,9.5600004196167,981.017578125,77.09263610839844,304.5552062988281,103.69000244140625,57.44916915893555,1.2200000286102295,76.7300033569336,706.3648681640625,46.61000061035156,102.74104309082031,154.5248260498047,86.6500015258789,220.30357360839844,32.349998474121094,139.16212463378906,38.11000061035156,82.75,118.65581512451172,42.33000183105469,11.09000015258789,107.13999938964844,110.45770263671875,31.80609130859375,10.0,2.190000057220459,234.94000244140625,327.54998779296875,39.855857849121094,181.73681640625,142.89999389648438,656.6511840820312,185.3477325439453,265.51275634765625,105.02229309082031,124.02412414550781,88.77384185791016,22.6754150390625,211.99000549316406,279.5601501464844,338.422607421875,49.970001220703125,71.29119110107422,62.380943298339844,21.004600524902344,204.3000030517578,786.7345581054688,125.98521423339844,32.29777908325195,103.90328979492188,311.9800109863281,78.07463073730469,294.142333984375,140.07601928710938,200.76353454589844,152.71128845214844,39.158016204833984,107.77559661865234,36.9900016784668,75.72528076171875,96.30999755859375,7193.18017578125,199.7765655517578,445.82000732421875,16.760000228881836,137.40545654296875,148.56787109375,217.57408142089844,488.3691101074219,93.2300033569336,279.5196228027344,47.65999984741211,14.180000305175781,57.560001373291016,123.52249908447266,17.996946334838867,112.03504180908203,263.65740966796875,10.039999961853027,600.4666748046875,96.45357513427734,38.65999984741211,143.39999389648438,126.9461441040039,86.14470672607422,208.6268768310547,446.35125732421875,47.737178802490234,68.36051177978516,342.55426025390625,40.9926872253418,98.20999908447266,5.159999847412109,41.13170623779297,751.7432861328125,77.37226867675781,127.30999755859375,121.50614929199219,125.82756805419922,131.6014404296875,262.7250061035156,479.4037170410156,45.851200103759766,340.4405822753906,152.6999969482422,7.28000020980835,297.5299987792969,103.24050903320312
2025-06-26,173.0463409423828,106.6761703491211,72.541748046875,174.9600067138672,138.63363647460938,136.45639038085938,116.96157836914062,386.44000244140625,180.89671325683594,154.8137969970703,50.99856948852539,320.82342529296875,43.10478591918945,67.5567398071289,123.3367919921875,207.45555114746094,542.6049194335938,133.72000122070312,384.95001220703125,81.51000213623047,55.849998474121094,22.5,112.89319610595703,143.49073791503906,89.97284698486328,791.8844604492188,495.70001220703125,41.119998931884766,273.9045104980469,121.90797424316406,283.24151611328125,96.30699157714844,15.270000457763672,458.29095458984375,202.28799438476562,242.86288452148438,87.49051666259766,375.07000732421875,518.1605224609375,270.96533203125,9.609999656677246,977.4078979492188,76.27982330322266,307.3482360839844,103.86000061035156,58.56728744506836,1.2899999618530273,77.55000305175781,723.718017578125,49.27000045776367,103.61408996582031,154.1943359375,86.45999908447266,221.55966186523438,36.13999938964844,140.431884765625,43.0,84.5199966430664,124.0931396484375,41.33000183105469,11.109999656677246,105.75,112.95841979980469,32.115074157714844,10.510000228881836,2.119999885559082,272.3699951171875,325.7799987792969,39.60452651977539,182.1835479736328,144.25,673.6000366210938,189.4064483642578,268.46771240234375,106.59224700927734,124.879638671875,89.71576690673828,22.656719207763672,217.1199951171875,290.9160461425781,344.14617919921875,50.619998931884766,74.31529998779297,63.33834457397461,21.36540412902832,202.33999633789062,789.5347900390625,128.3435516357422,32.93050003051758,105.10813903808594,313.8500061035156,78.00652313232422,294.7266845703125,141.08041381835938,200.2057342529297,154.92465209960938,39.483924865722656,107.81487274169922,36.939998626708984,79.75438690185547,101.58999633789062,7280.43994140625,200.68118286132812,443.3999938964844,17.139999389648438,139.53787231445312,148.304443359375,221.96295166015625,493.5080871582031,94.16000366210938,284.877197265625,46.70000076293945,14.0600004196167,58.58000183105469,126.30500030517578,18.104949951171875,112.32492065429688,267.2555847167969,11.359999656677246,605.1646118164062,95.22384643554688,38.2400016784668,143.67999267578125,125.69912719726562,87.97407531738281,210.7060089111328,445.8741455078125,48.389347076416016,68.99223327636719,343.3182067871094,41.57940673828125,98.12999725341797,5.400000095367432,43.94894790649414,766.6221923828125,78.24317169189453,126.91999816894531,123.66378021240234,125.68917083740234,131.91595458984375,268.204833984375,486.0396728515625,46.44819641113281,338.7067565917969,155.6300048828125,7.75,303.69000244140625,104.88761138916016
2025-06-27,178.0221405029297,108.4523696899414,73.0077133178711,168.64999389648438,138.00975036621094,137.37425231933594,116.64292907714844,383.8800048828125,176.55807495117188,157.54017639160156,51.14627456665039,318.4956359863281,43.1588020324707,68.39305877685547,126.04937744140625,207.9483184814453,547.0885009765625,134.52000427246094,385.8299865722656,82.12000274658203,55.2599983215332,22.690000534057617,113.04183197021484,144.92227172851562,87.06181335449219,789.7611083984375,502.6300048828125,40.25,273.275390625,115.04228973388672,281.6327819824219,96.66500091552734,15.029999732971191,457.6298828125,204.48399353027344,243.0399932861328,88.02311706542969,353.42999267578125,518.1605224609375,269.04315185546875,9.5600004196167,979.6255493164062,76.54108428955078,313.04278564453125,103.11000061035156,56.16284942626953,1.2899999618530273,79.18000030517578,731.2333984375,47.58000183105469,104.68553924560547,155.3899383544922,86.12999725341797,226.06979370117188,35.380001068115234,142.39065551757812,40.880001068115234,83.02999877929688,122.13294219970703,45.84000015258789,11.069999694824219,105.13999938964844,113.4248046875,31.931617736816406,10.550000190734863,2.2799999713897705,278.07000732421875,323.6300048828125,39.7495231628418,181.8758087158203,130.74000549316406,677.177978515625,194.022216796875,271.1252746582031,106.00109100341797,124.73042297363281,88.4171371459961,22.6099853515625,223.3000030517578,304.30706787109375,349.1778259277344,49.36000061035156,73.12760925292969,63.11894989013672,20.634044647216797,200.57000732421875,770.0029907226562,129.14932250976562,33.105709075927734,106.34261322021484,315.32000732421875,78.37626647949219,301.04736328125,142.39305114746094,200.28543090820312,155.26742553710938,39.5617561340332,108.20761108398438,35.93000030517578,76.95196533203125,99.38999938964844,7375.509765625,201.43019104003906,441.29998779296875,16.799999237060547,140.28170776367188,148.6947021484375,225.81558227539062,492.0100402832031,94.79000091552734,284.2416687011719,47.4900016784668,14.020000457763672,58.31999969482422,124.8324966430664,18.20313262939453,112.97229766845703,271.0718078613281,10.960000038146973,608.1712646484375,96.4634780883789,38.20000076293945,143.80999755859375,124.46208953857422,87.27716827392578,208.15164184570312,446.5460205078125,49.00199508666992,68.8950424194336,345.8779602050781,41.3612060546875,98.43000030517578,5.03000020980835,43.36573028564453,770.30224609375,77.79303741455078,126.08000183105469,127.02008819580078,127.21148681640625,131.63092041015625,267.3908386230469,486.3744201660156,46.11544418334961,342.52117919921875,152.13999938964844,7.429999828338623,305.20001220703125,107.86016845703125
2025-06-30,175.72869873046875,107.82722473144531,73.681884765625,183.17999267578125,137.4338836669922,137.54025268554688,115.49388885498047,404.2300109863281,179.7636260986328,157.7798614501953,51.5697021484375,321.07208251953125,43.11951446533203,68.80148315429688,127.01129913330078,209.67291259765625,558.6401977539062,132.33999633789062,386.8800048828125,81.33000183105469,55.9900016784668,22.399999618530273,112.3779296875,145.6429901123047,89.52423095703125,795.1587524414062,512.6799926757812,42.970001220703125,272.99468994140625,117.82621002197266,284.37939453125,96.80423736572266,15.680000305175781,462.9482421875,205.61599731445312,246.83840942382812,88.9236831665039,350.489990234375,522.1387329101562,271.0624084472656,9.380000114440918,984.398681640625,76.5991439819336,314.8094177246094,105.72000122070312,57.647064208984375,1.2400000095367432,79.62999725341797,735.6788330078125,49.0099983215332,104.62602233886719,154.8650360107422,85.76000213623047,224.01254272460938,35.77000045776367,143.7293243408203,39.650001525878906,93.62999725341797,120.76376342773438,46.45000076293945,11.859999656677246,104.66000366210938,113.25611114501953,31.51641845703125,11.300000190734863,2.200000047683716,284.95001220703125,317.6600036621094,40.03952407836914,181.73681640625,136.32000732421875,693.7837524414062,192.7986602783203,270.4013671875,104.46990203857422,125.95398712158203,89.00038146972656,22.656719207763672,219.38999938964844,307.87603759765625,352.8946228027344,46.72999954223633,74.08575439453125,63.817054748535156,21.628692626953125,204.63999938964844,774.0543823242188,127.82703399658203,32.90129470825195,107.18205261230469,313.94000244140625,78.78494262695312,303.83282470703125,143.25820922851562,204.35926818847656,155.97254943847656,39.722286224365234,108.60034942626953,36.790000915527344,77.19131469726562,102.30999755859375,7385.66015625,201.9554443359375,445.20001220703125,17.010000228881836,143.14805603027344,149.02642822265625,229.6277313232422,493.4683837890625,95.41000366210938,285.1410827636719,48.63999938964844,14.640000343322754,54.369998931884766,127.32749938964844,17.417667388916016,114.01583099365234,270.8141174316406,10.869999885559082,611.0791015625,96.9692611694336,39.560001373291016,141.89999389648438,122.9556884765625,86.86096954345703,216.4582977294922,450.9765319824219,48.596858978271484,67.46641540527344,352.2674865722656,41.12360763549805,99.97000122070312,5.059999942779541,42.85170364379883,781.2730102539062,78.39973449707031,125.58999633789062,128.26870727539062,127.43882751464844,132.47616577148438,273.64495849609375,492.2621154785156,46.31118392944336,340.1829528808594,165.5399932861328,8.180000305175781,308.1499938964844,108.05509185791016
2025-07-01,175.3397979736328,108.28864288330078,74.64354705810547,168.7100067138672,139.7182159423828,137.7452850341797,117.01951599121094,373.29998779296875,183.9957733154297,153.09609985351562,51.85527420043945,306.3097229003906,44.23421096801758,69.69615173339844,130.10867309570312,212.0577850341797,561.2944946289062,135.41000366210938,392.1000061035156,80.11000061035156,51.7400016784668,22.850000381469727,112.93283081054688,146.12677001953125,89.10551452636719,784.3236083984375,521.780029296875,40.099998474121094,278.0597229003906,116.8652114868164,284.8698425292969,96.27715301513672,15.699999809265137,470.417724609375,202.3780059814453,248.15704345703125,89.3788070678711,335.3299865722656,531.9946899414062,282.0423889160156,9.880000114440918,980.44091796875,79.16341400146484,318.3129577636719,102.43000030517578,58.21107482910156,1.2899999618530273,80.05000305175781,716.8704223632812,47.20000076293945,109.07060241699219,156.7119140625,86.04000091552734,222.22235107421875,34.33000183105469,141.92803955078125,40.90999984741211,92.33000183105469,119.90679168701172,43.06999969482422,11.329999923706055,105.48999786376953,117.07662963867188,31.574356079101562,11.270000457763672,2.25,252.39999389648438,300.7099914550781,40.31019592285156,182.4217987060547,130.67999267578125,692.519287109375,184.13412475585938,269.6279602050781,105.86540985107422,124.82989501953125,89.30939483642578,23.404470443725586,220.4600067138672,309.8031311035156,350.9670104980469,45.11000061035156,71.53072357177734,63.66746139526367,21.911481857299805,197.5800018310547,770.4498901367188,132.33660888671875,34.264076232910156,106.42162322998047,307.32000732421875,79.7676773071289,317.6332092285156,139.5887451171875,206.99879455566406,156.1096649169922,39.858482360839844,113.39167785644531,36.75,76.03443908691406,98.91000366210938,7667.85009765625,204.70823669433594,452.1600036621094,17.530000686645508,143.85223388671875,152.11912536621094,227.3069610595703,488.15081787109375,98.1500015258789,287.80035400390625,48.5099983215332,14.819999694824219,57.52000045776367,123.01750183105469,17.43730354309082,114.85646057128906,275.6315002441406,10.649999618530273,610.8812866210938,97.42544555664062,36.119998931884766,136.11000061035156,120.601318359375,89.03878021240234,216.7850341796875,453.7029724121094,48.41899871826172,71.00397491455078,352.6842346191406,41.438785552978516,98.55000305175781,5.130000114440918,43.54365921020508,773.3176879882812,79.74031829833984,130.07000732421875,122.40516662597656,132.36160278320312,134.3632049560547,262.8143310546875,495.75732421875,47.12348556518555,352.0124816894531,162.9600067138672,9.039999961853027,309.4599914550781,108.89326477050781
2025-07-02,178.1318359375,109.15689849853516,75.65479278564453,176.4600067138672,142.0313262939453,139.4931182861328,118.6513442993164,402.2799987792969,184.73178100585938,157.04083251953125,51.81588363647461,305.0264587402344,44.897132873535156,68.95709228515625,131.28219604492188,215.6351318359375,558.22265625,135.38999938964844,378.4700012207031,79.5199966430664,51.33000183105469,21.8799991607666,109.70249938964844,146.2748565673828,89.4145736694336,793.372802734375,523.1099853515625,44.75,282.7643737792969,117.59834289550781,286.4295349121094,98.2860336303711,17.799999237060547,470.8321838378906,201.95199584960938,249.51502990722656,88.26521301269531,354.45001220703125,544.7547607421875,288.1877136230469,10.729999542236328,976.861083984375,79.72465515136719,321.3526916503906,102.20999908447266,59.428131103515625,1.4900000095367432,81.01000213623047,711.2388916015625,48.7400016784668,110.45952606201172,156.69247436523438,86.44000244140625,231.04478454589844,35.68000030517578,142.2528533935547,40.970001220703125,97.9800033569336,121.63058471679688,43.279998779296875,13.079999923706055,103.97000122070312,119.33917236328125,31.35227394104004,12.199999809265137,2.559999942779541,246.25,315.6499938964844,40.38752746582031,188.62628173828125,132.1199951171875,701.76318359375,186.04408264160156,266.9505920410156,107.61949920654297,126.14798736572266,91.52014923095703,23.66617774963379,219.9199981689453,320.6181945800781,354.0809020996094,45.709999084472656,71.52074432373047,65.60221862792969,22.165019989013672,196.97000122070312,773.80615234375,137.0238037109375,34.955196380615234,106.11547088623047,309.3299865722656,80.00120544433594,299.5378112792969,139.98654174804688,211.6005401611328,158.9694061279297,39.51311111450195,113.21495056152344,37.68000030517578,74.0498046875,101.12999725341797,7768.509765625,209.7080078125,457.0299987792969,19.8799991607666,150.69573974609375,151.7678985595703,226.15789794921875,487.198486328125,100.33999633789062,287.35064697265625,51.66999816894531,15.979999542236328,61.040000915527344,124.0250015258789,17.329301834106445,113.1075668334961,275.0863342285156,10.710000038146973,613.6505737304688,96.80066680908203,35.209999084472656,138.52000427246094,121.44929504394531,91.4101791381836,227.69554138183594,450.4019775390625,49.53559494018555,70.96510314941406,351.44403076171875,42.15157699584961,98.13999938964844,5.210000038146973,45.243892669677734,767.4554443359375,80.59163665771484,133.19000244140625,124.19319915771484,134.05197143554688,133.036376953125,267.9367980957031,491.1987609863281,47.671546936035156,349.2483215332031,170.52000427246094,8.989999771118164,310.95001220703125,108.67884063720703
2025-07-03,179.01931762695312,109.75227355957031,75.9323959350586,175.64999389648438,142.40565490722656,140.74295043945312,118.91206359863281,403.989990234375,183.3081817626953,159.1280517578125,52.377174377441406,310.2489929199219,44.867671966552734,69.38496398925781,130.22410583496094,217.7046661376953,565.8972778320312,136.49000549316406,379.30999755859375,81.37999725341797,53.720001220703125,22.489999771118164,107.71078491210938,147.51881408691406,90.28189086914062,788.3223876953125,548.739990234375,44.38999938964844,284.2643737792969,118.94570922851562,291.75201416015625,98.2661361694336,17.65999984741211,469.26324462890625,208.93800354003906,251.65042114257812,88.61380767822266,355.79998779296875,544.3768310546875,289.5370788574219,10.739999771118164,981.4950561523438,78.31188201904297,324.6573486328125,105.66000366210938,59.26981735229492,1.600000023841858,82.36000061035156,716.6611328125,48.560001373291016,108.49517822265625,156.3328094482422,86.3499984741211,232.23162841796875,35.65999984741211,143.46356201171875,42.56999969482422,94.4000015258789,123.34452819824219,44.65999984741211,13.449999809265137,103.58999633789062,116.88809204101562,30.966041564941406,12.170000076293945,2.569999933242798,246.22999572753906,315.3500061035156,40.4068603515625,189.65870666503906,134.36000061035156,709.3993530273438,191.1970672607422,269.86590576171875,108.73397827148438,127.80925750732422,91.86591339111328,23.722259521484375,223.41000366210938,328.8573303222656,358.0646667480469,45.599998474121094,73.30725860595703,65.90140533447266,22.272287368774414,201.82000732421875,775.1863403320312,136.04690551757812,34.702110290527344,106.69813537597656,314.7699890136719,79.9622802734375,300.5019836425781,142.11460876464844,212.70616149902344,158.86167907714844,39.809837341308594,108.5901107788086,38.16999816894531,74.97730255126953,102.5199966430664,7623.240234375,210.1262664794922,459.6199951171875,20.010000228881836,148.21620178222656,152.2069549560547,226.7544403076172,494.8870849609375,100.80000305175781,289.6500549316406,52.16999816894531,16.790000915527344,66.30999755859375,128.52499389648438,17.348939895629883,113.34912872314453,277.5743103027344,10.789999961853027,618.4869995117188,97.54444885253906,35.880001068115234,137.91000366210938,121.99797821044922,90.67456817626953,234.96266174316406,450.3727722167969,50.25693893432617,71.8009033203125,356.0476379394531,42.200069427490234,99.11000061035156,5.269999980926514,45.27354049682617,774.3394775390625,81.80500793457031,132.8699951171875,127.69932556152344,130.3845672607422,133.17398071289062,273.1783752441406,496.4169921875,47.88685989379883,350.72454833984375,185.02999877929688,10.5,326.80999755859375,108.9127426147461
2025-07-07,176.28709411621094,108.35810852050781,75.52590942382812,183.64999389648438,141.47463989257812,140.35238647460938,115.49388885498047,395.6700134277344,181.71023559570312,158.02952575683594,51.87496566772461,316.585693359375,44.435543060302734,69.05432891845703,129.32952880859375,214.9650115966797,561.801513671875,137.0,376.92999267578125,80.12999725341797,55.939998626708984,22.0,105.30290222167969,147.00543212890625,92.32559967041016,778.9855346679688,536.52001953125,45.20000076293945,281.517578125,121.01631927490234,287.7798767089844,97.5998306274414,16.75,463.3528137207031,207.0019989013672,252.33924865722656,88.75906372070312,357.1000061035156,535.1771850585938,284.4014892578125,10.25,986.6261596679688,78.2828598022461,319.3144836425781,106.6500015258789,59.52708053588867,1.4700000286102295,81.11000061035156,716.0032348632812,47.11000061035156,107.28483581542969,156.01205444335938,89.79000091552734,226.66323852539062,38.880001068115234,143.6309051513672,42.459999084472656,93.45999908447266,122.90126037597656,44.779998779296875,13.75,105.25,115.41941833496094,30.917762756347656,11.550000190734863,2.5399999618530273,240.74000549316406,293.94000244140625,40.09752655029297,189.3906707763672,139.1199951171875,696.9010009765625,192.68922424316406,267.53564453125,107.67764282226562,126.79458618164062,90.67757415771484,23.591405868530273,223.47000122070312,323.32196044921875,354.3774719238281,45.689998626708984,75.04388427734375,65.04373931884766,21.969995498657227,201.4199981689453,767.441162109375,135.1390838623047,34.020721435546875,105.67105865478516,315.45001220703125,79.8941650390625,295.7882385253906,142.9897003173828,209.120361328125,154.8267059326172,39.89253616333008,107.70260620117188,35.59000015258789,71.35708618164062,101.47000122070312,7575.0,207.58749389648438,459.4100036621094,19.18000030517578,147.1748046875,151.4849853515625,230.68597412109375,493.7759094238281,97.1500015258789,289.54193115234375,51.189998626708984,16.760000228881836,66.44999694824219,126.36499786376953,17.722034454345703,113.32980346679688,275.9586181640625,10.40999984741211,613.8780517578125,98.5262451171875,36.70000076293945,134.8000030517578,119.74625396728516,89.58081817626953,229.95289611816406,456.7409973144531,49.407135009765625,72.64641571044922,353.8450622558594,41.79275894165039,97.4000015258789,4.929999828338623,44.61124801635742,777.285400390625,80.57205963134766,130.1300048828125,126.1210708618164,129.46527099609375,132.0535430908203,272.1856689453125,500.0795593261719,47.62261962890625,343.0858459472656,177.05999755859375,11.109999656677246,320.29998779296875,108.94198608398438
2025-07-08,173.864013671875,107.990966796875,74.38578033447266,173.85000610351562,147.0799102783203,137.8038787841797,119.68453979492188,396.94000244140625,183.78269958496094,159.7871856689453,51.412147521972656,311.2039489746094,44.798927307128906,68.30553436279297,129.89706420898438,214.34414672851562,559.1373291015625,136.99000549316406,382.239990234375,78.66000366210938,53.52000045776367,23.59000015258789,107.00724792480469,146.96597290039062,86.45368194580078,787.9254150390625,551.510009765625,44.970001220703125,284.7611389160156,115.06210327148438,278.72174072265625,99.28053283691406,17.520000457763672,463.70806884765625,204.5959930419922,252.98870849609375,88.3717269897461,354.82000732421875,544.7646484375,288.33331298828125,11.119999885559082,980.3215942382812,78.73765563964844,313.6253356933594,107.54000091552734,57.00390625,1.5,81.20999908447266,718.315673828125,49.11000061035156,108.01897430419922,153.47500610351562,90.27999877929688,225.36756896972656,38.7400016784668,142.63673400878906,40.939998626708984,91.2699966430664,122.5269546508789,44.34000015258789,13.380000114440918,106.30999755859375,116.10413360595703,31.574356079101562,11.569999694824219,2.859999895095825,237.07000732421875,297.80999755859375,40.03952407836914,193.57000732421875,139.7100067138672,683.5204467773438,189.18759155273438,271.3533630371094,110.6624984741211,127.47600555419922,91.33334350585938,23.946584701538086,219.36000061035156,324.6492614746094,352.884765625,45.459999084472656,71.80020141601562,63.84696960449219,21.755460739135742,203.99000549316406,772.1974487304688,137.88229370117188,35.568443298339844,105.45378112792969,312.44000244140625,79.15467071533203,299.6741638183594,136.60543823242188,209.18014526367188,156.15863037109375,39.469329833984375,108.88594055175781,36.97999954223633,71.75601196289062,103.38999938964844,7518.3701171875,210.71963500976562,466.3599853515625,20.299999237060547,143.28692626953125,151.99229431152344,226.61680603027344,492.68463134765625,99.2699966430664,291.5072937011719,54.81999969482422,15.989999771118164,63.939998626708984,126.92749786376953,17.722034454345703,112.38288879394531,277.5049133300781,10.680000305175781,613.5418090820312,96.28497314453125,35.08000183105469,137.82000732421875,124.23973083496094,92.71687316894531,232.170654296875,450.84991455078125,49.92097091674805,70.42086029052734,351.77142333984375,42.917701721191406,97.52999877929688,5.360000133514404,45.73814010620117,775.172607421875,79.8381576538086,134.4600067138672,125.75148010253906,129.8606719970703,132.653076171875,269.8229675292969,497.05694580078125,46.144805908203125,342.79852294921875,165.47999572753906,9.84000015258789,323.2799987792969,108.24027252197266
2025-07-09,176.11756896972656,108.6309814453125,74.18750762939453,179.3699951171875,146.8687286376953,138.2139892578125,117.69541931152344,415.4100036621094,184.60589599609375,162.66334533691406,51.599246978759766,315.4516296386719,45.06900405883789,67.56646728515625,129.35838317871094,214.866455078125,562.5517578125,136.85000610351562,373.3800048828125,79.33000183105469,53.93000030517578,23.440000534057617,102.8851089477539,147.9927215576172,88.56716918945312,793.6109008789062,550.9500122070312,45.560001373291016,286.6020812988281,116.59771728515625,279.0963134765625,99.26063537597656,18.459999084472656,465.010498046875,202.74200439453125,254.91744995117188,89.049560546875,373.8500061035156,549.568359375,287.8672790527344,12.130000114440918,976.5926513671875,81.00194549560547,313.9914245605469,107.6500015258789,58.13191604614258,1.4800000190734863,80.18000030517578,730.3861694335938,50.02000045776367,112.87030792236328,153.11538696289062,88.66000366210938,229.3040008544922,39.13999938964844,143.88681030273438,42.849998474121094,94.54000091552734,124.73340606689453,46.02000045776367,13.510000228881836,105.0,120.46051788330078,30.51222038269043,12.239999771118164,3.0799999237060547,236.77000427246094,295.8800048828125,40.02019500732422,193.96710205078125,143.1300048828125,682.8145751953125,195.98193359375,268.646240234375,110.28455352783203,128.2419891357422,91.72681427001953,23.890504837036133,222.5399932861328,327.962646484375,355.6526184082031,42.5,71.41095733642578,64.46530151367188,22.41855812072754,206.05999755859375,781.3923950195312,137.85269165039062,35.286155700683594,105.73031616210938,316.5,78.63897705078125,295.0091247558594,136.7943878173828,210.30567932128906,156.06069946289062,39.839027404785156,113.75730895996094,39.119998931884766,72.06517028808594,106.27999877929688,7700.93017578125,210.48617553710938,478.9700012207031,21.459999084472656,140.84706115722656,152.4703826904297,224.82040405273438,499.52008056640625,97.44000244140625,294.7598571777344,60.08000183105469,16.389999389648438,63.91999816894531,128.37750244140625,17.928218841552734,113.21385192871094,276.74169921875,10.859999656677246,617.2210083007812,96.0073013305664,35.459999084472656,138.41000366210938,122.0628890991211,91.49729919433594,233.46763610839844,450.8985900878906,50.09883499145508,71.57737731933594,354.9562683105469,42.699501037597656,99.1500015258789,5.590000152587891,45.06595230102539,763.3786010742188,80.03388214111328,133.02000427246094,128.22874450683594,136.81982421875,133.16415405273438,275.8786315917969,500.0992736816406,45.84141540527344,348.28729248046875,165.99000549316406,10.505000114440918,322.9100036621094,110.36491394042969
2025-07-10,177.11471557617188,109.83164978027344,75.05003356933594,197.4600067138672,147.9724884033203,139.71768188476562,117.54093170166016,421.739990234375,188.8477020263672,163.88174438476562,51.904510498046875,311.9798889160156,45.30961990356445,67.84848022460938,130.8974609375,217.53712463378906,560.9689331054688,137.0,371.42999267578125,78.44999694824219,55.45000076293945,23.81999969482422,105.6695327758789,148.822021484375,89.61394500732422,795.8533325195312,566.1900024414062,45.93000030517578,286.4656982421875,117.05345153808594,284.0540771484375,100.5037612915039,19.0,464.0928649902344,193.6179962158203,255.9507293701172,90.30841827392578,388.9599914550781,556.709228515625,291.6049499511719,12.15999984741211,964.7392578125,81.30191802978516,321.7978820800781,100.19999694824219,59.15107727050781,1.5,91.66999816894531,724.8642578125,50.36000061035156,114.26915740966797,154.05824279785156,88.44000244140625,227.2467803955078,39.099998474121094,144.10336303710938,42.970001220703125,98.69999694824219,125.99423217773438,46.27000045776367,13.029999732971191,104.97000122070312,121.69102478027344,30.145299911499023,12.59000015258789,3.059999942779541,237.57000732421875,309.8699951171875,40.22319412231445,196.58787536621094,142.5,695.1267700195312,194.75836181640625,261.7545471191406,111.379638671875,127.81920623779297,92.26732635498047,24.096134185791016,222.25999450683594,335.62164306640625,353.5372009277344,43.970001220703125,70.682373046875,64.88416290283203,23.325443267822266,192.07000732421875,785.09619140625,141.41494750976562,35.67552185058594,105.37477111816406,296.17999267578125,78.92115783691406,291.6978454589844,135.69056701660156,211.57064819335938,155.80606079101562,40.16493225097656,114.82230377197266,38.470001220703125,73.1622085571289,106.29000091552734,7689.72021484375,213.66696166992188,479.5299987792969,22.030000686645508,143.31666564941406,153.8459930419922,226.82225036621094,497.5061340332031,100.05000305175781,298.12060546875,59.0,16.010000228881836,62.619998931884766,121.77749633789062,19.09659767150879,114.18009185791016,279.82440185546875,11.180000305175781,618.9617309570312,94.07347106933594,36.02000045776367,144.16000366210938,122.93162536621094,92.31034851074219,233.1600799560547,452.1157531738281,56.10673904418945,72.53951263427734,353.09100341796875,43.02438735961914,94.41000366210938,5.715000152587891,46.667335510253906,742.8674926757812,80.59163665771484,135.3300018310547,120.58716583251953,138.01589965820312,133.97991943359375,273.39678955078125,505.9377136230469,45.96864318847656,348.5745849609375,165.08999633789062,10.869999885559082,322.6600036621094,111.63191223144531
2025-07-11,179.6774139404297,109.86141967773438,70.7472915649414,206.39999389648438,149.06666564941406,138.92677307128906,118.80584716796875,434.5799865722656,186.37815856933594,164.7006378173828,51.362911224365234,319.8584899902344,44.94132995605469,67.94572448730469,130.10867309570312,216.6009063720703,547.6893310546875,135.35000610351562,363.3500061035156,77.75,56.08000183105469,23.43000030517578,105.74880981445312,148.28890991210938,90.740478515625,795.6946411132812,559.280029296875,41.810001373291016,284.3909912109375,118.76738739013672,282.7431640625,101.17007446289062,19.139999389648438,462.5831604003906,187.75599670410156,255.4094696044922,89.7274169921875,387.05999755859375,564.6458129882812,286.65380859375,11.53499984741211,964.8984375,80.66328430175781,316.0889587402344,99.05999755859375,59.49739456176758,1.4700000286102295,87.69000244140625,715.1660766601562,49.2400016784668,113.36634826660156,152.65850830078125,86.93000030517578,227.87977600097656,39.029998779296875,144.5659942626953,41.86000061035156,98.33999633789062,124.93041229248047,51.709999084472656,12.180000305175781,104.91000366210938,120.10003662109375,30.02943229675293,12.420000076293945,2.880000114440918,263.79998779296875,313.510009765625,40.18452835083008,196.48858642578125,142.10000610351562,691.0390014648438,195.55421447753906,255.90408325195312,111.86418914794922,127.25715637207031,91.86591339111328,23.974624633789062,225.02000427246094,332.8196105957031,356.4830017089844,45.58000183105469,72.55872344970703,65.96123504638672,23.544851303100586,187.38999938964844,787.4396362304688,140.51698303222656,36.317970275878906,104.69335174560547,289.739990234375,78.6292495727539,296.1680908203125,136.2971649169922,210.32559204101562,154.20973205566406,40.106563568115234,112.37676239013672,38.029998779296875,72.57331848144531,108.56999969482422,7632.240234375,215.21359252929688,468.8500061035156,21.15999984741211,145.97470092773438,153.0752410888672,226.766357421875,499.33154296875,99.25,296.9610290527344,56.79999923706055,14.8100004196167,61.70000076293945,119.61250305175781,18.14422035217285,113.49406433105469,279.1801452636719,10.859999656677246,616.7858276367188,93.61727905273438,37.47999954223633,146.4199981689453,124.34957122802734,92.54264068603516,228.7548370361328,455.2317199707031,55.97828674316406,72.30626678466797,345.2032775878906,43.21833801269531,91.55999755859375,5.28000020980835,45.827110290527344,742.8674926757812,80.77755737304688,134.2100067138672,123.16433715820312,135.24807739257812,132.86929321289062,272.38421630859375,506.6564025878906,45.73375701904297,342.72918701171875,162.44000244140625,10.109999656677246,320.6000061035156,106.8563232421875
2025-07-14,181.04351806640625,110.26826477050781,73.25556945800781,216.27000427246094,145.5537872314453,140.5769500732422,118.38098907470703,451.0199890136719,185.4774932861328,163.85177612304688,51.74695587158203,324.2851867675781,44.69089126586914,67.5567398071289,130.40687561035156,217.6356964111328,550.5164794921875,138.57000732421875,366.989990234375,81.41999816894531,62.40999984741211,23.299999237060547,107.23516082763672,149.08859252929688,91.08940887451172,800.457275390625,549.530029296875,42.40999984741211,283.2513732910156,118.45036315917969,284.5567932128906,99.07169342041016,19.209999084472656,462.5535888671875,192.3560028076172,258.1254577636719,89.74678039550781,394.010009765625,567.4802856445312,288.3624267578125,11.949999809265137,975.419189453125,80.96324157714844,317.5236511230469,102.97000122070312,60.180137634277344,1.4600000381469727,88.94000244140625,718.5648193359375,49.72999954223633,111.9476547241211,149.46051025390625,85.87000274658203,226.168701171875,43.209999084472656,146.9381866455078,41.97999954223633,99.95999908447266,123.78777313232422,51.9900016784668,12.770000457763672,102.41000366210938,118.66814422607422,29.739757537841797,12.510000228881836,2.8499999046325684,265.0,316.8999938964844,40.45519256591797,195.66465759277344,149.14999389648438,699.2242431640625,193.79342651367188,257.50054931640625,110.40084075927734,127.1527099609375,91.59366607666016,23.694217681884766,225.69000244140625,336.2804260253906,356.15679931640625,47.86000061035156,74.99398040771484,66.74910736083984,22.993894577026367,190.72000122070312,793.7252197265625,139.69798278808594,35.2569580078125,105.7204360961914,291.1400146484375,78.69735717773438,292.7398986816406,137.87831115722656,207.79562377929688,151.1051483154297,40.26708221435547,111.32162475585938,37.79999923706055,72.37369537353516,108.37000274658203,7592.2001953125,214.04632568359375,472.3500061035156,21.170000076293945,147.85916137695312,152.9971923828125,228.70753479003906,499.0339050292969,98.52999877929688,299.5650939941406,56.41999816894531,15.829999923706055,59.869998931884766,119.04499816894531,18.684228897094727,113.94818878173828,280.3893737792969,11.069999694824219,617.9627075195312,94.98583221435547,42.119998931884766,146.24000549316406,118.43814849853516,91.14884185791016,227.48486328125,461.1325988769531,57.42097473144531,72.92825317382812,347.753173828125,42.74314880371094,91.97000122070312,5.28000020980835,45.10549545288086,747.6848754882812,81.63866424560547,133.11000061035156,124.582763671875,134.53634643554688,132.7120361328125,273.5953369140625,513.06591796875,46.06650924682617,341.31243896484375,160.83999633789062,10.359999656677246,317.489990234375,109.2441177368164
2025-07-15,181.48226928710938,108.6905288696289,72.33355712890625,215.25999450683594,144.63238525390625,138.2530517578125,115.59043884277344,442.30999755859375,182.0684051513672,170.4729461669922,50.8607063293457,316.3269958496094,43.772621154785156,67.44976806640625,128.71389770507812,212.21548461914062,547.8685302734375,136.5399932861328,364.17999267578125,82.61000061035156,60.95000076293945,22.920000076293945,115.90553283691406,147.9729766845703,90.33174133300781,816.6205444335938,569.0999755859375,41.470001220703125,279.2091064453125,117.95500183105469,282.4376220703125,100.51370239257812,18.760000228881836,454.4427490234375,191.38400268554688,257.003662109375,89.54342651367188,388.0199890136719,544.9735717773438,283.97430419921875,11.479999542236328,962.2632446289062,78.88279724121094,307.3623046875,104.93000030517578,56.74664306640625,1.440000057220459,86.37999725341797,708.0693359375,53.16999816894531,107.14593505859375,148.4106903076172,93.30000305175781,234.35813903808594,44.599998474121094,146.34759521484375,40.25,99.54000091552734,123.80748748779297,51.119998931884766,12.720000267028809,105.05999755859375,113.13944244384766,30.937074661254883,12.100000381469727,2.75,263.8900146484375,310.7799987792969,39.93319320678711,197.8386993408203,148.5800018310547,688.647216796875,190.37136840820312,255.41818237304688,109.42205047607422,128.2817840576172,93.05326080322266,23.00255584716797,226.35000610351562,335.5528564453125,357.9559020996094,51.119998931884766,75.65270233154297,67.34748840332031,21.921234130859375,192.25,766.3289794921875,136.55015563964844,34.13753128051758,104.67359161376953,288.8999938964844,77.90921783447266,284.1012268066406,136.6849822998047,208.28370666503906,151.1149444580078,39.8828010559082,106.23331451416016,36.369998931884766,72.27388000488281,107.37000274658203,7301.0,212.40243530273438,464.20001220703125,19.579999923706055,147.82940673828125,151.38743591308594,225.1174774169922,501.811767578125,97.1500015258789,295.63446044921875,52.72999954223633,16.149999618530273,62.93000030517578,118.31999969482422,18.635135650634766,113.1462173461914,272.4892578125,11.079999923706055,615.3220825195312,94.59908294677734,42.97999954223633,155.61000061035156,119.93597412109375,89.58081817626953,233.1204071044922,457.7731628417969,55.04943084716797,72.59782409667969,344.3004150390625,42.1273307800293,91.0999984741211,5.21999979019165,43.75669479370117,740.9307250976562,77.16677856445312,127.5,127.22985076904297,128.3284912109375,130.3237762451172,278.896484375,508.8421630859375,45.16612243652344,335.912841796875,171.92999267578125,10.704999923706055,318.0400085449219,106.29104614257812
2025-07-16,182.4495086669922,108.88898468017578,72.34347534179688,227.25999450683594,143.89334106445312,136.49546813964844,114.71176147460938,455.8999938964844,186.16127014160156,171.14205932617188,51.215206146240234,306.5882263183594,43.890472412109375,67.36224365234375,130.19525146484375,213.47689819335938,553.005126953125,136.7100067138672,361.7699890136719,84.12000274658203,64.37000274658203,22.690000534057617,114.67681884765625,148.49623107910156,90.22207641601562,748.5838012695312,571.2000122070312,43.540000915527344,281.48834228515625,118.5989761352539,281.7181396484375,99.81756591796875,19.440000534057617,453.5645751953125,193.3939971923828,259.45391845703125,90.34716033935547,398.20001220703125,544.9437866210938,290.2943420410156,11.960000038146973,946.0444946289062,79.76335906982422,308.5990905761719,103.44000244140625,57.83506774902344,1.4900000095367432,88.47000122070312,700.6136474609375,53.220001220703125,108.42574310302734,149.43133544921875,86.31999969482422,234.96144104003906,47.689998626708984,147.81423950195312,39.029998779296875,103.25,121.71923828125,54.279998779296875,16.559999465942383,105.12999725341797,116.08277130126953,30.55084228515625,12.569999694824219,2.8399999141693115,268.9200134277344,321.6700134277344,40.36819076538086,193.39132690429688,150.91000366210938,694.8326416015625,183.16915893554688,255.78512573242188,108.76304626464844,128.6796875,92.751220703125,23.00255584716797,223.19000244140625,333.5274658203125,358.7269592285156,52.630001068115234,76.04194641113281,66.35018920898438,21.930986404418945,192.58999633789062,784.2522583007812,135.96795654296875,33.670291900634766,104.98961639404297,287.760009765625,78.1816635131836,284.86090087890625,139.07164001464844,209.32955932617188,150.88967895507812,39.902259826660156,107.9096908569336,36.689998626708984,70.71681213378906,108.30000305175781,7376.08984375,210.72935485839844,469.54998779296875,20.06999969482422,145.9152069091797,160.76316833496094,224.4273223876953,501.61334228515625,96.95999908447266,294.7991943359375,55.13999938964844,16.90999984741211,61.83000183105469,117.61250305175781,18.340587615966797,113.81292724609375,271.20068359375,11.220000267028809,617.3792114257812,94.3610610961914,46.09000015258789,160.0800018310547,116.26129913330078,88.57418823242188,239.41075134277344,459.0877380371094,54.901206970214844,72.66584777832031,347.1578674316406,41.76366424560547,91.06999969482422,5.389999866485596,43.61784744262695,745.6685180664062,78.1942367553711,128.4600067138672,125.26202392578125,129.9990692138672,131.94544982910156,278.7674255371094,511.6777038574219,45.048683166503906,336.7153625488281,166.82000732421875,10.34000015258789,314.5799865722656,107.06098175048828
2025-07-17,183.05776977539062,109.2610855102539,73.225830078125,233.88999938964844,145.29466247558594,137.5792999267578,115.30078125,451.3399963378906,186.96226501464844,172.7698974609375,51.70756530761719,306.4688415527344,44.19983673095703,68.64588928222656,139.90098571777344,214.83688354492188,553.0947265625,139.3000030517578,366.45001220703125,84.80999755859375,67.16999816894531,22.799999237060547,116.23252868652344,149.86854553222656,88.7266845703125,739.1178588867188,589.010009765625,44.84000015258789,285.959228515625,117.50918579101562,285.73956298828125,100.2352523803711,19.969999313354492,455.1630554199219,191.8300018310547,261.2744140625,90.37620544433594,410.75,547.00244140625,289.5468444824219,11.829999923706055,948.5703125,78.88279724121094,312.0125732421875,104.91999816894531,57.37990951538086,1.3899999856948853,91.22000122070312,699.1185913085938,52.75,108.41580200195312,151.2684783935547,87.51000213623047,242.91351318359375,51.33000183105469,149.12335205078125,38.7400016784668,105.44999694824219,122.02458190917969,58.90999984741211,17.139999389648438,107.94999694824219,116.81861877441406,31.564697265625,13.329999923706055,2.7300000190734863,278.55999755859375,319.4100036621094,40.32952880859375,191.1179962158203,153.99000549316406,691.9114379882812,181.05029296875,257.6988830566406,108.21065521240234,129.8485565185547,93.10791778564453,22.974512100219727,223.8800048828125,342.6514892578125,376.3524169921875,57.45000076293945,77.75859832763672,66.83885955810547,22.096759796142578,196.27999877929688,756.1509399414062,138.88882446289062,33.748165130615234,105.35503387451172,286.2900085449219,78.92115783691406,280.5561828613281,141.54776000976562,209.19009399414062,149.4598388671875,40.067649841308594,108.17594146728516,35.849998474121094,71.87464141845703,111.9800033569336,7438.25,210.68072509765625,463.2699890136719,20.450000762939453,145.51849365234375,159.00701904296875,225.45106506347656,507.6451416015625,97.93000030517578,294.88763427734375,55.09000015258789,19.239999771118164,60.47999954223633,117.4574966430664,18.517318725585938,113.49406433105469,269.2182312011719,12.25,621.1574096679688,94.30155181884766,46.83000183105469,160.41000366210938,113.09590148925781,89.83247375488281,246.8024139404297,456.87738037109375,55.671958923339844,73.06431579589844,347.0685729980469,42.02065658569336,92.0999984741211,5.519999980926514,44.093894958496094,750.2872924804688,77.99852752685547,128.69000244140625,130.9757080078125,130.13746643066406,130.4416961669922,284.36639404296875,515.7439575195312,46.017574310302734,336.7549743652344,173.5399932861328,9.960000038146973,320.8599853515625,106.03764343261719
2025-07-18,184.5335693359375,110.22856903076172,73.53317260742188,249.33999633789062,144.00851440429688,137.5109405517578,114.57059478759766,423.2200012207031,184.87185668945312,172.18069458007812,51.73710632324219,319.7391357421875,44.30296325683594,67.92626953125,137.78477478027344,215.11282348632812,550.1580810546875,139.33999633789062,365.7900085449219,84.9800033569336,68.9800033569336,23.100000381469727,119.1358642578125,149.5328826904297,88.04876708984375,728.8682861328125,584.760009765625,46.5099983215332,287.6443176269531,116.63735961914062,287.0898742675781,100.10596466064453,19.510000228881836,458.8336486816406,192.67999267578125,260.5461730957031,91.12183380126953,419.7799987792969,539.563232421875,286.15869140625,12.0600004196167,945.626953125,77.3732681274414,304.69091796875,105.41999816894531,57.57780456542969,1.3700000047683716,92.25,701.979248046875,51.77000045776367,107.80071258544922,151.7940673828125,87.80999755859375,237.77040100097656,51.38999938964844,149.12335205078125,39.58000183105469,109.73999786376953,129.27435302734375,59.119998931884766,17.15999984741211,109.0,116.24188232421875,32.752357482910156,13.859999656677246,2.759999990463257,274.0299987792969,329.6499938964844,40.44552993774414,189.0531463623047,153.52000427246094,694.28369140625,192.00283813476562,260.17791748046875,104.44081115722656,129.76400756835938,92.51573181152344,22.8716983795166,226.1300048828125,344.2147521972656,374.2765197753906,57.97999954223633,78.81653594970703,67.81621551513672,21.486787796020508,195.77999877929688,766.2892456054688,138.77040100097656,32.43406295776367,104.8711166381836,288.7200012207031,78.70708465576172,275.27752685546875,142.15438842773438,210.3455047607422,151.60462951660156,40.73892593383789,108.04774475097656,35.16999816894531,74.50967407226562,111.77999877929688,7422.830078125,210.70989990234375,459.80999755859375,20.75,147.8492431640625,159.70948791503906,226.20310974121094,506.0082092285156,96.13999938964844,293.796875,65.12999725341797,18.889999389648438,60.529998779296875,118.98999786376953,18.448589324951172,114.4216537475586,270.18963623046875,12.40999984741211,620.7024536132812,94.26189422607422,50.25,156.99000549316406,114.22425842285156,88.70000457763672,243.52825927734375,451.77496337890625,55.622554779052734,73.8126449584961,346.3144836425781,41.68122863769531,95.43000030517578,5.840000152587891,44.43109893798828,747.5657348632812,78.90856170654297,124.98999786376953,128.91796875,130.28575134277344,129.57679748535156,281.279052734375,511.0278625488281,46.31118392944336,336.9234313964844,175.85000610351562,10.239999771118164,315.57000732421875,105.47237396240234
2025-07-21,189.55923461914062,110.74952697753906,74.1775894165039,224.0,143.66297912597656,137.15943908691406,113.41203308105469,426.2799987792969,180.56411743164062,171.1520538330078,51.58939743041992,316.21759033203125,44.528846740722656,68.14022064208984,136.3033905029297,212.74765014648438,552.1390991210938,138.07000732421875,367.67999267578125,85.47000122070312,62.5099983215332,23.260000228881836,119.17549133300781,148.74305725097656,91.12928771972656,714.0840454101562,591.4600219726562,44.43000030517578,286.0955810546875,121.531494140625,286.794189453125,101.18001556396484,18.829999923706055,464.1816711425781,191.98199462890625,258.8930358886719,91.79000854492188,413.6300048828125,542.556884765625,287.23626708984375,12.630000114440918,942.2557983398438,76.7442855834961,299.7636413574219,106.94000244140625,59.2302360534668,1.4500000476837158,92.3499984741211,710.6408081054688,51.5,107.79080200195312,151.7255401611328,88.80999755859375,236.23736572265625,47.189998626708984,149.1824188232422,39.65999984741211,104.33999633789062,127.02851867675781,58.779998779296875,16.079999923706055,111.66000366210938,115.9932861328125,32.25025939941406,14.020000457763672,3.1500000953674316,272.17999267578125,328.489990234375,40.600196838378906,191.2073516845703,151.7899932861328,692.068359375,187.2477569580078,260.0787353515625,104.71217346191406,129.93313598632812,93.17547607421875,22.6754150390625,229.3000030517578,340.645751953125,369.3734436035156,56.66999816894531,76.93021392822266,68.55421447753906,21.703229904174805,199.8800048828125,756.8262329101562,140.2703094482422,32.64821243286133,106.27347564697266,288.42999267578125,78.69735717773438,274.7808837890625,139.5788116455078,211.64036560058594,155.6885528564453,40.87026596069336,107.9096908569336,34.77000045776367,72.92266082763672,111.61000061035156,7376.2001953125,208.71585083007812,458.489990234375,21.030000686645508,148.40464782714844,160.3533935546875,225.18174743652344,506.0181579589844,94.80000305175781,291.90032958984375,65.33000183105469,18.389999389648438,61.529998779296875,120.3949966430664,18.694047927856445,115.78404235839844,269.1785888671875,11.25,621.87939453125,94.87675476074219,45.439998626708984,157.0,113.06594848632812,88.08053588867188,241.63320922851562,448.4350280761719,55.375518798828125,74.02645111083984,348.189697265625,41.24967956542969,95.86000061035156,6.400000095367432,44.8178825378418,758.55126953125,78.5562973022461,122.68000030517578,126.07112884521484,129.71241760253906,128.8396759033203,286.1136169433594,507.33575439453125,46.467769622802734,338.14202880859375,178.3300018310547,10.460000038146973,316.32000732421875,105.53084564208984
2025-07-22,190.79571533203125,111.87081909179688,75.34745788574219,215.8300018310547,144.00851440429688,136.7395782470703,114.8139877319336,426.3999938964844,182.77171325683594,166.80783081054688,51.87496566772461,316.1280822753906,45.14266586303711,67.74151611328125,140.47811889648438,214.2653045654297,556.2305297851562,139.42999267578125,372.8699951171875,84.36000061035156,61.31999969482422,23.239999771118164,119.61149597167969,149.0984649658203,95.42604064941406,699.9945068359375,615.1300048828125,41.939998626708984,290.3911437988281,127.42626190185547,287.24761962890625,97.15230560302734,19.8799991607666,465.75054931640625,192.4739990234375,260.2018127441406,92.81645202636719,404.44000244140625,557.8729248046875,296.76971435546875,13.489999771118164,936.3391723632812,78.96988677978516,300.9212341308594,104.80999755859375,61.050880432128906,1.6200000047683716,90.77999877929688,702.5074462890625,49.86000061035156,120.21178436279297,154.9454345703125,92.44999694824219,232.03384399414062,46.880001068115234,146.8299102783203,42.5,101.8499984741211,122.96846008300781,55.41999816894531,15.430000305175781,115.04000091552734,125.87732696533203,32.71373748779297,14.270000457763672,3.359999895095825,262.4800109863281,332.1099853515625,41.30586242675781,185.7771759033203,149.07000732421875,686.5885620117188,188.103271484375,261.37774658203125,105.18704223632812,128.72943115234375,88.650634765625,23.497934341430664,227.47000122070312,342.6809997558594,368.3750305175781,57.09000015258789,77.74861907958984,66.87874603271484,22.44110107421875,196.72999572753906,770.9860229492188,141.86888122558594,33.43667221069336,106.5203628540039,285.7099914550781,79.41739654541016,277.6929016113281,139.26058959960938,213.55279541015625,154.72877502441406,41.371299743652344,116.88326263427734,35.83000183105469,71.85466766357422,109.77999877929688,7909.52001953125,209.05628967285156,470.1300048828125,21.540000915527344,145.38954162597656,163.83636474609375,229.08392333984375,501.2660827636719,102.02999877929688,292.4407653808594,65.93000030517578,17.59000015258789,62.099998474121094,117.80750274658203,18.978776931762695,116.6536636352539,270.5861511230469,11.279999732971191,621.9683837890625,95.05525970458984,44.439998626708984,154.72000122070312,109.06175994873047,89.99702453613281,236.2457275390625,399.9526672363281,55.00990676879883,75.35790252685547,349.1024475097656,41.443634033203125,95.6500015258789,6.539999961853027,45.42285919189453,761.6205444335938,80.61119842529297,127.8499984741211,125.15214538574219,151.73643493652344,131.23779296875,276.5635986328125,555.0870971679688,46.751590728759766,336.9234313964844,179.99000549316406,11.15999984741211,319.6000061035156,107.37286376953125
2025-07-23,189.6888427734375,112.40168762207031,76.00178527832031,229.50999450683594,146.96470642089844,138.85842895507812,115.73888397216797,412.6700134277344,186.1319580078125,170.55284118652344,52.28854751586914,322.0071716308594,45.29488754272461,67.25527954101562,140.1125946044922,216.2757110595703,559.5454711914062,139.8300018310547,372.4599914550781,86.75,66.97000122070312,23.489999771118164,121.4644775390625,151.77398681640625,94.65840911865234,711.35546875,614.4199829101562,43.279998779296875,290.1573181152344,126.01944732666016,292.5011291503906,96.56555938720703,17.56999969482422,463.74749755859375,191.28599548339844,265.29913330078125,92.1192398071289,397.80999755859375,569.2704467773438,300.19671630859375,14.239999771118164,935.9215087890625,81.26322174072266,305.3934020996094,105.05999755859375,60.77381896972656,1.690000057220459,90.43000030517578,711.2488403320312,51.70000076293945,118.33673095703125,154.90626525878906,93.08000183105469,237.70114135742188,49.150001525878906,154.03509521484375,36.47999954223633,102.08000183105469,125.82681274414062,58.779998779296875,16.139999389648438,118.45999908447266,126.03642272949219,32.76201248168945,14.34000015258789,3.4600000381469727,272.79998779296875,332.55999755859375,41.4218635559082,185.64813232421875,154.6300048828125,703.3609619140625,199.07571411132812,264.977294921875,106.53409576416016,129.46556091308594,89.134521484375,23.70356559753418,228.2899932861328,346.9086608886719,375.8779602050781,58.91999816894531,78.9961929321289,69.13265228271484,22.27385139465332,199.22000122070312,793.2783203125,143.08262634277344,34.20566940307617,107.10304260253906,283.3699951171875,79.44657897949219,284.8804016113281,142.57203674316406,213.3037872314453,156.57977294921875,41.05997848510742,115.63091278076172,36.029998779296875,73.13226318359375,113.04000091552734,7899.83984375,181.1685028076172,476.95001220703125,22.15999984741211,151.50901794433594,164.97784423828125,227.52870178222656,501.861328125,104.61000061035156,311.4455261230469,68.13999938964844,20.299999237060547,62.95000076293945,115.37999725341797,19.22423553466797,115.47484588623047,271.11151123046875,13.369999885559082,627.2598266601562,94.88666534423828,47.849998474121094,158.64999389648438,109.67086791992188,91.99093627929688,240.0060577392578,408.37554931640625,55.31623077392578,70.77073669433594,352.505615234375,42.0933837890625,95.62999725341797,6.429999828338623,44.470767974853516,770.7783813476562,81.90286254882812,130.97999572753906,130.0467529296875,146.46768188476562,133.93075561523438,281.6264953613281,559.7244262695312,47.11370086669922,339.76690673828125,179.77000427246094,10.640000343322754,326.4599914550781,110.67679595947266
2025-07-24,191.6233367919922,110.54114532470703,77.1518325805664,242.3300018310547,149.56578063964844,139.14158630371094,115.9043960571289,414.9200134277344,186.4054718017578,173.5089111328125,52.259002685546875,319.98779296875,44.82838821411133,67.19692993164062,139.0063934326172,208.263671875,560.948974609375,141.6199951171875,371.69000244140625,87.19000244140625,74.58999633789062,22.6299991607666,120.04749298095703,151.5172882080078,93.72129821777344,719.4420776367188,609.6799926757812,43.900001525878906,289.5047302246094,124.62254333496094,292.2940979003906,97.24181365966797,17.260000228881836,465.2275390625,199.23599243164062,268.86138916015625,91.99335479736328,396.70001220703125,561.5626831054688,299.5462646484375,12.779999732971191,928.5729370117188,81.3890151977539,304.9877014160156,104.7699966430664,60.86287307739258,1.5399999618530273,89.7300033569336,712.4649047851562,52.52000045776367,115.11243438720703,155.42498779296875,90.98999786376953,238.95726013183594,48.130001068115234,152.78500366210938,35.52000045776367,101.93000030517578,126.94444274902344,58.65999984741211,15.949999809265137,118.20999908447266,121.92967224121094,32.317848205566406,14.6899995803833,3.259999990463257,271.20001220703125,305.29998779296875,41.36386489868164,186.75003051757812,154.86000061035156,704.9882202148438,195.21597290039062,265.45330810546875,107.36753845214844,130.01271057128906,89.83897399902344,23.694217681884766,232.22999572753906,343.4871826171875,380.4844970703125,60.060001373291016,79.76469421386719,68.83345794677734,21.526140213012695,201.16000366210938,799.7723999023438,139.559814453125,34.30301284790039,107.28080749511719,284.29998779296875,79.16441345214844,271.3136901855469,143.0394287109375,212.91529846191406,155.5612335205078,41.0064697265625,111.9330062866211,35.08000183105469,73.90081787109375,114.04000091552734,7789.39013671875,180.62376403808594,472.2699890136719,20.950000762939453,151.479248046875,165.4266357421875,224.10484313964844,506.8316650390625,107.63999938964844,308.7923278808594,66.05999755859375,19.760000228881836,63.40999984741211,115.50749969482422,19.391145706176758,115.70674896240234,270.48699951171875,12.789999961853027,627.4674682617188,95.79904174804688,51.029998779296875,162.1199951171875,111.56812286376953,92.55233001708984,240.92877197265625,409.5050354003906,54.06128692626953,69.94465637207031,351.19598388671875,42.39402770996094,97.88999938964844,6.260000228881836,44.21290969848633,775.9534301757812,82.0692138671875,132.58999633789062,130.7259979248047,143.03753662109375,133.42950439453125,286.6099853515625,559.7047119140625,47.358367919921875,337.0621337890625,180.72000122070312,10.579999923706055,324.6400146484375,110.325927734375
2025-07-25,192.63046264648438,111.56816864013672,77.31046295166016,241.0,148.6155548095703,139.6395721435547,115.26183319091797,405.8900146484375,185.86822509765625,173.2692413330078,52.62335205078125,325.6380920410156,45.358726501464844,67.26500701904297,137.98675537109375,209.76162719726562,565.6476440429688,141.30999755859375,370.739990234375,88.5999984741211,75.5,20.700000762939453,118.93768310546875,153.01795959472656,93.69139099121094,705.7196655273438,601.5499877929688,43.16999816894531,291.4722900390625,125.6727066040039,294.33441162109375,96.42633056640625,17.25,466.6090087890625,193.75799560546875,264.9842224121094,92.33228302001953,391.6600036621094,560.0310668945312,297.63372802734375,13.595000267028809,930.2434692382812,81.96959686279297,308.3121643066406,104.81999969482422,65.05826568603516,1.5399999618530273,91.11000061035156,710.3517456054688,54.470001220703125,115.42990112304688,154.9258575439453,90.80000305175781,242.91351318359375,47.43000030517578,154.41896057128906,35.40999984741211,104.8499984741211,129.78302001953125,59.77000045776367,15.4399995803833,118.44999694824219,122.3473129272461,32.0378303527832,14.539999961853027,3.1500000953674316,272.8800048828125,316.05999755859375,41.36386489868164,184.33775329589844,158.8000030517578,714.5947265625,191.1970672607422,266.8514099121094,106.98957824707031,130.31112670898438,89.63131713867188,23.570615768432617,231.44000244140625,346.8693542480469,387.67108154296875,54.334999084472656,79.4453125,68.63399505615234,21.732746124267578,203.27000427246094,806.9814453125,143.90164184570312,34.52689743041992,106.28335571289062,286.18499755859375,79.30062866210938,273.72900390625,147.1365203857422,213.03485107421875,155.13031005859375,41.11347961425781,113.72772216796875,35.9900016784668,74.07048797607422,114.27999877929688,7792.93017578125,179.94288635253906,469.6499938964844,21.719999313354492,149.6543426513672,164.1973419189453,223.40159606933594,509.6392822265625,109.30000305175781,308.5761413574219,64.76000213623047,18.8700008392334,64.52999877929688,116.9800033569336,19.155506134033203,115.88067626953125,276.662353515625,12.819999694824219,630.1181030273438,96.66182708740234,51.66999816894531,166.47000122070312,111.09880065917969,91.90381622314453,243.20083618164062,410.1087646484375,54.20950698852539,69.82803344726562,354.241943359375,42.234004974365234,101.0999984741211,6.489999771118164,44.520355224609375,780.6614990234375,82.50955200195312,131.52000427246094,137.31874084472656,143.65042114257812,134.13714599609375,288.06927490234375,560.9453125,47.417091369628906,336.9531555175781,185.32000732421875,10.779999732971191,332.19000244140625,113.24976348876953
2025-07-28,192.0321807861328,112.21810913085938,77.54839324951172,239.39999389648438,149.99766540527344,139.20018005371094,118.43569946289062,403.79998779296875,184.14903259277344,176.51490783691406,52.259002685546875,326.9412536621094,44.700714111328125,66.2147445678711,136.17837524414062,211.07229614257812,565.7073974609375,142.16000366210938,369.4700012207031,90.55000305175781,75.5,20.68000030517578,121.03839111328125,152.54405212402344,91.44830322265625,724.31396484375,592.6300048828125,42.34000015258789,287.8877868652344,122.59156036376953,293.9992980957031,98.07719421386719,17.15999984741211,461.2510986328125,197.14999389648438,265.1712341308594,91.31551361083984,379.489990234375,555.58544921875,292.49810791015625,13.109999656677246,928.7618408203125,81.34062194824219,307.45135498046875,104.87999725341797,62.990257263183594,1.6399999856948853,92.43000030517578,715.28564453125,60.04999923706055,115.89619445800781,153.76119995117188,89.4000015258789,240.0946807861328,45.11000061035156,153.62167358398438,34.95000076293945,106.7699966430664,132.3940887451172,59.36000061035156,15.569999694824219,116.76000213623047,122.62572479248047,32.076454162597656,14.510000228881836,2.9600000381469727,270.6300048828125,325.5899963378906,40.648529052734375,188.88438415527344,157.8800048828125,709.3700561523438,194.85784912109375,267.9818420410156,107.99745178222656,131.35067749023438,91.72383880615234,23.114225387573242,232.7899932861328,346.0827941894531,388.2543029785156,54.220001220703125,78.9862060546875,68.80353546142578,21.496627807617188,204.5,802.43359375,142.60894775390625,35.04279708862305,105.71055603027344,289.0400085449219,78.48330688476562,274.7613525390625,148.99609375,213.20419311523438,157.72561645507812,40.67569351196289,114.5264663696289,36.529998779296875,75.76730346679688,117.55000305175781,7845.2998046875,184.08663940429688,460.8299865722656,20.829999923706055,149.22784423828125,162.16806030273438,225.24517822265625,508.4388122558594,109.87999725341797,307.6720886230469,63.75,18.350000381469727,65.41000366210938,118.04499816894531,19.047504425048828,113.62933349609375,273.3714904785156,12.829999923706055,629.9598999023438,96.80066680908203,50.9900016784668,173.66000366210938,111.08880615234375,93.90740966796875,245.77056884765625,410.2742919921875,54.95061492919922,69.33238220214844,352.6842346191406,42.714046478271484,97.83999633789062,6.309999942779541,43.42941665649414,793.35546875,81.28638458251953,129.27999877929688,142.39315795898438,144.52029418945312,132.9675750732422,292.1593017578125,559.842529296875,47.201778411865234,333.04962158203125,183.5800018310547,11.149999618530273,333.760009765625,110.16024780273438
2025-07-29,195.1931610107422,111.44412231445312,70.83651733398438,224.0800018310547,150.717529296875,140.17660522460938,119.89606475830078,394.6600036621094,186.78643798828125,175.2765350341797,51.99313735961914,328.79150390625,44.528846740722656,67.46920776367188,138.41001892089844,210.71754455566406,560.7698364257812,136.83999633789062,370.70001220703125,91.06999969482422,71.01000213623047,20.40999984741211,118.2737808227539,150.80645751953125,93.09323120117188,714.7117309570312,635.8099975585938,40.529998779296875,287.52740478515625,125.1278076171875,292.7771301269531,98.39543151855469,16.610000610351562,465.247314453125,198.63999938964844,267.9659118652344,92.18702697753906,371.44000244140625,555.1080932617188,294.7018737792969,12.5,929.338623046875,79.9568862915039,305.274658203125,104.7699966430664,63.31678771972656,1.5399999618530273,90.6500015258789,697.7131958007812,58.630001068115234,116.13429260253906,153.27186584472656,86.80000305175781,238.69021606445312,43.790000915527344,154.65518188476562,33.47999954223633,103.31999969482422,132.0479278564453,57.09000015258789,14.470000267028809,115.41999816894531,122.17827606201172,31.110877990722656,13.600000381469727,2.5899999141693115,268.3900146484375,321.20001220703125,41.325199127197266,187.03794860839844,156.24000549316406,717.53564453125,196.96678161621094,265.1458740234375,109.39295959472656,131.35565185546875,91.0223617553711,23.104717254638672,231.00999450683594,328.7491455078125,385.5358581542969,53.09000015258789,78.5370864868164,70.41915893554688,21.319538116455078,193.83999633789062,757.5908203125,138.7802734375,34.68263626098633,104.8019790649414,290.07000732421875,78.9990005493164,254.2604217529297,149.443603515625,210.43516540527344,158.73435974121094,41.14267349243164,114.2503662109375,34.689998626708984,76.19649505615234,118.62000274658203,7821.0498046875,186.15853881835938,468.4100036621094,19.93000030517578,151.42967224121094,164.01199340820312,221.75552368164062,508.50823974609375,108.70999908447266,309.244384765625,59.02000045776367,17.670000076293945,64.9000015258789,116.37750244140625,18.595863342285156,115.45552062988281,271.0718078613281,11.75,628.2982177734375,97.51470184326172,48.970001220703125,177.44000244140625,111.79778289794922,94.8462905883789,248.0227813720703,409.0960998535156,53.85377883911133,69.92520904541016,348.5369873046875,43.13105773925781,98.98999786376953,5.949999809265137,42.874027252197266,800.914306640625,80.87540435791016,127.9000015258789,142.54298400878906,145.65708923339844,132.12234497070312,295.25665283203125,564.37158203125,46.92775344848633,333.8520812988281,181.82000732421875,10.75,366.260009765625,111.32978820800781
2025-07-30,195.970947265625,110.7396011352539,69.11145782470703,225.19000244140625,147.38702392578125,141.5240936279297,118.03652954101562,395.0400085449219,184.92071533203125,179.03155517578125,51.89466094970703,343.46435546875,43.630218505859375,66.85657501220703,137.4192352294922,212.10707092285156,556.5789184570312,134.75,364.0,92.94999694824219,75.62999725341797,20.34000015258789,116.31179809570312,150.06597900390625,90.72054290771484,717.6561279296875,645.3499755859375,39.880001068115234,282.5987548828125,122.22500610351562,295.3299560546875,98.54460144042969,16.549999237060547,460.0374755859375,195.49600219726562,269.7470703125,91.89652252197266,377.4800109863281,551.5575561523438,292.5757751464844,12.329999923706055,922.318115234375,79.10536193847656,300.1989440917969,101.70999908447266,61.65446090698242,1.4900000095367432,90.23999786376953,692.9389038085938,60.709999084472656,112.46355438232422,149.62136840820312,85.94000244140625,240.2529296875,46.439998626708984,155.9151153564453,33.400001525878906,106.0999984741211,132.07760620117188,58.0099983215332,14.170000076293945,112.91999816894531,118.77751922607422,30.65705680847168,13.520000457763672,2.5199999809265137,267.79998779296875,319.0400085449219,40.745201110839844,188.01080322265625,158.61000061035156,716.3298950195312,205.9695587158203,262.5874938964844,108.44324493408203,131.64910888671875,91.90664672851562,22.638818740844727,230.19000244140625,325.5832824707031,385.61492919921875,54.290000915527344,77.59890747070312,71.23694610595703,21.063743591308594,183.02999877929688,754.740966796875,141.05972290039062,33.2614631652832,105.12788391113281,287.7300109863281,78.29842376708984,259.1007995605469,151.5319061279297,208.2239227294922,155.77670288085938,41.44912338256836,110.80885314941406,34.72999954223633,81.58634948730469,122.08999633789062,7633.39990234375,184.3492889404297,469.1600036621094,20.149999618530273,146.21273803710938,163.1826934814453,222.63368225097656,509.1729431152344,106.66000366210938,306.76806640625,57.68000030517578,17.059999465942383,58.880001068115234,115.7874984741211,18.25222396850586,116.41210174560547,267.6719055175781,11.550000190734863,627.507080078125,96.78083038330078,50.5099983215332,179.50999450683594,114.5737533569336,93.56863403320312,248.637939453125,407.6841735839844,52.964447021484375,68.99223327636719,348.1599426269531,42.51524353027344,99.7699966430664,5.809999942779541,38.81770324707031,801.957275390625,80.02408599853516,126.63999938964844,144.01136779785156,141.6634979248047,131.886474609375,300.4187927246094,563.9678344726562,46.93753433227539,328.90826416015625,179.1300048828125,10.149999618530273,371.0299987792969,111.84632873535156
2025-07-31,191.35411071777344,109.86141967773438,68.16962432861328,215.39999389648438,145.54420471191406,140.06893920898438,116.84876251220703,401.8599853515625,184.637451171875,177.63340759277344,51.5697021484375,346.0209045410156,43.080230712890625,66.02024841308594,132.6673583984375,211.8804168701172,563.905517578125,132.41000366210938,357.69000244140625,92.83999633789062,76.58999633789062,19.799999237060547,119.53221893310547,150.0758819580078,91.22897338867188,691.0567626953125,633.469970703125,39.869998931884766,280.4071960449219,123.20581817626953,291.9885559082031,94.3179931640625,16.079999923706055,454.1467590332031,188.62399291992188,270.43585205078125,91.48981475830078,377.760009765625,542.4871826171875,286.4887390136719,11.640000343322754,934.3802490234375,75.5927963256836,296.1423645019531,99.9000015258789,61.44667053222656,1.3799999952316284,88.30999755859375,770.913330078125,58.970001220703125,112.02703094482422,147.2627410888672,87.87000274658203,238.97705078125,45.91999816894531,155.09814453125,32.36000061035156,103.05000305175781,131.23692321777344,58.70000076293945,14.5,113.44999694824219,117.69366455078125,30.406005859375,13.40999984741211,2.509999990463257,267.6400146484375,308.2699890136719,40.02985763549805,178.7487335205078,158.35000610351562,709.311279296875,207.4517822265625,256.1618957519531,108.19126892089844,130.68417358398438,87.34008026123047,22.144397735595703,234.11000061035156,312.5265197753906,380.3065490722656,53.16999816894531,74.78439331054688,78.47732543945312,20.93584632873535,173.60000610351562,734.8714599609375,141.1781463623047,32.90129470825195,106.07596588134766,285.55999755859375,77.6270523071289,243.0506591796875,151.0843963623047,206.74978637695312,143.73057556152344,41.67288589477539,110.62149047851562,33.56999969482422,80.21891784667969,123.22000122070312,7549.490234375,177.39306640625,456.8699951171875,19.709999084472656,155.7241973876953,160.72413635253906,218.31619262695312,529.2723999023438,102.70999908447266,306.2079162597656,56.2599983215332,17.190000534057617,58.2599983215332,113.64250183105469,18.085311889648438,117.53292846679688,261.516357421875,11.15999984741211,625.1531982421875,97.1676025390625,50.209999084472656,176.30999755859375,108.98186492919922,92.28131103515625,251.7831268310547,409.92376708984375,52.76414489746094,69.06025695800781,342.7626037597656,42.28734588623047,97.80000305175781,5.949999809265137,39.90864562988281,779.8470458984375,78.89877319335938,128.0,145.43980407714844,141.1988983154297,128.1909942626953,291.5636901855469,567.7091674804688,46.262245178222656,327.8184509277344,174.72999572753906,10.260000228881836,364.57000732421875,109.43904113769531
2025-08-01,188.59201049804688,107.2120132446289,66.53378295898438,208.3300018310547,145.31385803222656,136.7554931640625,113.51912689208984,366.6300048828125,190.69369506835938,173.4889373779297,50.614532470703125,338.9879150390625,42.58427047729492,66.96353912353516,133.97555541992188,204.45968627929688,557.3553466796875,128.02000427246094,347.79998779296875,88.62999725341797,71.48999786376953,19.309999465942383,116.0046157836914,147.83474731445312,91.8171615600586,686.1925048828125,618.6500244140625,38.119998931884766,274.436279296875,124.05783081054688,285.2171630859375,95.8395767211914,15.5,453.30804443359375,182.87399291992188,273.8210144042969,91.9836654663086,314.69000244140625,555.8240966796875,288.216796875,11.489999771118164,948.5004272460938,76.72493743896484,291.1556701660156,97.36000061035156,61.931514739990234,1.3300000429153442,84.56999969482422,747.5599365234375,56.63999938964844,115.82674407958984,147.4389190673828,86.12999725341797,232.6371612548828,44.810001373291016,154.35006713867188,31.43000030517578,99.9000015258789,125.92571258544922,56.709999084472656,14.119999885559082,110.05999755859375,121.22367858886719,29.845972061157227,11.029999732971191,2.440000057220459,260.07000732421875,302.6300048828125,39.91386413574219,178.67926025390625,154.27000427246094,695.56787109375,206.96434020996094,248.63558959960938,106.25305938720703,127.86396789550781,88.09620666503906,22.33456039428711,214.75,308.9673767089844,376.9158935546875,52.459999084472656,72.78827667236328,76.34310913085938,20.237327575683594,172.8800048828125,756.9751586914062,136.8363037109375,32.17123794555664,104.8019790649414,280.2699890136719,77.99678802490234,231.56817626953125,148.66793823242188,201.58030700683594,145.1310577392578,41.736122131347656,114.36869812011719,33.68000030517578,74.31004333496094,117.56999969482422,7760.68017578125,177.19712829589844,462.1300048828125,18.829999923706055,153.542236328125,163.25100708007812,213.64491271972656,519.956787109375,94.66000366210938,305.3529968261719,56.09000015258789,16.3799991607666,56.56999969482422,111.66500091552734,17.86931037902832,118.76004791259766,253.11073303222656,10.609999656677246,614.9065551757812,97.67337799072266,44.43000030517578,171.6999969482422,104.72803497314453,89.7840805053711,242.50633239746094,409.9529724121094,50.72140121459961,68.41883087158203,336.6905822753906,41.5018196105957,95.12999725341797,5.679999828338623,39.70037078857422,770.927490234375,76.10997009277344,131.9499969482422,141.4342041015625,148.5731964111328,128.87901306152344,286.5404968261719,577.387451171875,44.68657302856445,340.2325439453125,183.97000122070312,9.850000381469727,356.9700012207031,110.30644989013672
2025-08-04,194.4851837158203,108.47222137451172,67.42606353759766,210.0500030517578,144.9683074951172,138.98739624023438,113.91829681396484,389.239990234375,192.61801147460938,179.76058959960938,51.116729736328125,353.0340881347656,43.148983001708984,67.060791015625,134.2449188232422,207.7314910888672,567.2304077148438,130.9600067138672,338.8500061035156,92.66999816894531,76.41000366210938,19.5,116.43070220947266,149.1971893310547,95.57559204101562,695.6822509765625,636.02001953125,39.86000061035156,280.017578125,130.1705780029297,290.0370178222656,97.86834716796875,16.040000915527344,461.1919250488281,184.60000610351562,273.62420654296875,92.96170806884766,318.1700134277344,568.4249877929688,293.1291809082031,12.119999885559082,951.3383178710938,77.27650451660156,295.4299621582031,98.55000305175781,64.73174285888672,1.3899999856948853,87.01000213623047,773.833740234375,58.22999954223633,118.41610717773438,147.5465545654297,87.63999938964844,236.3856964111328,44.540000915527344,154.9111328125,31.690000534057617,106.37000274658203,128.8038330078125,59.5,15.760000228881836,112.04000091552734,124.28633117675781,30.531532287597656,11.420000076293945,2.559999942779541,267.95001220703125,309.260009765625,40.252197265625,181.48866271972656,160.66000366210938,711.7030639648438,212.94297790527344,250.2023468017578,104.05318450927734,130.46034240722656,90.97564697265625,22.37259292602539,211.64999389648438,310.39300537109375,380.3460693359375,51.380001068115234,75.1137466430664,77.08110809326172,20.61118507385254,171.0,763.5982666015625,135.16867065429688,32.005760192871094,106.81665802001953,285.8599853515625,78.37626647949219,234.69444274902344,153.65003967285156,202.5464630126953,144.46510314941406,42.475502014160156,117.11992645263672,30.209999084472656,76.3861312866211,120.3499984741211,7871.02001953125,179.0292510986328,472.2699890136719,19.1200008392334,153.542236328125,166.87054443359375,217.206787109375,531.3953857421875,98.44000244140625,307.3576354980469,59.59000015258789,17.18000030517578,56.30500030517578,113.71499633789062,17.545305252075195,119.97750091552734,256.85760498046875,11.199999809265137,624.2530517578125,98.76425170898438,43.380001068115234,176.77999877929688,107.61384582519531,89.8711929321289,250.55282592773438,412.57232666015625,52.07992172241211,68.54517364501953,339.4685974121094,41.409698486328125,97.72000122070312,5.800000190734863,40.087162017822266,779.5887451171875,75.91427612304688,132.1999969482422,140.0457305908203,151.51895141601562,130.72671508789062,295.554443359375,580.6463623046875,44.872520446777344,344.6314392089844,183.4199981689453,9.699999809265137,364.8800048828125,111.60267639160156
2025-08-05,194.11622619628906,108.61114501953125,67.24760437011719,213.8000030517578,146.88792419433594,138.10250854492188,114.6679458618164,375.4599914550781,193.9464874267578,178.02288818359375,50.909942626953125,341.7732849121094,43.453433990478516,67.1483154296875,134.1391143798828,208.92393493652344,563.4775390625,129.9600067138672,338.739990234375,91.48999786376953,84.08999633789062,20.190000534057617,115.97489166259766,148.89114379882812,97.67910766601562,686.00341796875,628.5,42.02000045776367,284.8877868652344,133.30123901367188,287.1884765625,96.14786529541016,15.619999885559082,463.5994873046875,181.0240020751953,273.7816467285156,91.40266418457031,297.989990234375,566.7940063476562,291.32342529296875,11.579999923706055,939.6478881835938,78.1764144897461,293.5006408691406,96.20999908447266,66.5325927734375,1.4199999570846558,87.66000366210938,760.9658813476562,57.2599983215332,120.06295776367188,147.3018798828125,85.86000061035156,229.92713928222656,44.75,153.87757873535156,31.90999984741211,105.45999908447266,129.0511016845703,59.400001525878906,16.469999313354492,112.62000274658203,126.45405578613281,30.261171340942383,11.130000114440918,2.5999999046325684,264.75,308.7200012207031,40.38752746582031,177.84535217285156,173.27000427246094,706.6840209960938,208.50625610351562,245.41287231445312,103.92720031738281,129.38101196289062,87.77528381347656,23.532583236694336,213.75,306.1259765625,352.3608703613281,52.56999969482422,74.4450454711914,75.63502502441406,21.408082962036133,169.08999633789062,760.5697631835938,137.60598754882812,32.609275817871094,105.9870834350586,281.9599914550781,78.29842376708984,244.45310974121094,180.98703002929688,202.11814880371094,143.68162536621094,42.02311706542969,118.43145751953125,27.520000457763672,76.48594665527344,118.12000274658203,7906.91015625,181.6451873779297,374.9800109863281,18.700000762939453,150.49737548828125,166.577880859375,216.4837188720703,523.5679931640625,97.76000213623047,308.3206481933594,55.59000015258789,18.299999237060547,56.02000045776367,110.4375,17.240938186645508,119.81324768066406,257.44244384765625,11.470000267028809,621.0880737304688,98.486572265625,45.130001068115234,174.30999755859375,108.90198516845703,90.2099609375,253.66822814941406,416.9930725097656,52.42698669433594,69.17688751220703,334.78558349609375,41.463035583496094,95.9800033569336,5.53000020980835,39.70037078857422,764.0938110351562,76.2861099243164,132.88999938964844,138.6072998046875,153.05116271972656,130.2254638671875,290.7992858886719,580.8433227539062,44.58870315551758,348.83221435546875,186.83999633789062,9.420000076293945,360.5,109.60472106933594
2025-08-06,195.53219604492188,110.86859893798828,68.82394409179688,232.38999938964844,146.63836669921875,138.92840576171875,113.50938415527344,383.4100036621094,191.74864196777344,179.1813507080078,51.156124114990234,336.69000244140625,42.98202133178711,67.59564208984375,135.43768310546875,209.7911834716797,566.5535278320312,130.5,345.6199951171875,94.30999755859375,83.0999984741211,20.40999984741211,119.7601318359375,149.00961303710938,98.26728820800781,687.3265380859375,625.8800048828125,41.22999954223633,281.5467529296875,134.16317749023438,287.16876220703125,95.41194152832031,15.890000343322754,465.21771240234375,182.46200561523438,272.4630126953125,91.68348693847656,303.5799865722656,552.1044311523438,276.3631286621094,11.369999885559082,964.47265625,76.87008666992188,292.4122314453125,96.58000183105469,67.2054443359375,1.3799999952316284,88.87000274658203,769.4680786132812,46.790000915527344,119.27922821044922,149.60179138183594,86.80999755859375,228.8391571044922,44.099998474121094,153.3066864013672,30.110000610351562,105.6500015258789,126.73674011230469,58.93000030517578,15.989999771118164,113.94000244140625,125.16138458251953,30.261171340942383,11.65999984741211,2.5299999713897705,263.1000061035156,319.9100036621094,40.0491943359375,176.84271240234375,179.5399932861328,710.4384765625,199.8019256591797,247.07876586914062,103.21974182128906,130.83836364746094,88.25916290283203,22.752918243408203,222.30999755859375,308.7412414550781,354.05120849609375,51.790000915527344,76.4012451171875,73.5805892944336,21.919673919677734,172.88999938964844,741.1272583007812,136.68829345703125,31.986295700073242,106.39198303222656,289.32000732421875,79.41739654541016,239.36924743652344,178.73963928222656,212.4073486328125,142.82957458496094,41.6485595703125,117.6918716430664,25.899999618530273,75.17841339111328,138.77999877929688,7870.2001953125,182.14486694335938,385.6499938964844,18.299999237060547,146.06398010253906,166.4315185546875,219.59536743164062,520.7802124023438,94.43000030517578,309.5292663574219,56.34000015258789,17.579999923706055,54.619998931884766,112.92250061035156,17.2016658782959,120.98238372802734,260.40618896484375,10.5,625.845458984375,102.50299835205078,45.93000030517578,163.1199951171875,108.62239074707031,90.12286376953125,254.42227172851562,423.42950439453125,53.6665153503418,68.55490112304688,337.0774841308594,41.0799674987793,97.75,5.480000019073486,39.531776428222656,774.22509765625,75.9436264038086,129.33999633789062,139.5962371826172,152.2899932861328,128.26962280273438,299.4757385253906,580.1934814453125,44.45168685913086,347.48480224609375,185.00999450683594,9.069999694824219,360.1600036621094,107.48007202148438
2025-08-07,195.96096801757812,110.83386993408203,67.63426208496094,234.94000244140625,147.0030975341797,138.55477905273438,112.90577697753906,402.010009765625,194.24929809570312,180.52955627441406,50.584983825683594,334.6507263183594,43.16862487792969,68.49030303955078,138.43885803222656,204.28228759765625,558.6793823242188,120.02999877929688,338.2699890136719,95.18000030517578,79.31999969482422,19.770000457763672,119.85921478271484,148.79241943359375,99.48355102539062,709.3699340820312,620.3300170898438,40.4900016784668,281.06951904296875,134.5198211669922,282.8220520019531,98.6042709350586,15.949999809265137,463.1949157714844,174.82400512695312,269.4419860839844,92.33228302001953,310.7900085449219,556.7490234375,276.3922424316406,11.460000038146973,973.3251342773438,77.77001190185547,291.6108093261719,75.30000305175781,68.34333801269531,1.2599999904632568,87.9800033569336,759.3412475585938,46.66999816894531,119.71574401855469,150.21836853027344,87.47000122070312,239.9661102294922,44.209999084472656,153.3165283203125,31.790000915527344,111.2300033569336,132.46331787109375,59.08000183105469,15.65999984741211,114.19000244140625,125.13153839111328,30.65705680847168,11.579999923706055,2.490000009536743,259.6099853515625,322.2699890136719,40.203861236572266,181.81622314453125,182.1999969482422,705.537109375,204.5171661376953,238.85836791992188,102.67703247070312,130.95773315429688,90.62193298339844,23.038158416748047,223.1300048828125,304.572509765625,357.06512451171875,47.709999084472656,76.22159576416016,74.23881530761719,21.8212890625,168.10000610351562,636.3583984375,135.96795654296875,31.918153762817383,105.93769836425781,272.5,80.02066040039062,238.2882080078125,178.53079223632812,219.16053771972656,142.88832092285156,42.100948333740234,117.84965515136719,25.0,75.70741271972656,139.27999877929688,7830.43994140625,182.14486694335938,375.6300048828125,17.860000610351562,146.88719177246094,167.34861755371094,215.46194458007812,516.7127075195312,95.5,307.30853271484375,55.959999084472656,17.170000076293945,55.720001220703125,106.25,17.28021240234375,121.6780776977539,258.30474853515625,10.050000190734863,625.3212280273438,102.26498413085938,44.68000030517578,172.39999389648438,111.7079086303711,89.62921142578125,247.43739318847656,419.4371337890625,53.18062210083008,70.53748321533203,329.4874267578125,40.91995620727539,93.58000183105469,5.409999847412109,40.46403503417969,756.4852294921875,75.3956527709961,127.75,139.2366180419922,152.51792907714844,126.7953872680664,301.5505065917969,578.31298828125,43.962345123291016,346.6921691894531,185.60000610351562,12.0,354.3299865722656,107.48007202148438
2025-08-08,200.84701538085938,111.02735900878906,67.06915283203125,223.14999389648438,148.77871704101562,140.77684020996094,113.20758056640625,395.1300048828125,193.45806884765625,182.4569854736328,51.05765151977539,334.00909423828125,43.38468933105469,68.40277099609375,139.6797332763672,205.20864868164062,571.7200317382812,121.0199966430664,341.04998779296875,95.05999755859375,75.31999969482422,19.950000762939453,119.26467895507812,148.910888671875,100.38078308105469,718.5215454101562,619.4199829101562,41.849998474121094,281.24481201171875,134.35140991210938,284.6159362792969,101.1899642944336,15.380000114440918,466.1452331542969,174.5019989013672,265.417236328125,91.69317626953125,310.5400085449219,559.931640625,279.8192443847656,10.789999961853027,976.8402099609375,78.07965087890625,294.2821960449219,74.38999938964844,68.25428771972656,1.350000023841858,89.29000091552734,766.786865234375,44.599998474121094,120.67806243896484,150.23794555664062,87.36000061035156,239.18475341796875,44.689998626708984,152.43064880371094,32.439998626708984,114.62999725341797,136.10302734375,63.880001068115234,15.4399995803833,114.26000213623047,125.07188415527344,30.406005859375,11.079999923706055,2.2100000381469727,247.4499969482422,329.6499938964844,39.87519073486328,183.52371215820312,186.9600067138672,707.0369873046875,201.06527709960938,238.491455078125,103.50078582763672,132.26588439941406,90.89418029785156,23.370943069458008,222.69000244140625,296.37274169921875,359.72210693359375,46.630001068115234,76.77052307128906,74.76738739013672,21.693391799926758,167.05999755859375,621.2552490234375,137.1422119140625,31.996023178100586,106.29322814941406,269.69500732421875,80.25418090820312,244.34596252441406,178.1926727294922,228.4437255859375,144.51406860351562,41.92096710205078,119.17102813720703,25.639999389648438,77.19461059570312,139.17999267578125,7858.68017578125,183.42832946777344,366.5400085449219,17.6200008392334,149.2179412841797,169.10472106933594,214.42312622070312,517.9032592773438,94.55999755859375,308.6842346191406,55.0,16.899999618530273,56.209999084472656,106.12249755859375,17.240938186645508,121.08867645263672,257.6406555175781,9.8100004196167,630.1972045898438,102.86992645263672,39.349998474121094,172.75999450683594,118.71773529052734,90.8971939086914,248.09225463867188,414.45159912109375,53.19053649902344,70.37226867675781,334.1406555175781,41.18179702758789,91.55000305175781,5.360000133514404,41.52522277832031,743.9600830078125,76.62599182128906,130.6699981689453,139.77601623535156,155.10467529296875,127.9256591796875,302.7517395019531,572.1397705078125,45.02910614013672,348.9015808105469,184.64999389648438,11.850000381469727,352.05999755859375,116.37826538085938
2025-08-11,200.42822265625,111.31512451171875,66.50404357910156,219.10000610351562,147.2814483642578,141.465087890625,113.75279235839844,400.25,194.03439331054688,181.81784057617188,51.037960052490234,329.75640869140625,43.286476135253906,68.80148315429688,139.35267639160156,205.22836303710938,570.993408203125,118.30000305175781,333.6499938964844,93.37999725341797,71.86000061035156,20.649999618530273,117.56033325195312,148.42710876464844,97.2105484008789,717.516845703125,616.1199951171875,44.939998626708984,276.5791931152344,134.2028045654297,285.4044494628906,101.43858337402344,15.65999984741211,464.1323547363281,171.2740020751953,266.0076599121094,91.57696533203125,319.6199951171875,542.9645385742188,276.7708740234375,10.739999771118164,984.5674438476562,77.44100189208984,293.094970703125,74.56999969482422,68.14544677734375,1.2599999904632568,89.33000183105469,763.3680419921875,45.20000076293945,119.24945831298828,151.67660522460938,85.98999786376953,239.44189453125,45.02000045776367,152.37158203125,32.56999969482422,113.62000274658203,136.80526733398438,65.41000366210938,15.979999542236328,113.04000091552734,123.48088836669922,30.106678009033203,11.109999656677246,2.200000047683716,244.44000244140625,339.0299987792969,39.643192291259766,183.03729248046875,182.67999267578125,705.0469360351562,199.0359344482422,230.7271728515625,102.56075286865234,131.37057495117188,90.43512725830078,23.370943069458008,221.3000030517578,297.76885986328125,357.0155029296875,45.91999816894531,77.5190658569336,74.43826293945312,21.55565643310547,168.1699981689453,630.7579345703125,135.8988800048828,31.509319305419922,106.83639526367188,271.17999267578125,80.18607330322266,245.787353515625,176.89993286132812,226.53909301757812,144.9156036376953,41.78963088989258,118.85548400878906,27.6299991607666,77.13471984863281,137.64999389648438,7793.2900390625,179.98941040039062,374.4599914550781,17.165000915527344,150.44778442382812,169.58279418945312,212.77069091796875,517.6353759765625,94.77999877929688,309.4703369140625,55.40999984741211,17.3700008392334,53.79999923706055,106.60749816894531,17.398029327392578,121.32057189941406,255.70777893066406,10.149999618530273,628.9510498046875,103.0682601928711,38.25,172.27999877929688,123.5407485961914,90.52936553955078,250.70164489746094,415.0650939941406,53.05171203613281,70.4111328125,333.2675476074219,40.85206985473633,88.51000213623047,5.289999961853027,41.11859893798828,701.3388671875,76.37007141113281,128.0,139.6761474609375,153.57839965820312,128.05340576171875,301.68951416015625,571.283203125,45.1759147644043,351.29913330078125,182.1300048828125,11.600000381469727,349.0899963378906,117.41134643554688
2025-08-12,202.7615509033203,112.49595642089844,67.38640594482422,217.3699951171875,148.2316436767578,144.81785583496094,114.8918685913086,394.3900146484375,194.03439331054688,182.9163818359375,51.658329010009766,336.79937744140625,43.851192474365234,68.76258850097656,141.27650451660156,213.58531188964844,571.5806274414062,121.61000061035156,338.42999267578125,96.4000015258789,78.47000122070312,21.809999465942383,121.3059310913086,149.96726989746094,96.11392974853516,737.88916015625,625.7999877929688,43.0,281.7610778808594,134.12353515625,288.6472473144531,104.70053100585938,15.720000267028809,466.9444580078125,170.68600463867188,265.8994445800781,90.98625946044922,322.6199951171875,553.5167236328125,276.6640625,10.859999656677246,987.06689453125,77.70226287841797,300.0010681152344,78.47000122070312,68.2048110961914,1.2100000381469727,98.47000122070312,787.419189453125,46.43000030517578,122.3547134399414,151.78427124023438,87.83000183105469,241.61782836914062,43.43000030517578,153.05078125,33.560001373291016,114.08999633789062,140.08889770507812,69.13999938964844,16.200000762939453,116.43000030517578,127.5677490234375,31.014318466186523,11.4399995803833,2.2899999618530273,250.49000549316406,340.8399963378906,39.71086120605469,187.07763671875,186.97000122070312,728.710693359375,208.4664764404297,229.7157440185547,102.85147857666016,133.40487670898438,92.95391082763672,23.437501907348633,221.47000122070312,307.8170471191406,360.1781005859375,49.7599983215332,78.277587890625,75.70484924316406,22.559160232543945,175.39999389648438,634.9384155273438,139.559814453125,32.06415939331055,108.88069152832031,275.42999267578125,80.40013885498047,254.74742126464844,178.51089477539062,229.0021209716797,150.55670166015625,41.9696044921875,122.7407455444336,27.450000762939453,77.66372680664062,141.25,7962.2998046875,189.06187438964844,387.7699890136719,16.860000610351562,154.3158416748047,168.56813049316406,216.62965393066406,525.0460815429688,97.37999725341797,308.5663146972656,56.599998474121094,18.510000228881836,54.5,108.94999694824219,17.594396591186523,120.26737976074219,262.68603515625,10.460000038146973,635.6469116210938,102.76083374023438,38.16999816894531,174.9499969482422,127.56490325927734,91.55537414550781,251.87240600585938,420.22589111328125,57.9503173828125,69.8377456665039,334.6888732910156,41.05087661743164,89.33000183105469,5.409999847412109,41.802921295166016,708.6790771484375,78.2303695678711,128.92999267578125,143.56185913085938,156.84898376464844,128.93797302246094,310.55450439453125,571.8345336914062,46.487342834472656,354.77667236328125,184.72999572753906,11.420000076293945,353.6099853515625,116.97277069091797
2025-08-13,201.385498046875,114.0389633178711,70.02355194091797,187.44000244140625,149.60414123535156,145.27996826171875,116.31330108642578,389.8999938964844,196.79876708984375,181.34844970703125,51.95374298095703,325.9166259765625,44.67616271972656,68.51947784423828,143.6620635986328,213.82183837890625,575.2838745117188,124.55000305175781,351.07000732421875,94.66000366210938,77.41999816894531,22.219999313354492,125.70552825927734,150.53988647460938,94.82788848876953,751.5967407226562,618.5700073242188,41.209999084472656,286.5728759765625,132.44921875,286.36053466796875,106.15250396728516,15.859999656677246,469.3126220703125,172.66000366210938,265.9092712402344,91.79000854492188,327.010009765625,558.489501953125,280.8871154785156,11.0,974.71923828125,80.03429412841797,303.6223449707031,79.33000183105469,67.83869934082031,1.2799999713897705,99.79000091552734,777.5316772460938,46.06999969482422,128.93228149414062,152.0974578857422,91.06999969482422,238.7990264892578,43.0,153.26731872558594,34.220001220703125,108.62000274658203,137.61627197265625,68.75,17.239999771118164,116.62999725341797,132.59927368164062,31.390893936157227,11.59000015258789,3.0799999237060547,254.80999755859375,339.3800048828125,39.971858978271484,188.64613342285156,184.3699951171875,729.9948120117188,204.2087860107422,235.04067993164062,104.27606964111328,133.45462036132812,94.33995819091797,23.922414779663086,224.55999755859375,308.1513671875,354.4180603027344,50.04999923706055,75.45308685302734,75.8644027709961,23.257678985595703,176.86000061035156,655.8505249023438,143.9114990234375,32.65793991088867,109.73001098632812,277.7699890136719,80.40013885498047,264.7203063964844,175.7761993408203,232.6717529296875,153.357666015625,42.06203079223633,129.07154846191406,28.649999618530273,79.17088317871094,138.00999450683594,8296.6396484375,189.37539672851562,395.9200134277344,17.520000457763672,155.6349639892578,170.1681671142578,216.08941650390625,516.4547729492188,101.11000061035156,311.98602294921875,57.33000183105469,18.649999618530273,55.290000915527344,108.02999877929688,18.046037673950195,121.46550750732422,267.3349304199219,10.489999771118164,637.82275390625,100.15263366699219,37.29999923706055,184.4199981689453,124.0899429321289,92.80398559570312,242.26820373535156,430.9467468261719,58.92210388183594,70.26536560058594,340.4635009765625,41.52606964111328,90.9800033569336,5.699999809265137,42.3880615234375,706.9210205078125,76.66536712646484,135.19000244140625,137.24880981445312,164.07398986816406,131.0019073486328,306.84173583984375,573.1046752929688,46.23289108276367,365.41729736328125,184.83999633789062,10.930000305175781,349.1199951171875,117.08972930908203
2025-08-14,202.3627166748047,113.90996551513672,68.78429412841797,189.0800018310547,148.92269897460938,146.0173797607422,116.62483978271484,372.94000244140625,199.93434143066406,181.77789306640625,52.19992446899414,324.5040283203125,44.209659576416016,67.6345443725586,142.95985412597656,217.87220764160156,581.1173706054688,124.63999938964844,348.5799865722656,91.41999816894531,73.66000366210938,23.860000610351562,121.16720581054688,149.2070770263672,93.99047088623047,751.2385864257812,616.3599853515625,41.029998779296875,284.5858154296875,131.4981231689453,289.93841552734375,106.78897094726562,15.75,471.28607177734375,170.1719970703125,266.72601318359375,91.20899200439453,324.8900146484375,562.8854370117188,281.8191223144531,10.899999618530273,971.2738647460938,80.08268737792969,304.47320556640625,77.25,67.75955200195312,1.2300000190734863,99.13999938964844,779.5748901367188,45.4900016784668,127.53343963623047,150.4630584716797,88.7300033569336,238.36383056640625,42.810001373291016,152.64720153808594,32.220001220703125,110.70999908447266,137.33935546875,69.12000274658203,17.979999542236328,114.73999786376953,130.27244567871094,30.492908477783203,12.25,2.9600000381469727,249.72999572753906,335.5799865722656,39.691524505615234,186.86917114257812,181.02000427246094,732.4552612304688,201.29409790039062,231.41136169433594,104.06287384033203,133.16616821289062,94.92916870117188,23.874876022338867,230.97999572753906,307.0501403808594,352.0486145019531,48.5,75.40319061279297,76.03394317626953,22.864147186279297,173.5500030517578,679.622314453125,142.4412078857422,32.33672332763672,109.81889343261719,270.989990234375,79.68011474609375,264.40863037109375,173.72767639160156,232.123291015625,154.8267059326172,41.77016830444336,128.6376495361328,28.84000015258789,78.89142608642578,136.47999572753906,8198.5498046875,189.78688049316406,390.29998779296875,17.6299991607666,154.45469665527344,170.46084594726562,217.55105590820312,518.3396606445312,100.08999633789062,310.36456298828125,58.81999969482422,18.18000030517578,53.9900016784668,106.21499633789062,18.055856704711914,120.06446838378906,264.2124938964844,8.989999771118164,637.882080078125,100.01380157470703,35.93000030517578,180.9499969482422,125.10846710205078,92.58136749267578,243.04209899902344,425.8346252441406,58.46596145629883,70.20704650878906,343.38555908203125,41.487274169921875,88.61000061035156,5.639999866485596,41.931846618652344,705.8582153320312,78.1614761352539,134.94000244140625,132.3741912841797,162.43869018554688,131.66043090820312,308.9661865234375,574.70947265625,46.69286346435547,362.1874694824219,180.0500030517578,10.479999542236328,348.9200134277344,115.99816131591797
2025-08-15,203.31996154785156,113.63709259033203,68.63558197021484,183.41000366210938,150.2568359375,142.20252990722656,115.84597778320312,366.32000732421875,201.8977508544922,180.2099609375,51.658329010009766,320.54486083984375,44.209659576416016,67.99433898925781,144.6720733642578,212.88192749023438,579.066650390625,125.0999984741211,354.8500061035156,90.87000274658203,71.05999755859375,24.559999465942383,120.156494140625,148.5258331298828,94.05027770996094,738.2572021484375,617.9099731445312,40.22999954223633,282.920166015625,132.1123809814453,286.32110595703125,98.96229553222656,15.670000076293945,473.7034912109375,173.447998046875,266.2339782714844,91.09278869628906,317.54998779296875,577.2466430664062,287.8187561035156,10.989999771118164,967.93798828125,81.48577117919922,302.23712158203125,79.11000061035156,68.60061645507812,1.309999942779541,100.93000030517578,782.664794921875,45.369998931884766,127.67230987548828,151.06982421875,89.8499984741211,236.2670135498047,44.27000045776367,152.34071350097656,34.84000015258789,114.16999816894531,136.7657012939453,68.5,16.649999618530273,118.94999694824219,129.76531982421875,30.60877799987793,11.329999923706055,3.0299999713897705,246.64999389648438,330.55999755859375,39.9525260925293,160.58200073242188,177.1699981689453,716.3004760742188,196.30027770996094,240.4052734375,104.16068267822266,132.1564483642578,86.93370819091797,23.903396606445312,231.02999877929688,308.6724548339844,348.0135498046875,48.08000183105469,75.45308685302734,74.85713195800781,23.060911178588867,177.08999633789062,697.8336791992188,143.4871826171875,32.11283493041992,110.09541320800781,274.9700012207031,79.80660247802734,296.0804443359375,172.53436279296875,230.9366455078125,154.5916748046875,41.6485595703125,130.1168212890625,28.1200008392334,76.04678344726562,137.3000030517578,8235.0,190.6294708251953,392.7900085449219,17.81999969482422,153.16534423828125,172.33404541015625,216.3420867919922,516.0480346679688,100.11000061035156,308.2518615722656,59.72999954223633,17.010000228881836,60.58000183105469,106.9749984741211,17.996946334838867,119.33838653564453,262.8743591308594,9.085000038146973,636.388671875,99.40248107910156,35.470001220703125,177.50999450683594,120.69486999511719,92.2716293334961,246.33609008789062,426.06829833984375,59.735233306884766,73.28784942626953,342.3717956542969,41.487274169921875,92.0199966430664,5.769999980926514,42.011192321777344,711.917236328125,75.88778686523438,138.60000610351562,132.923583984375,164.1433563232422,133.87179565429688,304.1117248535156,574.9457397460938,45.93928146362305,361.8101806640625,199.9499969482422,13.920000076293945,349.8800048828125,115.36466979980469
2025-08-18,202.92111206054688,114.09354400634766,68.9330062866211,177.57000732421875,149.07626342773438,142.34999084472656,114.61927795410156,363.6000061035156,201.78054809570312,181.76788330078125,51.69771957397461,321.4691467285156,43.954307556152344,67.22610473632812,143.85446166992188,213.64283752441406,581.4955444335938,125.48999786376953,357.239990234375,91.93000030517578,68.98999786376953,23.65999984741211,120.29521942138672,149.10833740234375,93.10320281982422,743.618896484375,625.3300170898438,40.22999954223633,280.6604309082031,132.2708740234375,287.3461608886719,98.33575439453125,16.09000015258789,472.1543273925781,178.41000366210938,267.5821228027344,90.6242904663086,320.7300109863281,571.6488647460938,284.0810852050781,10.729999542236328,975.2171020507812,81.49545288085938,303.8004150390625,80.76000213623047,68.27407836914062,1.3300000429153442,102.37000274658203,764.8631591796875,45.86000061035156,127.19612121582031,152.40084838867188,90.12999725341797,238.76934814453125,44.970001220703125,153.73471069335938,35.77000045776367,115.0199966430664,136.61734008789062,68.73999786376953,16.6299991607666,118.33999633789062,130.44146728515625,30.676368713378906,12.319999694824219,2.7300000190734863,247.1300048828125,335.1600036621094,39.575523376464844,162.33912658691406,174.02999877929688,716.5357666015625,197.92178344726562,241.92242431640625,104.38565063476562,132.43995666503906,87.96430206298828,23.836841583251953,231.49000549316406,321.3064270019531,350.46234130859375,48.15999984741211,76.67071533203125,76.08381652832031,23.20848846435547,176.1699981689453,694.6690673828125,142.7372283935547,32.414588928222656,109.42385864257812,277.0299987792969,79.69956970214844,300.4435729980469,170.23388671875,230.23863220214844,155.61997985839844,41.46857833862305,129.60403442382812,28.020000457763672,76.59574127197266,138.0399932861328,8151.740234375,190.3943328857422,389.8800048828125,17.100000381469727,157.40036010742188,171.95355224609375,219.42442321777344,513.0023193359375,100.52999877929688,308.1437683105469,57.59000015258789,16.559999465942383,67.69999694824219,106.58499908447266,17.722034454345703,118.3735580444336,263.925048828125,9.079999923706055,636.2501220703125,100.0982894897461,34.97999954223633,176.13999938964844,123.3709945678711,91.7348861694336,247.1199188232422,429.0674133300781,60.57810974121094,73.58912658691406,340.6523132324219,41.2399787902832,91.37999725341797,5.519999980926514,41.406211853027344,712.3840942382812,76.22244262695312,135.91000366210938,135.5406951904297,163.68746948242188,133.5572967529297,303.5359802246094,575.79248046875,46.89838790893555,356.29962158203125,219.3300018310547,15.5,356.25,114.99430847167969
2025-08-19,200.99661254882812,114.0389633178711,68.4571304321289,166.5800018310547,147.51377868652344,141.6519012451172,114.22010040283203,336.57000732421875,201.4093475341797,175.4063720703125,51.79618453979492,315.9564514160156,44.219478607177734,68.19856262207031,146.36505126953125,212.0814971923828,582.8594360351562,126.0,361.0299987792969,88.7699966430664,65.41000366210938,25.309999465942383,118.89804077148438,149.4341278076172,90.740478515625,739.6995849609375,612.7899780273438,36.79999923706055,282.6864318847656,129.02133178710938,286.4886779785156,99.77778625488281,15.170000076293945,473.5456237792969,177.3560028076172,267.8872375488281,91.92242431640625,302.07000732421875,569.52734375,286.9256286621094,10.289999961853027,976.7107543945312,82.18248748779297,302.8604736328125,78.08999633789062,66.6711196899414,1.2999999523162842,102.19000244140625,749.0250244140625,43.2400016784668,129.33901977539062,155.02371215820312,89.06999969482422,230.1546173095703,40.91999816894531,151.9156036376953,36.22999954223633,107.5,133.7194366455078,64.0199966430664,15.15999984741211,119.06999969482422,131.43585205078125,30.16461181640625,11.960000038146973,2.630000114440918,235.17999267578125,329.30999755859375,40.281192779541016,161.03866577148438,157.75,707.144775390625,192.51016235351562,243.93539428710938,105.0703353881836,130.1270751953125,87.23641204833984,24.074542999267578,228.00999450683594,324.52142333984375,346.00103759765625,44.95000076293945,73.67654418945312,75.65496826171875,22.79528045654297,181.55999755859375,699.80419921875,143.9805908203125,32.453529357910156,108.81155395507812,274.9200134277344,80.51690673828125,296.3044128417969,165.07530212402344,229.90956115722656,153.0247039794922,41.8723258972168,132.38487243652344,27.579999923706055,71.93452453613281,132.77999877929688,8246.8896484375,191.97171020507812,390.760009765625,16.350000381469727,156.6366729736328,173.4657745361328,221.49017333984375,505.7304382324219,101.5999984741211,310.9148864746094,54.15999984741211,15.319999694824219,66.55999755859375,104.6500015258789,17.672943115234375,120.63460540771484,264.44049072265625,8.6899995803833,632.7984008789062,100.68476867675781,32.650001525878906,166.5500030517578,121.87316131591797,91.50067138671875,232.7830352783203,429.5153503417969,59.99305725097656,74.35689544677734,340.3641052246094,41.25453186035156,91.1500015258789,5.090000152587891,41.11859893798828,696.3129272460938,76.31101989746094,138.86000061035156,128.90802001953125,166.61117553710938,134.41233825683594,292.764892578125,577.1806640625,47.05497741699219,365.3150939941406,210.9600067138672,15.489999771118164,346.8800048828125,114.98457336425781
2025-08-20,198.7530059814453,112.9127197265625,67.4954605102539,175.99000549316406,148.69778442382812,141.70106506347656,115.23262786865234,344.3699951171875,204.3007049560547,175.1667022705078,52.06206512451172,312.943603515625,44.25385665893555,68.75286102294922,144.989501953125,212.1704559326172,589.9968872070312,124.95999908447266,353.42999267578125,86.63999938964844,66.56999969482422,23.540000915527344,118.40259552001953,149.29592895507812,92.95365905761719,745.5486450195312,601.1300048828125,36.790000915527344,284.78057861328125,133.43995666503906,288.04595947265625,98.6042709350586,15.449999809265137,475.9532165527344,178.0500030517578,271.7446594238281,92.65443420410156,304.3900146484375,588.6815185546875,287.7993469238281,10.210000038146973,990.3728637695312,81.92121887207031,305.1361389160156,79.61000061035156,68.27407836914062,1.2699999809265137,99.83999633789062,745.27734375,42.61000061035156,125.53932189941406,156.1100616455078,86.76000213623047,226.09947204589844,40.689998626708984,154.8123321533203,35.68000030517578,105.33999633789062,127.07300567626953,64.2699966430664,14.760000228881836,118.0,130.6900634765625,30.097023010253906,12.520000457763672,2.6700000762939453,232.24000549316406,323.8999938964844,40.43586349487305,159.787841796875,156.00999450683594,706.4585571289062,191.9033660888672,244.381591796875,106.15605926513672,129.24671936035156,87.4714126586914,24.131591796875,223.80999755859375,323.58740234375,343.2449035644531,45.08000183105469,70.33306121826172,75.4355697631836,22.44110107421875,184.42999267578125,702.0233154296875,141.57286071777344,32.47299575805664,108.48565673828125,273.80499267578125,80.9742202758789,292.0191955566406,162.88438415527344,225.3723907470703,152.23141479492188,41.916099548339844,128.5094757080078,26.450000762939453,71.08612060546875,131.47000122070312,8031.97021484375,196.70391845703125,394.3599853515625,16.059999465942383,157.1028289794922,174.48040771484375,223.69947814941406,501.7125549316406,100.80000305175781,311.9761657714844,53.06999969482422,15.0600004196167,66.12999725341797,104.7925033569336,18.03622055053711,121.31681060791016,261.2190246582031,8.649999618530273,631.1170043945312,101.95712280273438,33.790000915527344,165.1999969482422,117.04017639160156,92.60343170166016,233.2196044921875,434.2866516113281,58.555206298828125,74.03617095947266,341.8350830078125,41.59880447387695,91.02999877929688,4.769999980926514,40.9698371887207,694.445556640625,76.93112182617188,138.99000549316406,127.399658203125,161.91342163085938,135.13966369628906,289.0520935058594,583.393310546875,47.31922149658203,364.52081298828125,206.44000244140625,15.470000267028809,345.45001220703125,115.71553039550781
2025-08-21,199.18179321289062,112.242919921875,66.97000885009766,177.27999877929688,150.9590301513672,141.62240600585938,115.378662109375,337.5799865722656,204.64259338378906,174.7472381591797,51.89466094970703,311.26043701171875,44.38644027709961,68.7139663696289,143.30615234375,209.50238037109375,589.2404174804688,126.43000030517578,353.42999267578125,87.36000061035156,67.19000244140625,23.5,117.01533508300781,148.76278686523438,94.06024932861328,731.5327758789062,598.1699829101562,37.16999816894531,285.9007873535156,135.0746307373047,287.2870178222656,97.86834716796875,15.510000228881836,474.32513427734375,175.3939971923828,271.705322265625,92.35186767578125,300.2799987792969,595.8032836914062,287.1294860839844,10.125,965.587890625,83.29527282714844,304.9085693359375,77.75,69.35260772705078,1.2599999904632568,97.19000244140625,736.6854858398438,42.310001373291016,124.37858581542969,155.3466796875,87.61000061035156,224.84335327148438,41.529998779296875,154.54541015625,34.58000183105469,106.30000305175781,126.43013763427734,64.77999877929688,14.270000457763672,122.95999908447266,130.83921813964844,30.106678009033203,12.270000457763672,2.7300000190734863,235.07000732421875,320.1099853515625,40.29085922241211,159.13075256347656,156.17999267578125,701.822021484375,189.28707885742188,243.76681518554688,106.84075164794922,128.77919006347656,86.86898040771484,24.47388458251953,221.9499969482422,319.5661315917969,342.4121398925781,44.97999954223633,71.29119110107422,74.45821380615234,22.254175186157227,183.32000732421875,706.382080078125,141.35574340820312,32.911033630371094,108.36714172363281,270.3500061035156,80.24445343017578,295.43768310546875,164.6570281982422,224.26553344726562,150.94845581054688,41.62910842895508,127.34586334228516,26.469999313354492,71.07613372802734,132.02999877929688,7953.89990234375,196.64511108398438,397.4599914550781,16.010000228881836,153.33396911621094,174.56822204589844,226.51405334472656,501.0666198730469,99.29000091552734,311.0426330566406,52.81999969482422,14.8100004196167,64.04000091552734,103.51499938964844,17.996946334838867,120.98545837402344,260.6326904296875,8.640000343322754,628.5850830078125,97.37467193603516,33.4900016784668,163.7100067138672,115.62223815917969,92.49608612060547,231.33448791503906,435.45513916015625,57.355342864990234,73.93899536132812,341.5965576171875,41.8848876953125,89.77999877929688,4.78000020980835,41.376461029052734,693.06494140625,76.60630798339844,139.1199951171875,126.44072723388672,160.42678833007812,134.68753051757812,287.4934997558594,587.9912719726562,47.23114013671875,361.27398681640625,192.0,14.739999771118164,347.57000732421875,113.19129180908203
2025-08-22,205.5037384033203,115.65143585205078,69.29983520507812,186.47000122070312,153.51138305664062,145.53562927246094,117.90996551513672,358.1300048828125,205.71710205078125,177.7532501220703,52.75136947631836,308.9099426269531,45.26543045043945,68.19856262207031,143.94100952148438,218.60345458984375,596.24853515625,129.9199981689453,362.0899963378906,89.80999755859375,70.37999725341797,24.799999237060547,121.82120513916016,151.1914825439453,95.27650451660156,750.9202880859375,606.52001953125,39.779998779296875,291.53070068359375,135.98606872558594,291.9885559082031,99.5291519165039,16.290000915527344,475.27239990234375,177.35000610351562,271.3706970214844,92.21522521972656,319.8500061035156,587.157470703125,287.4622497558594,10.520000457763672,954.494873046875,84.5435562133789,315.78228759765625,80.0199966430664,70.02545166015625,1.3799999952316284,102.9800033569336,752.32421875,43.880001068115234,131.28353881835938,155.28794860839844,90.01000213623047,230.4414520263672,44.380001068115234,154.46632385253906,38.18000030517578,109.31999969482422,129.40716552734375,66.70999908447266,14.819999694824219,127.11000061035156,138.38648986816406,30.782581329345703,13.220000267028809,2.799999952316284,239.83999633789062,340.010009765625,40.92886734008789,161.7689971923828,158.74000549316406,727.2500610351562,189.46612548828125,246.20614624023438,108.84590911865234,130.5250244140625,86.65887451171875,24.606998443603516,228.83999633789062,338.87603759765625,344.6229248046875,47.06999969482422,74.76443481445312,76.761962890625,23.690561294555664,185.8800048828125,708.2330322265625,145.97384643554688,34.663177490234375,109.9275131225586,272.5150146484375,80.24445343017578,299.4014892578125,162.41632080078125,227.11746215820312,154.74835205078125,41.85286331176758,133.864013671875,28.59000015258789,72.8627700805664,133.25,8212.8095703125,201.88674926757812,395.1199951171875,16.639999389648438,157.90621948242188,174.91944885253906,226.91587829589844,504.0378112792969,101.80000305175781,314.0692443847656,54.31999969482422,15.539999961853027,68.7699966430664,105.13749694824219,18.193313598632812,121.18036651611328,272.1105651855469,8.96500015258789,638.2382202148438,96.25141906738281,35.040000915527344,167.75999450683594,117.5094985961914,94.44789123535156,234.51934814453125,434.48138427734375,61.17308044433594,74.17223358154297,347.9078674316406,42.7382926940918,92.05000305175781,4.940000057220459,42.92361068725586,658.2010498046875,77.85633087158203,139.30999755859375,125.83139038085938,169.1582489013672,135.7981414794922,291.86151123046875,583.2947998046875,48.42512893676758,370.279541015625,202.27999877929688,16.200000762939453,349.6300048828125,111.85607147216797
2025-08-25,207.8969268798828,115.41825103759766,68.8834457397461,185.27999877929688,153.53079223632812,145.1718292236328,118.22151184082031,343.20001220703125,202.73780822753906,179.57083129882812,52.446102142333984,309.4278564453125,45.01498794555664,67.0316162109375,142.5558624267578,218.48487854003906,590.5245361328125,128.14999389648438,363.2099914550781,90.73999786376953,71.19000244140625,24.549999237060547,123.21836853027344,149.6809844970703,95.20672607421875,750.4924926757812,597.0,38.68000030517578,286.5339050292969,135.35203552246094,290.6678161621094,100.7225570678711,15.399999618530273,471.50311279296875,175.98800659179688,271.76434326171875,90.8975830078125,306.0,570.1248779296875,282.3240966796875,11.380000114440918,937.6065063476562,82.5501937866211,312.4577941894531,77.63999938964844,70.35198211669922,1.3200000524520874,102.33999633789062,750.839111328125,44.06999969482422,131.2339324951172,152.82168579101562,91.93000030517578,233.0129852294922,47.220001220703125,154.4959716796875,38.22999954223633,107.94000244140625,129.5753173828125,66.9000015258789,14.470000267028809,128.2100067138672,137.82965087890625,30.8887939453125,13.279999732971191,2.7200000286102295,241.14999389648438,346.6000061035156,40.72586441040039,161.27122497558594,157.1699981689453,724.2112426757812,189.08811950683594,245.7896728515625,109.29584503173828,130.23153686523438,87.58193969726562,23.903396606445312,227.94000244140625,339.1709899902344,342.78887939453125,50.0099983215332,74.82431030273438,79.00590515136719,23.415088653564453,184.5500030517578,691.9623413085938,147.5724334716797,34.702110290527344,110.10529327392578,269.6600036621094,78.87249755859375,296.90826416015625,162.1673583984375,226.51914978027344,153.19117736816406,41.38102340698242,132.92723083496094,27.389999389648438,72.81285858154297,133.0399932861328,8126.7099609375,201.79859924316406,388.94000244140625,16.440000534057617,162.65696716308594,174.0609130859375,226.23085021972656,501.0865173339844,99.66000366210938,314.34442138671875,54.130001068115234,15.020000457763672,67.58999633789062,104.7074966430664,18.478044509887695,119.98163604736328,266.9231872558594,8.859999656677246,635.42919921875,95.49596405029297,35.900001525878906,163.36000061035156,116.2513198852539,95.81415557861328,233.56686401367188,435.9615173339844,59.903812408447266,73.20037841796875,346.6953125,42.84981918334961,91.3499984741211,4.829999923706055,43.33023452758789,652.5394287109375,78.92919921875,136.36000061035156,124.88243103027344,167.45359802246094,133.86196899414062,292.08984375,577.6829223632812,48.42512893676758,364.3917236328125,199.44000244140625,16.3799991607666,345.19000244140625,111.25181579589844
2025-08-26,206.5507354736328,115.94913482666016,69.57742309570312,208.6699981689453,152.71559143066406,146.4696807861328,118.0949478149414,351.3599853515625,203.52902221679688,181.52822875976562,52.84983825683594,315.3040466308594,45.137752532958984,66.83712768554688,141.4015655517578,222.2596893310547,588.9317016601562,126.88999938964844,354.9100036621094,91.48999786376953,74.30999755859375,24.350000381469727,123.05982971191406,151.22113037109375,96.40303039550781,759.1866455078125,596.0,40.75,286.339111328125,138.37371826171875,294.2851257324219,103.05961608886719,15.84000015258789,475.5190734863281,172.9320068359375,273.2305603027344,90.8585433959961,308.4800109863281,585.3347778320312,283.4104309082031,11.359999656677246,937.3675537109375,82.24053955078125,317.20703125,77.6500015258789,71.6679916381836,1.3200000524520874,104.12999725341797,751.636474609375,44.36000061035156,130.09303283691406,152.6455078125,92.4800033569336,236.1087646484375,48.130001068115234,157.75851440429688,37.959999084472656,108.80000305175781,129.55552673339844,68.05000305175781,15.300000190734863,123.91000366210938,136.92477416992188,30.714990615844727,13.6899995803833,2.7300000190734863,245.89999389648438,351.6700134277344,40.60986328125,163.780029296875,160.8699951171875,734.1707153320312,194.101806640625,241.69436645507812,109.05131530761719,130.82843017578125,88.43331146240234,23.6942195892334,228.7100067138672,347.7935485839844,348.99505615234375,50.43000030517578,76.36132049560547,79.49456787109375,23.05107307434082,184.22999572753906,732.4652099609375,145.99359130859375,34.380882263183594,109.62136840820312,267.67999267578125,78.3568115234375,292.59381103515625,165.83216857910156,228.6630859375,155.88441467285156,41.47344970703125,131.4185028076172,27.719999313354492,74.12040710449219,134.27000427246094,8068.25,201.80838012695312,387.17999267578125,16.639999389648438,163.88681030273438,173.4515838623047,226.31336975097656,498.8804931640625,98.7300033569336,316.59466552734375,54.880001068115234,15.449999809265137,68.58000183105469,104.4000015258789,18.24240493774414,120.14730834960938,266.1778564453125,8.90999984741211,638.0897827148438,95.47608184814453,36.02000045776367,166.6199951171875,116.33120727539062,94.71139526367188,232.37628173828125,443.4981994628906,60.637611389160156,72.73387908935547,349.0408935546875,42.78193664550781,91.55999755859375,4.829999923706055,43.984798431396484,655.10205078125,80.22845458984375,136.72000122070312,127.78923797607422,166.86883544921875,134.69737243652344,295.8423156738281,583.8659057617188,49.17871856689453,363.85552978515625,196.72000122070312,16.610000610351562,344.0299987792969,111.83657836914062
2025-08-27,206.88978576660156,115.97393035888672,69.0519790649414,198.2899932861328,154.5401153564453,146.87278747558594,119.63318634033203,342.05999755859375,203.23597717285156,181.35845947265625,52.95815658569336,314.6666564941406,45.250694274902344,66.93437194824219,142.01719665527344,221.89407348632812,587.986083984375,129.85000610351562,356.3500061035156,92.73999786376953,73.19999694824219,24.850000381469727,121.11766052246094,151.20135498046875,96.28340911865234,765.9508056640625,603.1699829101562,41.41999816894531,286.9429931640625,138.20530700683594,294.9849548339844,103.09939575195312,15.850000381469727,476.298583984375,177.5959930419922,272.344970703125,91.04398345947266,308.9700012207031,584.6474609375,281.8347473144531,11.420000076293945,945.5130615234375,81.35030364990234,319.04730224609375,78.12999725341797,71.62841033935547,1.3300000429153442,104.20999908447266,744.9384155273438,44.7599983215332,129.9938201904297,153.61441040039062,89.86000061035156,236.6725311279297,46.25,158.0254364013672,37.560001373291016,102.91999816894531,131.0489959716797,67.91999816894531,15.390000343322754,122.22000122070312,137.16342163085938,29.759069442749023,13.550000190734863,2.6700000762939453,247.47000122070312,349.6000061035156,40.78385925292969,163.6605682373047,156.72000122070312,734.87646484375,193.58453369140625,248.0604705810547,110.28376007080078,131.53469848632812,88.5119857788086,23.836841583251953,229.1199951171875,353.0339660644531,348.3804016113281,48.25,75.13370513916016,80.45197296142578,22.539485931396484,187.61000061035156,730.6141357421875,148.3421173095703,35.023338317871094,109.80901336669922,273.07000732421875,78.59032440185547,295.9538269042969,164.91595458984375,229.8397674560547,156.47203063964844,41.48316955566406,131.47764587402344,27.190000534057617,74.64940643310547,133.27000427246094,8033.81982421875,201.30870056152344,389.0799865722656,16.860000610351562,165.87045288085938,173.74639892578125,222.74356079101562,503.5509033203125,99.54000091552734,319.8178405761719,53.529998779296875,15.229999542236328,67.69000244140625,105.65249633789062,17.466760635375977,120.53714752197266,267.9864807128906,8.989999771118164,639.5436401367188,95.50589752197266,35.15999984741211,167.1300048828125,117.57939147949219,95.54090118408203,233.96372985839844,442.5342102050781,60.74668884277344,71.81062316894531,348.2159729003906,43.26198196411133,93.02999877929688,4.889999866485596,43.50875473022461,658.7077026367188,81.202880859375,136.36000061035156,129.16770935058594,166.00660705566406,134.61874389648438,298.0660400390625,577.5548095703125,49.305946350097656,364.7888488769531,191.22999572753906,15.800000190734863,346.8800048828125,111.02764129638672
2025-08-28,211.03794860839844,116.1723861694336,69.45845794677734,209.3800048828125,154.6177520751953,147.65936279296875,121.05461120605469,338.8399963378906,203.0992431640625,179.9303436279297,53.0270881652832,318.2620849609375,45.250694274902344,66.4773178100586,141.38232421875,224.45343017578125,587.806884765625,130.4600067138672,353.9599914550781,97.88999938964844,77.88999938964844,24.93000030517578,118.48186492919922,151.4679412841797,96.93141174316406,759.4452514648438,612.1699829101562,43.29999923706055,287.36181640625,137.81890869140625,296.749267578125,103.51708221435547,15.960000038146973,475.74603271484375,185.72000122070312,272.6204528808594,90.02891540527344,308.4700012207031,577.3263549804688,279.5250244140625,11.600000381469727,940.9722290039062,80.51812744140625,323.5293884277344,79.29000091552734,72.20231628417969,1.3300000429153442,105.08000183105469,748.65625,43.970001220703125,130.43032836914062,152.33233642578125,90.97000122070312,235.66371154785156,47.90999984741211,158.8361358642578,37.58000183105469,103.69000244140625,132.58201599121094,68.51000213623047,16.579999923706055,122.22000122070312,138.09812927246094,29.3438720703125,13.800000190734863,2.6500000953674316,248.92999267578125,345.9800109863281,40.67753219604492,164.53668212890625,158.1199951171875,736.3958740234375,195.67356872558594,252.393798828125,110.87062072753906,132.5742645263672,89.02082061767578,23.38995933532715,231.60000610351562,359.69012451171875,352.2865295410156,48.95000076293945,78.4771957397461,81.81826782226562,22.598512649536133,191.02000427246094,728.4149169921875,147.8191375732422,35.510040283203125,110.22380065917969,280.4200134277344,78.0940933227539,294.4052734375,165.14500427246094,231.9039306640625,157.48077392578125,41.1669921875,131.28042602539062,26.59000015258789,77.0848159790039,136.22999572753906,8074.7998046875,199.9566650390625,392.04998779296875,16.850000381469727,170.96835327148438,172.42947387695312,224.18377685546875,506.4326477050781,99.16999816894531,319.27734375,53.04999923706055,15.920000076293945,68.11000061035156,110.5,17.19184684753418,119.26043701171875,268.5628662109375,8.899999618530273,641.8085327148438,95.53572082519531,36.47999954223633,168.5800018310547,121.82323455810547,96.07765197753906,238.43841552734375,444.19927978515625,61.45073699951172,70.60304260253906,347.7289733886719,43.59170150756836,92.58999633789062,4.864999771118164,44.004634857177734,663.7037963867188,80.6910629272461,132.64999389648438,134.08230590820312,167.40403747558594,134.0880126953125,306.4049072265625,578.8250122070312,49.41360092163086,363.5775146484375,197.02000427246094,16.3700008392334,354.2900085449219,109.70218658447266
2025-08-29,212.30435180664062,114.97669219970703,69.58734893798828,201.72999572753906,155.85997009277344,147.95431518554688,121.52193450927734,334.4100036621094,205.52171325683594,173.94830322265625,53.164947509765625,306.7387390136719,45.31452941894531,67.08995819091797,142.98870849609375,224.53248596191406,592.5950927734375,130.52999877929688,356.70001220703125,93.97000122070312,73.63999938964844,24.350000381469727,133.77145385742188,150.0758819580078,100.11161041259766,738.7147827148438,603.52001953125,42.7400016784668,286.4754333496094,142.8319549560547,297.0942687988281,99.59877014160156,15.979999542236328,471.9372863769531,183.49200439453125,273.19122314453125,90.08748626708984,304.5400085449219,578.412109375,281.5802917480469,11.354999542236328,939.3391723632812,81.39868927001953,327.77398681640625,78.7699966430664,73.61726379394531,1.309999942779541,105.0,736.286865234375,41.540000915527344,130.9759979248047,153.69268798828125,95.30000305175781,228.34461975097656,48.599998474121094,156.79953002929688,37.70000076293945,104.02999877929688,120.81233215332031,65.83999633789062,16.229999542236328,120.22000122070312,138.21746826171875,30.000463485717773,13.760000228881836,2.569999933242798,241.35000610351562,333.8699951171875,40.89986801147461,160.0466766357422,156.7100067138672,734.4544677734375,188.12318420410156,254.099365234375,111.79006958007812,130.53993225097656,86.83014678955078,23.542091369628906,229.0,357.1141662597656,346.1398010253906,48.939998626708984,77.23960876464844,80.12286376953125,23.031396865844727,190.52000427246094,729.0319213867188,146.76327514648438,35.86046600341797,110.00652313232422,277.04998779296875,78.60005950927734,301.7875671386719,161.3706512451172,231.485107421875,157.41221618652344,41.01619338989258,131.29029846191406,26.969999313354492,62.75181198120117,136.5500030517578,8117.64990234375,198.3792724609375,391.0199890136719,16.360000610351562,166.0291290283203,174.11985778808594,222.0839385986328,503.5011901855469,99.95999908447266,318.9432678222656,51.83000183105469,15.619999885559082,67.26000213623047,105.92500305175781,17.260574340820312,119.37738037109375,266.1877746582031,8.770000457763672,637.98095703125,96.40052795410156,34.650001525878906,162.6300048828125,118.83757019042969,96.58512115478516,224.35952758789062,443.6637268066406,61.2623291015625,70.56388092041016,349.6372985839844,43.82929992675781,92.7699966430664,4.699999809265137,44.034393310546875,662.5119018554688,80.8879165649414,132.22000122070312,127.40966033935547,167.9689483642578,135.0708465576172,295.22686767578125,580.9319458007812,49.65827178955078,363.2300109863281,195.19000244140625,15.970000267028809,350.42999267578125,110.10176849365234
2025-09-02,210.74879455566406,114.11835479736328,68.65541076660156,203.88999938964844,157.0536651611328,146.3516845703125,122.76811218261719,341.6199951171875,207.00648498535156,170.55284118652344,52.77105712890625,305.9519348144531,44.975704193115234,67.15802764892578,144.55665588378906,220.62921142578125,589.1906127929688,127.58999633789062,345.6300048828125,93.58999633789062,73.58999633789062,24.209999084472656,137.2891387939453,148.64430236816406,101.25808715820312,722.032958984375,592.010009765625,42.9900016784668,284.60528564453125,146.7760467529297,295.39892578125,96.49594116210938,16.059999465942383,467.8424072265625,182.28399658203125,270.7310791015625,89.88251495361328,303.55999755859375,575.6231079101562,280.8071594238281,11.399999618530273,934.8582153320312,82.71469116210938,327.675048828125,76.93000030517578,75.06190490722656,1.2799999713897705,104.68000030517578,732.70849609375,40.779998779296875,131.04542541503906,154.62245178222656,96.29000091552734,225.8917694091797,49.310001373291016,156.21620178222656,36.97999954223633,100.83999633789062,119.63536071777344,66.08999633789062,15.520000457763672,121.69000244140625,137.50149536132812,30.492908477783203,14.09000015258789,2.4700000286102295,240.02000427246094,329.3599853515625,40.203861236572266,156.87083435058594,157.08999633789062,720.2630004882812,184.84039306640625,250.73780822753906,112.18132019042969,129.22183227539062,84.2760238647461,23.75126838684082,225.33999633789062,348.1277770996094,340.7961120605469,48.7599983215332,75.2734375,81.68862915039062,23.178972244262695,190.52000427246094,731.629150390625,144.46409606933594,34.94546127319336,109.81889343261719,274.57000732421875,78.47357177734375,300.7454528808594,159.36895751953125,229.0719451904297,155.50247192382812,40.8799934387207,130.83668518066406,26.239999771118164,64.47856140136719,135.8699951171875,8169.85009765625,195.7633514404297,401.0,16.309999465942383,169.10372924804688,174.99453735351562,218.3752899169922,501.9410705566406,97.81999969482422,318.7663879394531,52.65999984741211,15.850000381469727,66.72000122070312,103.375,18.104949951171875,118.7926254272461,262.8288879394531,8.710000038146973,633.2533569335938,97.26531982421875,37.2400016784668,162.32000732421875,118.30834197998047,96.6046371459961,223.53602600097656,443.83050537109375,60.617774963378906,71.15150451660156,347.93768310546875,43.892333984375,89.5,4.659999847412109,44.5699462890625,657.5355834960938,80.49420166015625,139.6300048828125,123.87354278564453,168.74197387695312,135.1986083984375,296.0706787109375,582.5035400390625,49.345088958740234,358.35491943359375,195.77999877929688,15.930000305175781,342.80999755859375,109.84837341308594
2025-09-03,230.00384521484375,114.57976531982422,69.04206848144531,201.5399932861328,153.3949432373047,146.03704833984375,117.39396667480469,330.260009765625,206.9478759765625,170.39305114746094,52.68244171142578,307.23675537109375,44.67124938964844,67.08995819091797,142.97911071777344,218.712158203125,590.5941772460938,124.9000015258789,348.5,94.81999969482422,72.2300033569336,24.0,135.208251953125,147.89398193359375,102.12541198730469,732.9453125,592.1199951171875,40.970001220703125,283.7189025878906,147.79934692382812,295.211669921875,97.20203399658203,15.890000343322754,465.51373291015625,183.87600708007812,268.753173828125,89.46282958984375,302.30999755859375,561.5786743164062,277.80255126953125,11.710000038146973,945.77197265625,81.45674133300781,320.2840881347656,76.58000183105469,74.62653350830078,1.2599999904632568,106.16000366210938,734.6422119140625,40.099998474121094,132.24586486816406,154.79861450195312,96.4000015258789,228.85894775390625,43.529998779296875,156.31509399414062,37.08000183105469,100.81999969482422,122.66185760498047,64.5,15.039999961853027,124.38999938964844,139.9973602294922,30.12598991394043,13.449999809265137,2.5,238.22999572753906,334.0899963378906,40.09752655029297,155.5566864013672,154.89999389648438,719.977294921875,187.13832092285156,254.29766845703125,109.4621353149414,129.99281311035156,84.03205871582031,23.570615768432617,225.99000549316406,349.03240966796875,340.0426330566406,45.220001220703125,77.02003479003906,85.76757049560547,23.46428108215332,191.52999877929688,734.2564086914062,143.28982543945312,34.34202575683594,111.6557846069336,270.5799865722656,78.41517639160156,299.8494873046875,160.28515625,237.79725646972656,154.03343200683594,40.7778434753418,132.2172393798828,26.0,62.19287109375,137.3800048828125,8190.22998046875,191.77577209472656,396.6199951171875,18.760000228881836,174.8760986328125,174.93557739257812,221.44532775878906,502.1696472167969,96.06999969482422,317.2137756347656,52.97999954223633,15.300000190734863,66.80000305175781,103.30000305175781,18.124584197998047,118.41253662109375,263.4151916503906,8.460000038146973,636.685302734375,98.8458251953125,40.41999816894531,162.1300048828125,118.54798126220703,92.36922454833984,221.70050048828125,440.4564208984375,60.75660705566406,70.15254211425781,348.7328186035156,42.90800476074219,89.81999969482422,4.630000114440918,45.82948684692383,664.1805419921875,79.24417114257812,141.6199951171875,125.45179748535156,170.6349639892578,134.55978393554688,300.19049072265625,574.2896728515625,48.992767333984375,360.44989013671875,201.49000549316406,16.479999542236328,347.32000732421875,110.12126159667969
2025-09-04,231.63917541503906,116.67349243164062,67.8721923828125,199.00999450683594,153.03585815429688,148.00347900390625,118.38700866699219,327.5899963378906,208.06143188476562,171.4316864013672,53.23387908935547,307.81439208984375,44.84312057495117,66.3703384399414,141.29574584960938,223.6431427001953,592.9435424804688,125.37000274658203,344.30999755859375,116.91999816894531,69.61000061035156,24.610000610351562,129.72857666015625,149.56248474121094,102.41452026367188,749.4679565429688,601.9600219726562,42.11000061035156,282.44293212890625,147.42181396484375,299.4598083496094,99.86727905273438,15.109999656677246,467.60235595703125,179.71200561523438,268.6350402832031,89.66779327392578,306.79998779296875,564.9851684570312,274.1324157714844,11.619999885559082,951.8660888671875,81.33094787597656,327.1506652832031,76.44000244140625,74.33863067626953,1.2400000095367432,106.05000305175781,746.204345703125,40.70000076293945,136.5217742919922,155.79689025878906,98.20999908447266,232.6371612548828,42.9900016784668,156.87860107421875,36.52000045776367,102.91000366210938,125.2828369140625,63.59000015258789,15.119999885559082,123.87000274658203,144.59136962890625,29.865283966064453,13.15999984741211,2.5199999809265137,226.75999450683594,338.5299987792969,40.36819076538086,157.53785705566406,156.13999938964844,738.0516357421875,188.73992919921875,241.9620819091797,109.94141387939453,130.6344451904297,86.95860290527344,23.33291244506836,235.67999267578125,354.0072937011719,345.22772216796875,41.86000061035156,76.16170501708984,90.35047912597656,23.48396110534668,192.35000610351562,739.3118286132812,143.02342224121094,35.33303451538086,112.66311645507812,268.25,78.4638442993164,302.2843017578125,163.11343383789062,239.10354614257812,157.30340576171875,40.72919845581055,136.1518096923828,25.6299991607666,63.97949981689453,141.1699981689453,8407.76953125,183.4969024658203,396.92999267578125,18.540000915527344,182.47335815429688,175.6824951171875,221.56076049804688,504.7731628417969,97.68000030517578,316.8501892089844,52.7400016784668,15.289999961853027,68.8499984741211,103.11499786376953,18.222766876220703,117.79855346679688,267.1716003417969,8.420000076293945,642.00634765625,100.32691192626953,36.029998779296875,161.7899932861328,124.03003692626953,93.46222686767578,221.2540283203125,448.09716796875,60.04263687133789,69.40821838378906,348.8520812988281,43.194095611572266,89.73999786376953,4.519999980926514,45.690643310546875,663.793212890625,80.54341888427734,139.94000244140625,125.56168365478516,175.1146697998047,135.0708465576172,303.8735046386719,573.0541381835938,49.540828704833984,363.1803894042969,201.8699951171875,16.43000030517578,349.3299865722656,109.90684509277344
2025-09-05,234.33152770996094,116.64869689941406,67.67391204833984,205.38999938964844,149.1248016357422,145.60443115234375,114.8139877319336,335.8699951171875,207.63165283203125,166.7978515625,52.259002685546875,300.3645324707031,45.15739059448242,66.08832550048828,142.19229125976562,218.9097900390625,581.5751953125,123.80999755859375,348.9700012207031,116.69000244140625,69.79000091552734,24.489999771118164,134.34617614746094,149.00961303710938,103.91988372802734,777.5892944335938,598.1400146484375,41.79999923706055,282.33575439453125,150.8592529296875,290.1552734375,102.38336181640625,15.1899995803833,464.7614440917969,182.75999450683594,269.2281494140625,89.57994079589844,299.07000732421875,571.1209716796875,277.5970153808594,12.0600004196167,959.4140625,81.96959686279297,322.7675476074219,78.83000183105469,75.61930847167969,1.2699999809265137,106.58999633789062,749.9918823242188,40.40999984741211,139.4583740234375,156.60919189453125,101.95999908447266,240.7474822998047,45.84000015258789,155.73178100585938,39.650001525878906,101.25,123.4629898071289,64.80999755859375,15.100000381469727,124.68000030517578,146.5403289794922,30.36738395690918,13.289999961853027,2.759999990463257,226.0800018310547,350.8399963378906,40.774200439453125,162.02784729003906,153.11000061035156,727.5164184570312,187.0189666748047,248.65542602539062,106.84075164794922,130.7438507080078,90.12511444091797,23.656187057495117,232.3300018310547,346.3482360839844,346.03076171875,42.40999984741211,75.70259857177734,91.89810180664062,23.454442977905273,194.4600067138672,723.6878662109375,145.31271362304688,35.1466064453125,113.26554870605469,274.20001220703125,78.68762969970703,307.16357421875,162.96405029296875,239.0137939453125,157.4314422607422,40.602725982666016,139.90887451171875,25.760000228881836,63.21095275878906,142.85000610351562,8502.0,184.12393188476562,396.1199951171875,20.8799991607666,186.61912536621094,175.35816955566406,218.7611846923828,491.884765625,98.93000030517578,317.2628479003906,54.86000061035156,15.369999885559082,70.12000274658203,104.40750122070312,18.644954681396484,117.54515075683594,263.0475158691406,8.489999771118164,640.14697265625,99.90943145751953,34.529998779296875,151.13999938964844,131.1796417236328,90.71018981933594,230.97731018066406,455.0120544433594,60.6673583984375,69.43759155273438,341.1294250488281,42.36008071899414,91.4800033569336,4.610000133514404,45.95841598510742,668.292724609375,77.71854400634766,140.6699981689453,123.86356353759766,180.17910766601562,135.5327606201172,332.4540710449219,574.0820922851562,48.97987747192383,369.7831115722656,205.13999938964844,18.18000030517578,351.010009765625,112.12895965576172
2025-09-08,233.5829620361328,117.10018157958984,67.81271362304688,204.67999267578125,149.4547576904297,146.2926788330078,114.54138946533203,329.8999938964844,204.9258575439453,168.0861358642578,52.298397064208984,297.61566162109375,45.196678161621094,65.57292938232422,137.646484375,217.4967041015625,583.9443969726562,124.62000274658203,358.6600036621094,119.0,70.72000122070312,24.479999542236328,139.91502380371094,149.3452911376953,105.72432708740234,792.0628051757812,609.0800170898438,41.0099983215332,281.4104309082031,153.17401123046875,288.70635986328125,104.49169158935547,15.199999809265137,469.81964111328125,187.86599731445312,270.7107238769531,88.65271759033203,302.20001220703125,556.2398681640625,274.22052001953125,11.84000015258789,967.748779296875,81.3696517944336,321.9660949707031,80.36000061035156,75.20233917236328,1.25,107.7699966430664,749.84228515625,40.040000915527344,140.30165100097656,155.62071228027344,108.6500015258789,244.48611450195312,47.72999954223633,152.46923828125,38.810001373291016,117.27999877929688,121.65303039550781,64.13999938964844,15.149999618530273,125.02999877929688,147.16677856445312,31.719188690185547,13.4399995803833,2.7899999618530273,236.91000366210938,346.3999938964844,40.5035285949707,161.33094787597656,156.10000610351562,731.1036987304688,187.02890014648438,250.15277099609375,107.44718170166016,131.7237091064453,90.51246643066406,23.342416763305664,235.83999633789062,345.15863037109375,346.4867858886719,40.77000045776367,77.08989715576172,93.14617919921875,24.182476043701172,197.3800048828125,735.0625,142.11558532714844,35.10736083984375,113.39392852783203,281.6000061035156,78.3957290649414,311.8968200683594,163.07359313964844,237.2089080810547,157.82542419433594,40.18925857543945,140.421630859375,26.25,65.87593078613281,140.00999450683594,8543.0,182.05667114257812,395.25,19.940000534057617,187.69029235839844,175.06333923339844,221.30010986328125,495.06463623046875,98.18000030517578,317.1253356933594,54.099998474121094,15.420000076293945,69.76000213623047,107.01499938964844,18.87077522277832,117.1163330078125,266.396484375,8.4399995803833,641.7195434570312,101.6688461303711,33.95000076293945,151.41000366210938,131.26953125,89.1975326538086,236.61282348632812,450.3138122558594,61.242496490478516,68.33090209960938,340.2149963378906,42.26310729980469,92.68000030517578,4.619999885559082,46.275779724121094,667.160400390625,77.89571380615234,141.35000610351562,121.68595123291016,182.39913940429688,135.483642578125,343.13580322265625,575.1693725585938,48.67479705810547,372.5632019042969,203.2100067138672,16.920000076293945,360.6400146484375,112.93788146972656
2025-09-09,239.1620330810547,116.93646240234375,67.09889221191406,217.89999389648438,150.27967834472656,149.6651153564453,114.21037292480469,328.5299987792969,205.541259765625,170.53286743164062,52.52488327026367,299.60760498046875,44.4600944519043,65.99108123779297,138.99664306640625,219.84854125976562,581.356201171875,123.80999755859375,354.05999755859375,122.19000244140625,73.97000122070312,24.440000534057617,145.76133728027344,148.33827209472656,104.28874206542969,800.8960571289062,604.3699951171875,44.0,279.6864013671875,151.75335693359375,293.57550048828125,104.98894500732422,15.930000305175781,468.6417236328125,186.73399353027344,267.5675964355469,89.02360534667969,318.7799987792969,554.3373413085938,274.00518798828125,11.880000114440918,975.1175537109375,81.87283325195312,320.90740966796875,79.83999633789062,75.3711166381836,1.309999942779541,105.6500015258789,763.1986083984375,42.91999816894531,135.63882446289062,156.06112670898438,108.47000122070312,248.17532348632812,47.029998779296875,150.0272674560547,37.939998626708984,118.5,119.96176147460938,64.55999755859375,16.5,126.05999755859375,144.00469970703125,32.704078674316406,15.210000038146973,2.759999990463257,230.99000549316406,346.9700012207031,40.484195709228516,162.77452087402344,162.36000061035156,752.85400390625,192.76881408691406,249.9445343017578,108.22969055175781,131.97738647460938,91.38375091552734,23.494548797607422,238.24000549316406,339.5052795410156,345.2376403808594,36.90999984741211,77.23960876464844,94.39424133300781,24.05457878112793,197.5500030517578,746.9745483398438,139.15524291992188,35.10736083984375,114.0358657836914,282.2900085449219,78.55140686035156,338.8451232910156,161.55987548828125,233.68887329101562,156.2692108154297,40.46652603149414,135.5404052734375,25.09000015258789,66.71434783935547,141.91000366210938,8276.25,181.28268432617188,396.4800109863281,20.364999771118164,190.02102661132812,173.9134979248047,221.38475036621094,495.2733154296875,98.22000122070312,315.7593688964844,53.689998626708984,16.149999618530273,64.33000183105469,105.87750244140625,19.54823875427246,117.32099914550781,262.35186767578125,8.40999984741211,643.203125,101.67879486083984,35.34000015258789,155.82000732421875,135.04405212402344,89.64645385742188,239.61911010742188,448.3031005859375,60.17155075073242,68.62471771240234,341.89471435546875,42.466758728027344,93.8499984741211,4.699999809265137,43.52859115600586,666.375732421875,79.49024200439453,143.60000610351562,125.44181823730469,176.2940673828125,136.2109375,334.2211608886719,565.0181274414062,49.49161911010742,358.8116455078125,203.05999755859375,16.030000686645508,361.7699890136719,112.8209457397461
2025-09-10,238.70294189453125,115.53731536865234,65.07640838623047,219.3000030517578,153.1328887939453,151.53321838378906,117.0824203491211,326.45001220703125,206.7329864501953,177.09413146972656,52.347633361816406,318.7102966308594,44.543575286865234,65.95217895507812,138.56924438476562,220.78729248046875,576.7571411132812,123.41000366210938,350.1600036621094,129.86000061035156,73.75,24.770000457763672,142.62017822265625,149.4341278076172,105.12615966796875,788.9691772460938,387.7799987792969,43.86000061035156,280.03704833984375,151.82290649414062,296.22686767578125,106.76908874511719,15.859999656677246,467.9092102050781,184.71400451660156,272.4403991699219,89.36521911621094,315.3399963378906,553.64013671875,272.5762939453125,11.289999961853027,952.25439453125,81.31159973144531,319.92791748046875,79.4800033569336,77.86296081542969,1.2200000286102295,107.51000213623047,749.5234375,43.90999984741211,134.3391876220703,153.99609375,107.5999984741211,257.5911865234375,46.16999816894531,153.24037170410156,37.119998931884766,117.45999908447266,123.08714294433594,65.66000366210938,16.190000534057617,124.68000030517578,142.39381408691406,32.173011779785156,16.399999618530273,2.559999942779541,247.0500030517578,347.7900085449219,40.464866638183594,162.69488525390625,166.74000549316406,758.4320068359375,208.11830139160156,240.5341796875,110.03922271728516,134.3698272705078,92.86742401123047,23.361434936523438,230.3300018310547,335.75927734375,359.13714599609375,37.58000183105469,79.31556701660156,94.87350463867188,23.65121078491211,197.3300018310547,750.965087890625,140.0038604736328,35.480220794677734,113.19641876220703,278.7900085449219,77.78273010253906,337.7348327636719,165.4437713623047,226.1501922607422,156.55484008789062,41.16212844848633,134.68251037597656,24.15999984741211,66.97386932373047,150.72000122070312,8335.8896484375,180.28330993652344,388.54998779296875,19.8799991607666,191.45913696289062,172.7636260986328,217.5298614501953,497.2209777832031,95.48999786376953,317.4495849609375,51.810001373291016,16.040000915527344,67.58999633789062,106.21749877929688,19.54823875427246,118.26634979248047,260.7817687988281,8.300000190734863,645.0625610351562,99.81002807617188,34.310001373291016,159.5399932861328,139.79714965820312,92.04717254638672,325.75933837890625,454.982666015625,60.8755989074707,69.57471466064453,336.0604553222656,43.208641052246094,90.20999908447266,4.539999961853027,44.510440826416016,651.8441162109375,79.03746795654297,142.61000061035156,136.5895538330078,174.55966186523438,134.97256469726562,366.8818054199219,573.162841796875,49.334163665771484,354.9095764160156,203.7899932861328,16.200000762939453,338.5299987792969,112.32388305664062
2025-09-11,239.9005889892578,117.78485107421875,66.6924057006836,224.32000732421875,153.57933044433594,153.85360717773438,116.82929229736328,326.0199890136719,215.11404418945312,176.94432067871094,53.2043342590332,316.7183532714844,45.47657775878906,65.75769805908203,140.09422302246094,221.69644165039062,586.0647583007812,123.05000305175781,350.54998779296875,132.5,79.97000122070312,24.610000610351562,154.0254364013672,150.85580444335938,107.04027557373047,799.93115234375,438.1000061035156,47.04999923706055,286.87481689453125,152.7269744873047,301.1748046875,114.94384002685547,15.710000038146973,478.6888427734375,187.656005859375,277.3724365234375,89.92155456542969,323.95001220703125,565.9613647460938,276.7063903808594,11.420000076293945,960.2505493164062,82.39537048339844,325.8347473144531,80.88999938964844,79.07415008544922,1.2599999904632568,109.36000061035156,748.4469604492188,43.95000076293945,137.56349182128906,155.24880981445312,111.81999969482422,256.0779113769531,48.43000030517578,155.86029052734375,37.31999969482422,117.75,123.99707794189453,67.66999816894531,16.690000534057617,125.72000122070312,146.12269592285156,33.21583557128906,15.649999618530273,2.7100000381469727,241.80999755859375,368.80999755859375,41.12220001220703,169.39500427246094,164.36000061035156,773.3626098632812,202.9852294921875,244.21302795410156,109.68709564208984,134.82244873046875,95.52112579345703,23.637170791625977,229.9499969482422,344.3425598144531,356.98577880859375,38.369998931884766,79.73474884033203,96.00177001953125,24.60552215576172,198.3300018310547,752.6171264648438,141.84915161132812,35.352657318115234,114.9345474243164,286.6600036621094,78.41517639160156,344.38665771484375,169.39736938476562,229.3810577392578,159.07627868652344,41.38102340698242,138.1437225341797,25.610000610351562,66.4648208618164,153.0399932861328,8532.98046875,180.616455078125,397.3699951171875,21.549999237060547,195.1982879638672,175.42697143554688,218.45126342773438,497.85699462890625,99.30999755859375,323.90570068359375,55.88999938964844,16.520000457763672,67.5,108.34500122070312,19.7936954498291,119.00704193115234,266.2673034667969,8.520000457763672,650.4231567382812,102.0366439819336,35.18000030517578,155.6699981689453,150.3518524169922,91.86174774169922,305.4495849609375,461.71124267578125,59.93355941772461,69.84893035888672,341.39776611328125,43.21833801269531,91.95999908447266,4.849999904632568,45.541873931884766,656.0755004882812,79.9725341796875,148.83999633789062,135.56068420410156,179.39614868164062,137.321533203125,357.0141296386719,576.2072143554688,49.94432067871094,366.0597839355469,203.30999755859375,16.010000228881836,354.70001220703125,114.86762237548828
2025-09-12,240.32977294921875,118.39512634277344,66.315673828125,222.1300048828125,152.4729766845703,153.76513671875,115.03791809082031,331.44000244140625,213.2776336669922,177.59349060058594,52.977848052978516,322.1763000488281,45.0198974609375,65.16448974609375,139.41429138183594,221.1134033203125,577.782470703125,122.55000305175781,349.3599853515625,131.27999877929688,82.70999908447266,24.079999923706055,153.64889526367188,149.65135192871094,106.30254364013672,809.590087890625,425.45001220703125,55.61000061035156,285.2189636230469,152.25009155273438,302.5054626464844,116.31625366210938,16.309999465942383,477.1545715332031,185.79200744628906,275.9590759277344,90.05819702148438,323.0400085449219,557.793701171875,270.50146484375,11.420000076293945,963.8154907226562,80.13105773925781,321.8671569824219,79.68000030517578,78.67703247070312,1.1699999570846558,106.58000183105469,753.12158203125,45.0,136.01583862304688,154.53436279296875,114.77999877929688,256.4933166503906,53.34000015258789,154.08074951171875,37.630001068115234,115.02999877929688,123.67068481445312,69.19999694824219,19.09000015258789,125.44000244140625,142.6623077392578,32.510963439941406,15.890000343322754,2.690000057220459,243.0,395.94000244140625,40.938533782958984,167.05545043945312,171.42999267578125,768.76025390625,208.60574340820312,240.72256469726562,109.7066650390625,134.73292541503906,95.99311065673828,22.69586944580078,228.14999389648438,330.7647399902344,362.7558288574219,38.720001220703125,77.95821380615234,97.50944519042969,26.54366111755371,196.2899932861328,751.7313842773438,139.4808807373047,34.90130615234375,115.89250183105469,283.19000244140625,78.1524658203125,343.3153991699219,167.6346893310547,233.40966796875,159.39146423339844,41.59019088745117,135.3629150390625,25.309999465942383,67.223388671875,139.38999938964844,8414.8203125,178.9019012451172,394.5299987792969,20.600000381469727,194.385009765625,174.99453735351562,216.87466430664062,506.6910095214844,95.12000274658203,320.4958190917969,56.2599983215332,17.760000228881836,66.69999694824219,109.0250015258789,19.705331802368164,118.85110473632812,264.8362731933594,8.779999732971191,650.2055053710938,102.87162017822266,36.34000015258789,158.57000732421875,157.002197265625,90.20272064208984,289.89239501953125,462.2801208496094,59.36833190917969,70.1623306274414,337.36248779296875,42.96134567260742,90.33999633789062,4.829999923706055,44.35175704956055,641.6830444335938,80.17922973632812,144.86000061035156,134.69161987304688,176.28414916992188,135.7391815185547,357.25238037109375,569.298095703125,49.777015686035156,357.540771484375,201.6999969482422,16.059999465942383,343.4800109863281,111.64165496826172
2025-09-15,251.11866760253906,119.4221420288086,66.53378295898438,243.47999572753906,152.6670684814453,154.0109405517578,114.43429565429688,327.7900085449219,212.56455993652344,177.52359008789062,52.859683990478516,329.08831787109375,44.656517028808594,64.88031768798828,136.60716247558594,223.85064697265625,580.3209228515625,120.37000274658203,347.1000061035156,135.89999389648438,95.68000030517578,24.770000457763672,156.60177612304688,150.34243774414062,107.36925506591797,862.7391357421875,419.20001220703125,59.11000061035156,282.0045471191406,152.7567596435547,304.46685791015625,118.55386352539062,16.239999771118164,471.8983459472656,189.48399353027344,278.61785888671875,90.06796264648438,327.0199890136719,570.3341064453125,268.5538635253906,11.569999694824219,956.04833984375,79.17340087890625,323.79656982421875,81.0,78.78624725341797,1.2000000476837158,104.55000305175781,762.2018432617188,45.380001068115234,133.77366638183594,153.48719787597656,114.81999969482422,258.5209045410156,54.040000915527344,156.57212829589844,37.97999954223633,114.83000183105469,125.41141510009766,70.73999786376953,19.209999084472656,127.38999938964844,140.83265686035156,32.462684631347656,16.68000030517578,2.6700000762939453,251.0399932861328,410.0400085449219,40.89019775390625,170.1715545654297,171.2100067138672,775.3631591796875,212.4058074951172,240.48460388183594,109.89250183105469,135.94656372070312,98.4715576171875,22.79094696044922,231.42999267578125,324.24615478515625,372.3129577636719,40.970001220703125,86.15225219726562,102.23214721679688,26.66172218322754,201.27999877929688,744.5662841796875,139.69798278808594,34.11634826660156,117.52201843261719,285.6600036621094,77.25729370117188,340.9534606933594,173.58001708984375,236.0322265625,158.7906494140625,41.687477111816406,131.91156005859375,25.719999313354492,67.3032455444336,145.42999267578125,8277.9501953125,174.59100341796875,393.2099914550781,21.280000686645508,209.39109802246094,174.3459014892578,220.907958984375,512.1166381835938,100.91999816894531,321.3114929199219,57.84000015258789,18.31999969482422,67.63999938964844,111.19249725341797,19.332237243652344,119.26043701171875,263.4847717285156,9.039999961853027,653.6671142578125,103.07042694091797,39.09000015258789,161.16000366210938,157.54141235351562,90.1051254272461,299.7744445800781,464.18292236328125,57.93048095703125,70.02522277832031,336.98480224609375,42.815879821777344,90.91000366210938,4.769999980926514,45.264183044433594,646.9473876953125,80.1300277709961,143.32000732421875,138.1468048095703,170.55567932128906,134.5794219970703,361.4416809082031,567.89453125,49.786861419677734,354.54217529296875,207.0,16.450000762939453,351.5199890136719,110.44437408447266
2025-09-16,250.66954040527344,120.15643310546875,66.27601623535156,233.6199951171875,154.8312225341797,153.19485473632812,117.64708709716797,335.0899963378906,211.245849609375,174.65725708007812,52.741519927978516,321.60858154296875,44.51902389526367,64.90971374511719,136.0146484375,221.75572204589844,583.7651977539062,121.66000366210938,352.7300109863281,137.47999572753906,95.83000183105469,25.270000457763672,160.7338409423828,149.8981475830078,104.90684509277344,873.8006591796875,425.9700012207031,62.2599983215332,277.55322265625,151.4056396484375,304.75274658203125,119.80693817138672,17.530000686645508,466.691650390625,186.40199279785156,280.9701843261719,89.17001342773438,327.9100036621094,572.7943115234375,267.261962890625,12.270000457763672,948.05224609375,79.24180603027344,323.5788879394531,79.77999877929688,78.44869995117188,1.2300000190734863,104.19999694824219,776.455078125,44.90999984741211,133.0283966064453,154.68116760253906,123.79000091552734,260.0111389160156,47.244998931884766,156.77975463867188,38.9900016784668,117.37999725341797,126.28178405761719,76.3499984741211,20.0,129.05999755859375,140.5045166015625,33.51516342163086,17.520000457763672,2.8299999237060547,265.8699951171875,421.6199951171875,40.648529052734375,172.76995849609375,170.25999450683594,774.1510009765625,208.33714294433594,237.30152893066406,112.17153930664062,135.4740447998047,98.63684844970703,22.72439193725586,234.0500030517578,316.2921447753906,368.0003662109375,40.43000030517578,80.0740966796875,102.93106079101562,27.24217987060547,201.33999633789062,761.0062866210938,141.03997802734375,34.5775146484375,117.0479736328125,281.9599914550781,77.60758209228516,333.005126953125,175.92030334472656,237.4781494140625,161.66664123535156,40.92863845825195,131.9509735107422,27.079999923706055,68.73055267333984,142.16000366210938,8209.98046875,174.0325469970703,391.3599853515625,22.90999984741211,209.40101623535156,173.42208862304688,217.53781127929688,505.83642578125,101.4800033569336,320.7414855957031,61.189998626708984,18.979999542236328,66.8499984741211,111.24500274658203,19.626785278320312,117.19430541992188,266.21759033203125,9.149999618530273,652.7671508789062,102.80204772949219,37.2599983215332,160.4600067138672,158.5898895263672,92.26187133789062,304.24908447265625,465.232421875,57.375179290771484,68.38966369628906,337.9588623046875,43.53351974487305,89.91999816894531,4.840000152587891,44.92697525024414,646.9176025390625,80.1103286743164,143.67999267578125,136.53811645507812,170.1592559814453,134.5794219970703,357.3814392089844,572.6587524414062,49.855751037597656,350.6898193359375,205.25,16.239999771118164,349.010009765625,108.79566192626953
2025-09-17,249.042724609375,119.85379028320312,68.03082275390625,230.14999389648438,155.36500549316406,154.76800537109375,116.67351531982422,329.7099914550781,215.69036865234375,170.0730743408203,53.25357437133789,319.98016357421875,44.62214660644531,65.69364929199219,137.1802520751953,222.9415283203125,595.9199829101562,123.19999694824219,362.07000732421875,136.3800048828125,95.29000091552734,24.899999618530273,164.6577911376953,149.21693420410156,104.7872085571289,867.6830444335938,425.3999938964844,65.44000244140625,283.0858154296875,152.20042419433594,307.2759704589844,121.22905731201172,17.34000015258789,474.9966125488281,190.07400512695312,278.58819580078125,89.43353271484375,320.55999755859375,583.1932373046875,268.8572082519531,12.40999984741211,958.9660034179688,79.29066467285156,332.4440002441406,80.29000091552734,78.12109375,1.2300000190734863,105.51000213623047,773.1858520507812,44.900001525878906,133.2569580078125,156.91258239746094,137.8300018310547,260.7354431152344,48.08000183105469,156.51280212402344,38.720001220703125,118.63999938964844,128.9126434326172,75.73999786376953,21.989999771118164,134.86000061035156,139.3709259033203,34.026920318603516,17.6200008392334,2.7200000286102295,272.07000732421875,425.8599853515625,40.62919235229492,177.33961486816406,168.3300018310547,782.7151489257812,207.22299194335938,240.59542846679688,112.76819610595703,135.00648498535156,98.56715393066406,22.86701202392578,231.6199951171875,317.63916015625,360.22772216796875,41.189998626708984,81.65101623535156,100.78437042236328,26.11077880859375,203.1199951171875,756.4484252929688,140.91171264648438,34.13597106933594,117.3541259765625,279.4599914550781,78.07463073730469,334.79864501953125,167.68447875976562,238.3157958984375,162.769775390625,41.03078842163086,131.12265014648438,26.969999313354492,70.84656524658203,142.83999633789062,8137.31005859375,176.64846801757812,387.1499938964844,22.450000762939453,211.6127471923828,174.14935302734375,220.6643829345703,506.81024169921875,100.87000274658203,319.6408996582031,59.06999969482422,22.540000915527344,68.70999908447266,111.375,19.990062713623047,118.022705078125,260.4140625,9.279999732971191,651.9561767578125,103.64695739746094,36.130001068115234,159.16000366210938,159.75820922851562,91.5592269897461,299.0501403808594,464.055419921875,58.3271369934082,68.8597640991211,344.0912780761719,43.63534164428711,90.0,4.710000038146973,44.718711853027344,658.2208862304688,81.18319702148438,144.8699951171875,136.7179718017578,168.4644775390625,134.8448028564453,343.6520080566406,570.4051513671875,50.58400344848633,347.7210388183594,210.7100067138672,15.90999984741211,347.2699890136719,110.16959381103516
2025-09-18,251.537841796875,119.31298828125,67.93167877197266,262.6499938964844,154.15191650390625,156.5673065185547,115.19367980957031,349.1199951171875,216.84300231933594,176.01551818847656,53.30281066894531,321.40936279296875,44.62214660644531,65.12529754638672,136.69459533691406,227.02268981933594,583.39697265625,125.47000122070312,367.4599914550781,138.0399932861328,104.97000122070312,30.56999969482422,161.00137329101562,150.80645751953125,104.45822143554688,922.9209594726562,480.1099853515625,66.80999755859375,284.8585510253906,153.3727264404297,308.73480224609375,125.6247329711914,18.5,471.17578125,189.54800415039062,279.4481201171875,89.25785064697266,343.1300048828125,596.3511962890625,269.953369140625,16.110000610351562,948.3410034179688,79.6717758178711,338.05401611328125,80.98999786376953,77.75376892089844,1.2799999713897705,105.37999725341797,777.7011108398438,45.939998626708984,133.2569580078125,153.9667510986328,135.25,266.5397033691406,47.18000030517578,156.3941650390625,38.439998626708984,120.91000366210938,130.66326904296875,80.6500015258789,24.739999771118164,132.9600067138672,139.052734375,34.16210174560547,17.510000228881836,3.0,283.42999267578125,416.8500061035156,40.658199310302734,188.91798400878906,176.97000122070312,792.658935546875,209.06332397460938,242.651611328125,111.43794250488281,137.33924865722656,104.22504425048828,22.962093353271484,231.22999572753906,320.3330383300781,368.07965087890625,41.439998626708984,82.449462890625,104.9878921508789,26.710912704467773,205.67999267578125,759.23486328125,132.52410888671875,34.0869140625,117.44300079345703,291.1099853515625,77.39351654052734,328.14404296875,173.31114196777344,237.2089080810547,165.59652709960938,41.05997848510742,131.02403259277344,27.950000762939453,74.09046936035156,146.66000366210938,8178.47998046875,177.9417266845703,387.1099853515625,25.100000381469727,214.8658905029297,171.1616973876953,216.2611846923828,505.2501525878906,103.02999877929688,318.9432678222656,62.939998626708984,24.020000457763672,70.4800033569336,125.65750122070312,19.705331802368164,117.33074951171875,262.30218505859375,9.579999923706055,655.0023803710938,102.98097229003906,38.119998931884766,157.9199981689453,168.64529418945312,91.2274169921875,294.297607421875,464.54583740234375,58.97168731689453,69.32986450195312,336.1201171875,43.49957275390625,93.5999984741211,4.929999828338623,44.56002426147461,670.4183349609375,82.18716430664062,143.80999755859375,141.84376525878906,168.09779357910156,135.1101531982422,342.8380126953125,567.1136474609375,51.30241394042969,347.0756530761719,209.6300048828125,16.299999237060547,364.8800048828125,111.50426483154297
2025-09-19,254.2225799560547,119.76448059082031,67.63426208496094,294.489990234375,151.5995330810547,157.22604370117188,112.93498229980469,344.75,217.3118896484375,176.4449462890625,53.42097473144531,329.5663757324219,44.60250473022461,65.09589385986328,137.69505310058594,225.61949157714844,581.5155029296875,127.04000091552734,365.8999938964844,138.3699951171875,135.22999572753906,29.579999923706055,161.328369140625,151.1717529296875,107.31941223144531,927.2481689453125,495.5,70.41000366210938,282.6182556152344,160.1383056640625,310.26251220703125,126.22142791748047,18.290000915527344,474.1552734375,192.22999572753906,280.64404296875,89.5994644165039,342.4599914550781,589.6575927734375,279.3293151855469,15.59000015258789,947.1460571289062,79.65223693847656,337.5098571777344,84.20999908447266,81.12918853759766,1.2699999809265137,106.30999755859375,775.837158203125,45.810001373291016,131.07077026367188,152.71400451660156,135.35000610351562,262.7991943359375,47.790000915527344,156.443603515625,38.41999816894531,124.77999877929688,130.4951171875,80.7699966430664,28.520000457763672,129.47000122070312,138.90357971191406,33.8917350769043,17.459999084472656,2.8299999237060547,278.54998779296875,426.07000732421875,40.45519256591797,189.25650024414062,182.38999938964844,793.3389282226562,210.40374755859375,245.44288635253906,110.35222625732422,138.73194885253906,104.03784942626953,22.847999572753906,231.47999572753906,323.076171875,371.28192138671875,45.099998474121094,86.01252746582031,106.4655990600586,26.396087646484375,208.19000244140625,748.347900390625,131.53732299804688,33.78274154663086,117.92691802978516,294.2699890136719,77.23783874511719,329.97674560546875,173.77919006347656,244.8074188232422,164.3358154296875,41.32265090942383,125.5511474609375,27.889999389648438,74.12040710449219,149.61000061035156,8094.7001953125,175.7373046875,383.1199951171875,24.31999969482422,219.41831970214844,173.15673828125,216.32318115234375,514.6704711914062,102.75,318.46173095703125,62.31999969482422,26.8799991607666,71.3499984741211,125.63749694824219,19.38132667541504,118.00321960449219,266.8436584472656,9.710000038146973,658.2465209960938,101.71855926513672,46.77000045776367,157.38999938964844,162.4942169189453,89.70500183105469,306.2433776855469,463.87890625,59.259254455566406,69.6138916015625,339.5292053222656,42.922550201416016,93.37000274658203,4.909999847412109,44.5699462890625,683.2911376953125,83.30923461914062,142.5,143.48243713378906,166.79945373535156,134.93325805664062,342.43096923828125,566.4019775390625,51.42050552368164,344.3352355957031,212.49000549316406,16.579999923706055,373.3500061035156,111.96551513671875
2025-09-22,252.036865234375,119.37432098388672,67.09889221191406,306.2200012207031,151.4442596435547,158.0126190185547,112.3605728149414,335.92999267578125,217.4290771484375,183.37612915039062,53.3498420715332,345.7209777832031,44.58721160888672,64.88031768798828,136.98599243164062,222.74391174316406,581.843994140625,125.44000244140625,364.0799865722656,139.30999755859375,140.3000030517578,28.760000228881836,162.75526428222656,151.67735290527344,107.33934783935547,952.76318359375,514.7899780273438,71.94000244140625,280.02728271484375,160.1383056640625,307.9560852050781,131.4723663330078,18.350000381469727,472.9179382324219,189.55599975585938,281.0196533203125,90.11676788330078,331.95001220703125,593.3331298828125,279.90673828125,17.260000228881836,939.2794189453125,78.56753540039062,337.371337890625,85.01000213623047,83.1147232055664,1.2899999618530273,104.18000030517578,763.175048828125,46.869998931884766,128.42752075195312,149.8073272705078,136.6300048828125,270.49853515625,49.810001373291016,157.62008666992188,40.5,124.88999938964844,134.2040557861328,80.72000122070312,28.3700008392334,128.57000732421875,135.45310974121094,32.76201248168945,17.5,3.0,288.0799865722656,434.2099914550781,40.58863830566406,199.63026428222656,179.3300018310547,793.8908081054688,217.01622009277344,248.02557373046875,109.5697250366211,140.77285766601562,106.6706314086914,22.857505798339844,227.6300048828125,323.7054138183594,375.0591735839844,48.849998474121094,86.14227294921875,112.23670196533203,26.66172218322754,208.17999267578125,751.2935791015625,132.89907836914062,33.28232192993164,117.5156478881836,291.57000732421875,76.37669372558594,334.4948425292969,177.45394897460938,255.35755920410156,167.16256713867188,41.72323226928711,120.21631622314453,27.809999465942383,75.38801574707031,145.39999389648438,7925.22998046875,175.9822235107422,383.1300048828125,24.40999984741211,227.4519805908203,171.21083068847656,216.82737731933594,511.21240234375,101.48999786376953,317.06634521484375,62.099998474121094,25.670000076293945,73.13999938964844,123.28500366210938,18.988595962524414,118.4905014038086,262.4512634277344,10.130000114440918,661.3607177734375,102.20562744140625,45.0,159.7899932861328,164.3814697265625,89.79283905029297,325.58074951171875,471.1861572265625,58.39654541015625,70.85768127441406,342.262451171875,42.8731575012207,92.37999725341797,4.980000019073486,44.78813171386719,697.3657836914062,83.8210678100586,140.66000366210938,151.83558654785156,162.7657470703125,134.89869689941406,336.9019470214844,569.4859008789062,51.095741271972656,343.94805908203125,219.1999969482422,17.610000610351562,373.3699951171875,110.39530181884766
2025-09-23,251.16856384277344,118.25106048583984,66.73207092285156,302.5899963378906,152.7738037109375,158.061767578125,112.61370086669922,327.7799987792969,217.44863891601562,178.2027130126953,53.112728118896484,335.293212890625,44.44412612915039,65.37026977539062,137.83102416992188,220.38217163085938,567.3897094726562,123.5,361.7799987792969,139.47999572753906,142.64999389648438,29.34000015258789,161.59591674804688,151.71697998046875,107.27953338623047,958.4432373046875,490.32000732421875,75.13999938964844,269.4004821777344,161.33045959472656,308.2517395019531,131.20384216308594,17.709999084472656,475.0758361816406,185.53399658203125,282.867919921875,91.47344970703125,320.07000732421875,565.652587890625,280.699462890625,17.079999923706055,939.617919921875,78.13756561279297,337.85614013671875,85.2699966430664,84.05785369873047,1.2899999618530273,104.12999725341797,753.4404296875,46.9900016784668,129.232421875,149.2494659423828,125.56999969482422,280.49969482421875,52.90999984741211,158.7174835205078,37.36000061035156,126.19999694824219,132.86883544921875,83.9000015258789,31.459999084472656,128.52000427246094,135.82102966308594,31.80609130859375,17.06999969482422,3.009999990463257,298.6099853515625,425.8500061035156,40.91007614135742,199.9786834716797,182.5500030517578,794.6398315429688,203.3929443359375,242.92974853515625,111.4574966430664,139.5576629638672,106.66565704345703,22.943077087402344,220.7100067138672,325.03271484375,365.353271484375,54.79999923706055,86.72114562988281,110.08001708984375,26.602691650390625,203.25,743.3621215820312,133.47140502929688,33.84161376953125,117.34717559814453,289.2900085449219,76.7587661743164,340.7574157714844,177.28466796875,253.71221923828125,166.97543334960938,41.93870544433594,121.53768920898438,27.639999389648438,74.479736328125,144.08999633789062,7980.10986328125,178.3532257080078,379.7200012207031,23.729999542236328,226.2617950439453,173.54002380371094,218.88912963867188,506.0252685546875,99.37000274658203,317.5970153808594,60.7599983215332,27.520000457763672,70.55999755859375,121.0250015258789,18.389678955078125,119.97188568115234,260.2053527832031,10.359999656677246,657.7606201171875,101.90740966796875,41.63999938964844,160.89999389648438,166.1688995361328,91.2176513671875,311.37286376953125,477.3458251953125,58.25771713256836,70.82830810546875,336.636962890625,43.61159133911133,92.19999694824219,4.809999942779541,44.98648452758789,694.475341796875,83.0434799194336,139.30999755859375,142.49322509765625,164.78756713867188,135.20477294921875,337.0511169433594,570.4051513671875,50.879241943359375,342.0019836425781,215.72999572753906,16.450000762939453,366.29998779296875,112.26973724365234
2025-09-24,246.6573944091797,119.0860595703125,67.27734375,276.0,154.4818572998047,155.23011779785156,113.6164779663086,323.30999755859375,214.88937377929688,176.74456787109375,52.96453857421875,337.76318359375,43.901405334472656,65.11549377441406,138.09329223632812,221.68653869628906,566.2349853515625,123.08000183105469,353.2699890136719,138.4199981689453,131.1699981689453,31.219999313354492,174.83433532714844,150.93382263183594,104.9865951538086,941.9603881835938,468.0899963378906,73.86000061035156,265.2121276855469,156.89956665039062,308.92205810546875,127.86572265625,17.639999389648438,469.32470703125,186.6739959716797,280.7033386230469,92.14690399169922,321.7699890136719,574.7067260742188,273.27117919921875,17.760000228881836,941.2809448242188,77.85417175292969,336.87664794921875,83.5999984741211,82.86653137207031,1.25,101.38999938964844,758.686767578125,46.20000076293945,130.0770721435547,149.1711883544922,132.9199981689453,278.5153503417969,48.689998626708984,159.54795837402344,37.9900016784668,126.80000305175781,130.64346313476562,81.18000030517578,31.639999389648438,130.9600067138672,136.42758178710938,33.63103485107422,17.989999771118164,3.369999885559082,301.5199890136719,442.7900085449219,40.491233825683594,200.54617309570312,179.55999755859375,780.9510498046875,201.22198486328125,244.25088500976562,112.05415344238281,138.6960906982422,106.41372680664062,22.905046463012695,220.2100067138672,321.53253173828125,369.0115966796875,54.5,82.92852783203125,109.52088928222656,26.278026580810547,200.6999969482422,738.2569580078125,134.59632873535156,33.959354400634766,116.37596893310547,284.4200134277344,76.9253158569336,344.7952575683594,174.2970428466797,251.59820556640625,170.93484497070312,42.2374267578125,123.94379425048828,27.020000457763672,79.93944549560547,142.63999938964844,8036.6298828125,180.7046356201172,376.6199951171875,23.59000015258789,221.86807250976562,173.6481475830078,219.5478973388672,506.9394226074219,94.41000366210938,318.00970458984375,61.04999923706055,27.719999313354492,72.76000213623047,119.0824966430664,18.87077522277832,120.49815368652344,260.5035095214844,9.989999771118164,655.6678466796875,102.11616516113281,39.66999816894531,160.8800048828125,161.47569274902344,93.32559967041016,306.044921875,476.9338684082031,57.22643280029297,72.30715942382812,336.6170654296875,44.178871154785156,89.87000274658203,4.880000114440918,37.35980987548828,690.1148681640625,82.7875747680664,137.6699981689453,141.50405883789062,165.95703125,134.6617431640625,337.4190673828125,579.4888305664062,50.879241943359375,340.5225524902344,219.1699981689453,16.049999237060547,356.9599914550781,111.55333709716797
2025-09-25,245.3100128173828,117.40612030029297,66.16696166992188,312.19000244140625,155.97640991210938,156.28216552734375,114.20063781738281,300.70001220703125,213.47299194335938,177.46365356445312,52.82622528076172,325.0147705078125,43.329078674316406,64.65493774414062,135.90780639648438,219.82879638671875,564.7318115234375,121.75,354.1600036621094,137.1699981689453,119.12999725341797,33.9900016784668,173.87315368652344,149.91273498535156,107.02033233642578,944.556640625,487.20001220703125,69.43000030517578,258.8808288574219,158.856689453125,308.95159912109375,127.6763916015625,16.06999969482422,468.978271484375,183.7220001220703,285.88250732421875,91.44416046142578,306.69000244140625,553.3212890625,265.4024353027344,16.610000610351562,939.3292236328125,75.83135223388672,336.5798034667969,83.20999908447266,83.06507873535156,1.2200000286102295,99.1500015258789,746.96728515625,46.2400016784668,127.93064880371094,148.9069366455078,135.39999389648438,274.49700927734375,46.630001068115234,158.68783569335938,37.08000183105469,122.6500015258789,129.52586364746094,84.19999694824219,32.099998474121094,131.00999450683594,134.2499237060547,33.959327697753906,16.739999771118164,3.2300000190734863,301.7900085449219,423.3900146484375,40.39383316040039,198.71434020996094,179.1199951171875,783.247314453125,200.7838134765625,239.3438262939453,113.0616226196289,138.45205688476562,105.4607925415039,22.43914794921875,218.14999389648438,320.0532531738281,361.6057434082031,49.38999938964844,85.49353790283203,107.04470825195312,25.363069534301758,202.2100067138672,711.1290893554688,132.97799682617188,33.93973159790039,115.97956085205078,286.6600036621094,76.19054412841797,338.6698913574219,175.48214721679688,256.14532470703125,167.12315368652344,41.83096694946289,122.29698944091797,26.75,83.65245056152344,143.05999755859375,7906.68994140625,178.3532257080078,381.8699951171875,23.09000015258789,218.0496063232422,174.6702117919922,221.53970336914062,503.83905029296875,92.19000244140625,318.8056945800781,60.31999969482422,26.34000015258789,73.51000213623047,118.27249908447266,18.998414993286133,119.21170043945312,259.2712097167969,10.100000381469727,652.6429443359375,102.43425750732422,37.70000076293945,161.27000427246094,156.602783203125,94.4771728515625,289.04901123046875,475.0604553222656,56.264564514160156,73.1102523803711,332.889892578125,44.57497787475586,91.19000244140625,4.630000114440918,35.04899597167969,688.0191040039062,82.99427032470703,135.6699981689453,139.6555633544922,163.52890014648438,132.4303741455078,334.2269287109375,578.9945678710938,51.026851654052734,337.6828918457031,223.0500030517578,16.90999984741211,351.05999755859375,108.92323303222656
2025-09-26,246.0585479736328,119.14073181152344,66.72216033935547,305.3500061035156,155.4329376220703,157.4226837158203,114.21037292480469,309.05999755859375,215.49501037597656,177.96302795410156,53.21152877807617,329.9249267578125,43.83232498168945,64.35115814208984,136.41290283203125,221.39999389648438,562.5716552734375,123.69999694824219,360.3699951171875,141.92999267578125,110.52999877929688,35.5,170.34555053710938,151.26097106933594,108.70513916015625,946.5162353515625,487.760009765625,67.27999877929688,259.8548889160156,162.353759765625,311.52410888671875,127.87568664550781,16.1299991607666,469.6018981933594,187.1999969482422,290.1523742675781,92.26402282714844,312.5899963378906,561.6782836914062,267.1640930175781,16.309999465942383,912.084716796875,76.76947021484375,338.06390380859375,84.31999969482422,84.63365936279297,1.2100000381469727,97.91000366210938,741.8206787109375,45.81999969482422,130.32550048828125,149.2494659423828,131.33999633789062,271.2228088378906,46.2599983215332,161.49560546875,36.5,121.77999877929688,129.3280487060547,86.27999877929688,31.18000030517578,129.99000549316406,136.44747924804688,33.31239318847656,17.690000534057617,3.240000009536743,301.20001220703125,440.3999938964844,40.793190002441406,203.01516723632812,177.57000732421875,790.8850708007812,206.360595703125,241.80728149414062,114.6559829711914,138.87039184570312,105.97758483886719,22.591278076171875,219.77999877929688,322.3807067871094,362.4385070800781,49.09000015258789,85.4136962890625,106.71521759033203,26.2189998626709,202.3699951171875,721.03076171875,136.30345153808594,34.85224914550781,117.10932159423828,294.6499938964844,76.37669372558594,337.2193603515625,179.8739013671875,254.73931884765625,166.650390625,42.51166534423828,124.28893280029297,26.90999984741211,83.01365661621094,142.5,8032.77978515625,180.81240844726562,385.739990234375,22.969999313354492,215.728759765625,176.6161346435547,220.43792724609375,508.2411804199219,91.69000244140625,324.61322021484375,61.66999816894531,26.760000228881836,73.06999969482422,120.3550033569336,19.09659767150879,119.89391326904297,262.5605773925781,10.079999923706055,656.3820190429688,102.5436019897461,38.0,159.4600067138672,157.0421142578125,96.10693359375,281.2406311035156,478.10107421875,56.720706939697266,74.28549194335938,335.3150634765625,44.98576736450195,91.16000366210938,4.71999979019165,35.45561981201172,693.5615844726562,83.67342376708984,137.3699951171875,138.50650024414062,165.7092742919922,133.78302001953125,332.6656799316406,587.6434326171875,51.38113784790039,339.4800109863281,220.02000427246094,17.670000076293945,350.1099853515625,110.01256561279297
2025-09-29,243.5734100341797,119.66259002685547,69.08171844482422,315.6199951171875,151.49278259277344,158.455078125,110.35499572753906,326.4200134277344,217.9858856201172,181.6183624267578,53.47827911376953,332.9178161621094,44.00008010864258,64.71372985839844,136.15065002441406,220.95530700683594,565.5679931640625,122.91999816894531,359.4200134277344,144.1199951171875,116.51000213623047,34.47999954223633,178.26283264160156,151.72691345214844,110.15068817138672,957.5479125976562,481.6099853515625,64.26000213623047,263.4588317871094,165.681884765625,311.159423828125,130.6259002685547,18.65999984741211,471.6607666015625,188.1699981689453,293.5030212402344,91.65888977050781,333.989990234375,558.5406494140625,268.1330261230469,16.920000076293945,913.0007934570312,76.78901672363281,338.6872253417969,84.6500015258789,83.92879486083984,1.25,98.63999938964844,741.4715576171875,46.36000061035156,132.30299377441406,150.2575225830078,134.86000061035156,271.0938415527344,47.0099983215332,161.7724151611328,36.08000183105469,136.72000122070312,132.4336395263672,88.08000183105469,29.649999618530273,130.6699981689453,137.50149536132812,34.413150787353516,19.780000686645508,3.5199999809265137,308.69000244140625,443.2099914550781,40.87111282348633,204.04058837890625,178.86000061035156,792.4716186523438,197.11907958984375,243.46615600585938,111.72160339355469,139.61244201660156,105.96165466308594,22.676851272583008,222.1699981689453,322.2130432128906,363.99505615234375,48.84000015258789,84.29586791992188,116.56002044677734,26.346895217895508,203.9600067138672,722.9912719726562,134.2805633544922,34.449954986572266,117.48592376708984,296.8999938964844,76.52364349365234,338.2974853515625,181.20838928222656,253.71221923828125,162.8091583251953,42.634090423583984,125.90614318847656,27.0,82.23511505126953,143.3699951171875,8095.14013671875,179.5191192626953,395.30999755859375,23.90999984741211,227.26351928710938,178.49325561523438,216.73519897460938,511.3613586425781,91.87000274658203,326.4115295410156,63.77000045776367,25.309999465942383,76.12999725341797,122.11250305175781,19.84278678894043,119.67951202392578,265.154296875,10.260000228881836,658.2266845703125,102.46408081054688,38.15999984741211,161.36000061035156,163.6625213623047,93.54029846191406,280.546142578125,482.5541076660156,57.17685317993164,74.63807678222656,338.0880432128906,44.159305572509766,93.86000061035156,4.909999847412109,36.814334869384766,690.0155639648438,83.31907653808594,138.52000427246094,143.19265747070312,168.31582641601562,134.1779327392578,326.0726623535156,587.1194458007812,51.587806701660156,340.48284912109375,223.52999877929688,17.780000686645508,348.5199890136719,110.52288818359375
2025-09-30,242.6252899169922,119.1059341430664,66.48421478271484,310.07000732421875,150.7066650390625,156.2919921875,109.15750122070312,322.2099914550781,226.17156982421875,186.3423309326172,53.22140884399414,327.7437438964844,44.21717071533203,64.98810577392578,136.41290283203125,210.06565856933594,566.2349853515625,121.41999816894531,352.75,145.6699981689453,111.62999725341797,33.54999923706055,177.10348510742188,152.89669799804688,111.49654388427734,962.9991455078125,493.3900146484375,61.5,265.64068603515625,167.460205078125,310.9031677246094,133.4259490966797,18.260000228881836,470.1859130859375,184.05599975585938,301.8648376464844,92.49827575683594,337.489990234375,560.0546875,276.18768310546875,17.270000457763672,921.7238159179688,82.01707458496094,328.6446838378906,84.08000183105469,83.70045471191406,1.2799999713897705,96.5,732.4749755859375,47.939998626708984,131.29933166503906,150.3749542236328,131.77000427246094,277.1064758300781,47.90999984741211,165.430419921875,35.38999938964844,143.17999267578125,140.2174835205078,91.37000274658203,29.790000915527344,132.1699981689453,137.36228942871094,33.7758674621582,19.030000686645508,3.4700000286102295,314.8900146484375,444.7200012207031,41.036705017089844,203.83152770996094,182.4199981689453,784.814208984375,195.1074676513672,235.42013549804688,110.28376007080078,140.37445068359375,107.40251159667969,24.226675033569336,219.57000732421875,319.1163330078125,371.0340270996094,49.08000183105469,83.69703674316406,119.87489318847656,25.451614379882812,203.6199951171875,759.3045043945312,134.18148803710938,33.7238655090332,117.30753326416016,299.6600036621094,76.77836608886719,338.4150695800781,183.60842895507812,253.9116668701172,163.8531951904297,42.70754623413086,124.28893280029297,28.139999389648438,83.9119644165039,145.7100067138672,8034.66015625,180.0089874267578,391.6400146484375,24.270000457763672,234.86483764648438,182.22784423828125,214.5284423828125,514.6903686523438,94.97000122070312,335.0884094238281,64.80999755859375,24.709999084472656,73.98999786376953,122.59500122070312,18.654773712158203,120.60536193847656,258.8141174316406,10.520000457763672,660.7061157226562,102.4441909790039,36.0,161.7899932861328,167.07757568359375,92.3106689453125,279.03802490234375,489.64556884765625,56.274478912353516,73.93291473388672,339.30059814453125,43.68983459472656,91.69999694824219,4.880000114440918,38.89704513549805,678.3148193359375,82.50212097167969,140.0800018310547,150.7364959716797,167.9590301513672,137.40650939941406,328.0714416503906,602.2722778320312,50.7709846496582,343.7991027832031,220.52999877929688,17.290000915527344,351.260009765625,108.93305206298828
2025-10-01,244.4217529296875,119.8514633178711,66.08765411376953,331.1099853515625,150.01763916015625,154.25672912597656,108.3299560546875,338.4100036621094,238.71388244628906,187.0015106201172,52.74718475341797,349.4857177734375,43.75339126586914,65.4388656616211,139.03549194335938,210.95498657226562,571.1725463867188,122.31999969482422,343.7200012207031,151.72000122070312,115.93000030517578,35.939998626708984,181.11663818359375,152.47044372558594,111.12767791748047,997.9942016601562,488.7799987792969,63.09000015258789,263.4542236328125,169.07955932617188,306.25091552734375,142.28448486328125,18.610000610351562,462.0788879394531,182.48599243164062,296.982177734375,92.52755737304688,346.1700134277344,597.5762939453125,292.1404113769531,18.760000228881836,913.4688720703125,88.07576751708984,325.0827941894531,85.18000030517578,85.32859802246094,1.3799999952316284,93.1500015258789,715.4791870117188,52.38999938964844,133.59481811523438,149.91497802734375,137.44000244140625,286.2146911621094,47.970001220703125,165.3018798828125,37.0099983215332,139.13999938964844,148.04086303710938,92.95999908447266,29.850000381469727,134.39999389648438,139.16209411621094,34.924903869628906,18.93000030517578,3.549999952316284,346.0799865722656,459.4599914550781,41.036705017089844,216.7738494873047,184.9499969482422,774.13134765625,200.6742706298828,234.118896484375,109.54037475585938,141.74899291992188,112.40819549560547,25.8715763092041,220.6300048828125,311.66064453125,370.6275329589844,56.939998626708984,83.32775115966797,130.38865661621094,26.100940704345703,206.8000030517578,821.4221801757812,134.141845703125,34.430335998535156,115.66242980957031,304.5299987792969,76.66080474853516,341.3552551269531,186.40679931640625,254.72933959960938,163.9812469482422,43.11890411376953,126.42878723144531,29.260000228881836,83.7322998046875,149.27000427246094,8036.47998046875,176.7366485595703,404.2099914550781,24.1299991607666,255.5396270751953,182.8470001220703,212.5930633544922,516.4392700195312,102.26000213623047,334.8427734375,66.16000366210938,25.6299991607666,75.62000274658203,124.98999786376953,18.949321746826172,119.27992248535156,260.0264892578125,10.609999656677246,662.95751953125,101.35076141357422,36.61000061035156,164.00999450683594,181.8860626220703,93.15970611572266,286.7471923828125,489.4395751953125,55.63984298706055,77.04732513427734,345.7113037109375,43.68983459472656,91.69000244140625,5.099999904632568,38.76811599731445,674.9277954101562,79.59851837158203,154.22000122070312,161.45770263671875,170.90255737304688,141.6520233154297,331.53204345703125,598.4173583984375,49.87543487548828,338.794921875,224.82000732421875,18.350000381469727,351.9700012207031,109.08026123046875
2025-10-02,245.210205078125,118.98664855957031,68.3381576538086,349.0899963378906,148.8433380126953,152.69342041015625,107.48294830322266,352.3299865722656,231.0751953125,188.64939880371094,52.70766830444336,356.019287109375,44.261573791503906,64.77252197265625,138.22927856445312,211.25143432617188,574.7164306640625,121.48999786376953,351.4800109863281,152.66000366210938,128.8000030517578,37.29999923706055,187.61692810058594,152.86697387695312,109.49271392822266,1024.752685546875,471.1499938964844,69.5999984741211,265.317138671875,167.04295349121094,303.13623046875,146.46961975097656,18.790000915527344,464.7218322753906,182.02000427246094,292.66290283203125,91.63936614990234,372.07000732421875,597.6360473632812,291.0638122558594,20.440000534057617,912.9011840820312,87.46990203857422,326.9824523925781,86.29000091552734,85.80513000488281,1.4299999475479126,94.83000183105469,725.1640014648438,52.5,134.0320587158203,148.80908203125,140.22999572753906,285.8575134277344,52.470001220703125,164.7383575439453,37.7400016784668,145.6999969482422,145.7561492919922,95.02999877929688,35.400001525878906,135.24000549316406,138.7643585205078,34.7414436340332,19.25,3.890000104904175,360.2799987792969,436.0,40.82241439819336,222.59788513183594,187.0500030517578,768.090087890625,201.80953979492188,237.28762817382812,108.8556900024414,142.51596069335938,113.44278717041016,25.74797248840332,222.41000366210938,315.6941833496094,373.5224914550781,66.16000366210938,84.03636932373047,131.05763244628906,26.012393951416016,209.3000030517578,815.879150390625,137.7384033203125,33.46875762939453,115.4047622680664,307.5799865722656,76.35710144042969,346.66717529296875,184.93292236328125,256.40460205078125,166.30567932128906,43.04054641723633,126.547119140625,30.68000030517578,86.03795623779297,144.4600067138672,8071.60986328125,178.62757873535156,408.8500061035156,25.59000015258789,253.45028686523438,182.7781982421875,215.5328826904297,512.4942626953125,99.30000305175781,335.1375427246094,72.81999969482422,29.209999084472656,79.36000061035156,124.19999694824219,18.605682373046875,118.48075866699219,264.7369079589844,11.220000267028809,663.7210693359375,101.09231567382812,39.5099983215332,169.72999572753906,183.48374938964844,91.12982177734375,286.5190124511719,489.7926940917969,56.601715087890625,76.56743621826172,343.8427734375,43.249717712402344,94.91999816894531,5.519999980926514,38.549930572509766,677.2719116210938,79.23432922363281,155.25,161.5076446533203,169.94119262695312,141.3755645751953,336.29534912109375,598.0120849609375,49.67860412597656,341.45587158203125,232.1300048828125,19.149999618530273,347.239990234375,108.5012435913086
2025-10-03,244.8708953857422,118.22123718261719,68.65541076660156,343.489990234375,149.01803588867188,154.94497680664062,107.90158081054688,351.6300048828125,228.48663330078125,187.38101196289062,53.07321548461914,358.549072265625,44.33557891845703,65.31147766113281,137.9087371826172,211.86412048339844,577.8223266601562,120.22000122070312,346.739990234375,151.4499969482422,127.36000061035156,36.83000183105469,186.31884765625,153.0751495361328,109.32323455810547,1026.791748046875,469.1700134277344,73.27999877929688,266.1701354980469,168.31459045410156,305.5806579589844,145.29379272460938,18.81999969482422,461.9997253417969,182.4720001220703,293.93792724609375,92.27378845214844,380.0199890136719,597.6360473632812,291.5434265136719,19.959999084472656,911.5170288085938,87.15719604492188,326.7449951171875,85.79000091552734,86.23202514648438,1.4900000095367432,95.33000183105469,708.7167358398438,51.959999084472656,136.74488830566406,149.02438354492188,142.0,289.90557861328125,56.15999984741211,164.68893432617188,36.79999923706055,148.6699981689453,139.1987762451172,96.19000244140625,40.060001373291016,134.25,141.91651916503906,34.18141174316406,19.440000534057617,3.9200000762939453,374.6400146484375,429.8299865722656,40.98800277709961,216.5647735595703,173.07000732421875,778.5364990234375,201.1522979736328,238.75775146484375,110.78260040283203,141.79879760742188,109.68778228759766,26.023710250854492,219.50999450683594,309.7178039550781,370.2508239746094,67.76000213623047,84.00643157958984,131.10755920410156,26.258352279663086,207.19000244140625,835.80224609375,136.7674102783203,33.615928649902344,115.34530639648438,305.4100036621094,76.44527435302734,353.01800537109375,185.86904907226562,257.2920837402344,166.6306915283203,43.54005432128906,128.26295471191406,31.06999969482422,86.05792236328125,145.5,8178.0,176.66807556152344,403.29998779296875,25.75,251.5101318359375,185.3924102783203,215.27462768554688,514.0940551757812,102.12000274658203,337.6629943847656,67.73999786376953,32.70000076293945,77.12999725341797,122.47000122070312,18.360225677490234,120.40070343017578,265.8995666503906,11.4399995803833,663.7112426757812,101.46011352539062,40.119998931884766,164.6699981689453,187.67530822753906,91.89102935791016,283.8996887207031,494.82440185546875,56.78020477294922,78.40865325927734,347.7090759277344,43.47956085205078,93.30000305175781,5.489999771118164,39.34334182739258,675.36474609375,79.40164947509766,159.8800048828125,160.06884765625,173.39016723632812,142.98492431640625,336.4842834472656,602.4896240234375,49.83606719970703,344.1366882324219,230.1300048828125,19.110000610351562,347.2699890136719,110.59158325195312
2025-10-06,249.94094848632812,119.23516082763672,70.67790222167969,356.2799987792969,149.4741668701172,155.4365997314453,107.53162384033203,359.69000244140625,224.85289001464844,185.30364990234375,53.0534553527832,362.632568359375,44.29611587524414,64.77252197265625,135.69412231445312,211.3206329345703,576.189697265625,120.3499984741211,350.1400146484375,153.25,138.55999755859375,36.59000015258789,185.5162353515625,153.78892517089844,109.47277069091797,1037.8135986328125,478.2200012207031,78.98999786376953,265.66033935546875,169.2981414794922,306.22442626953125,148.62196350097656,20.56999969482422,463.8012390136719,182.5679931640625,299.4927062988281,93.20101165771484,386.07000732421875,583.1732177734375,287.8537292480469,20.540000915527344,907.0958251953125,86.77608489990234,328.4764404296875,86.37999725341797,87.87008666992188,1.5199999809265137,97.06999969482422,713.8035278320312,54.619998931884766,134.62826538085938,147.2040252685547,144.91000366210938,300.0357971191406,58.5,166.88372802734375,37.15999984741211,144.25999450683594,144.16378784179688,100.25,41.709999084472656,134.3300018310547,139.94766235351562,34.67385482788086,21.559999465942383,3.799999952316284,391.8800048828125,453.25,40.57889938354492,222.91647338867188,179.52999877929688,785.2380981445312,199.57882690429688,244.14163208007812,111.70203399658203,143.23312377929688,113.48760223388672,25.129945755004883,220.89999389648438,312.9229736328125,376.7544250488281,72.9000015258789,85.14421844482422,125.08685302734375,25.34339141845703,212.5800018310547,840.9570922851562,134.3400115966797,33.93973159790039,115.46422576904297,305.239990234375,75.8868408203125,351.61651611328125,190.5894775390625,255.96583557128906,166.07913208007812,43.961204528808594,124.63406372070312,31.850000381469727,88.75284576416016,149.5,8068.75,178.12786865234375,402.8999938964844,25.889999389648438,241.60057067871094,184.92066955566406,215.34693908691406,525.2435302734375,101.0199966430664,340.4930725097656,70.19000244140625,35.02000045776367,78.33999633789062,123.98750305175781,18.62531852722168,121.2193603515625,270.2423400878906,11.979999542236328,666.0914916992188,102.08634185791016,41.939998626708984,203.7100067138672,190.802734375,92.62295532226562,289.3070373535156,504.3876037597656,57.77182388305664,80.4163818359375,347.15252685546875,43.69472885131836,93.70999908447266,5.53000020980835,39.98798370361328,665.5811767578125,79.42134094238281,154.0500030517578,162.6667022705078,170.00067138671875,142.29379272460938,333.620361328125,611.3657836914062,49.59003829956055,334.5155334472656,229.57000732421875,19.25,353.3599853515625,111.46501922607422
2025-10-07,245.2800750732422,117.14766693115234,73.96939086914062,370.07000732421875,150.337890625,153.3521728515625,107.53162384033203,328.3999938964844,227.4316864013672,184.80430603027344,53.12261199951172,356.7165222167969,44.118492126464844,65.44866180419922,136.7528533935547,211.1625213623047,577.215087890625,119.8499984741211,348.30999755859375,151.47999572753906,134.1199951171875,37.16999816894531,179.67982482910156,152.9165496826172,107.98735046386719,997.0292358398438,477.8299865722656,79.2300033569336,265.60150146484375,165.2050018310547,304.74871826171875,139.85313415527344,20.25,465.6028137207031,180.84800720214844,297.9310302734375,94.10872650146484,375.7799987792969,580.9420776367188,289.2434997558594,20.440000534057617,910.9395141601562,85.61319732666016,324.4990234375,84.91999816894531,86.32136535644531,1.399999976158142,96.6500015258789,711.230224609375,55.06999969482422,128.78526306152344,149.2886199951172,138.94000244140625,291.7311706542969,61.5099983215332,167.348388671875,36.27000045776367,145.0,149.2178192138672,103.69000244140625,43.90999984741211,133.47999572753906,132.11203002929688,33.68896484375,21.469999313354492,3.930000066757202,395.1300048828125,433.0899963378906,40.4522705078125,210.6212615966797,182.1699981689453,778.2113647460938,198.79209899902344,238.14187622070312,111.76072692871094,142.2769012451172,108.01390838623047,24.977815628051758,221.77999877929688,310.4081726074219,367.7524719238281,74.75,86.28199768066406,119.74510192871094,25.166303634643555,211.0399932861328,839.5440063476562,134.54808044433594,33.76311492919922,115.01825714111328,292.75,76.59222412109375,356.4090270996094,190.59942626953125,255.75645446777344,162.9667510986328,44.161983489990234,120.443115234375,31.1200008392334,86.80651092529297,145.2899932861328,7840.10986328125,173.4642791748047,410.2799987792969,25.1299991607666,223.87078857421875,185.63809204101562,208.27964782714844,520.682373046875,96.68000030517578,337.4762878417969,70.62000274658203,35.720001220703125,77.55000305175781,121.15499877929688,18.046037673950195,122.36936950683594,265.78033447265625,11.789999961853027,663.6219482421875,102.62311553955078,39.209999084472656,211.50999450683594,185.53707885742188,92.93524932861328,282.0145263671875,501.2783203125,56.155487060546875,81.49368286132812,350.27337646484375,43.76319122314453,90.88999938964844,5.230000019073486,40.354942321777344,653.5625,79.86426544189453,152.2100067138672,158.73992919921875,159.72312927246094,142.4023895263672,334.53521728515625,614.4398193359375,49.49161911010742,334.60491943359375,227.88999938964844,19.459999084472656,345.4800109863281,114.60541534423828
2025-10-08,244.14230346679688,117.49559020996094,75.47633361816406,364.2200012207031,149.20242309570312,153.03753662109375,107.58030700683594,330.79998779296875,225.87852478027344,188.86911010742188,52.86574172973633,369.5047302246094,44.355316162109375,64.79212188720703,134.85877990722656,209.41343688964844,573.8304443359375,119.98999786376953,348.7699890136719,159.66000366210938,134.77000427246094,37.43000030517578,179.47174072265625,154.2449493408203,106.8807601928711,982.6154174804688,489.3599853515625,74.30000305175781,263.3365783691406,168.463623046875,301.1236572265625,142.0353546142578,20.200000762939453,463.0885314941406,182.86399841308594,303.19915771484375,93.87447357177734,387.2699890136719,561.638427734375,288.3430480957031,24.469999313354492,910.9395141601562,84.4307861328125,320.3929443359375,86.45999908447266,87.7608871459961,1.5099999904632568,98.08999633789062,715.9779663085938,58.68000030517578,126.85743713378906,147.47805786132812,137.89999389648438,302.13916015625,65.30999755859375,166.65634155273438,36.029998779296875,150.8699951171875,162.7282257080078,105.66999816894531,43.22999954223633,133.77000427246094,131.406005859375,33.7758674621582,21.989999771118164,4.150000095367432,407.510009765625,438.69000244140625,40.24772262573242,216.5448760986328,183.55999755859375,765.2616577148438,205.69337463378906,238.82728576660156,111.52597045898438,144.77203369140625,105.80830383300781,24.41683578491211,225.22000122070312,304.0569763183594,373.4630126953125,81.19999694824219,86.04246520996094,120.99317932128906,26.78961753845215,217.7899932861328,841.6238403320312,136.56927490234375,33.331390380859375,114.5425796508789,313.8900146484375,76.21013641357422,362.544189453125,196.1962127685547,257.3320007324219,165.24195861816406,44.46560287475586,118.45117950439453,32.790000915527344,92.32611846923828,157.36000061035156,7756.830078125,177.9221649169922,421.1499938964844,27.0,223.21414184570312,186.42431640625,203.87844848632812,521.546875,97.77999877929688,340.4341125488281,76.77999877929688,34.25,78.5,127.48750305175781,18.16385841369629,122.04776000976562,266.30706787109375,12.479999542236328,667.5791625976562,102.28515625,38.20000076293945,235.55999755859375,196.3781280517578,91.49090576171875,286.3702087402344,504.17181396484375,56.64137649536133,82.30656433105469,349.2198181152344,43.5088996887207,92.62999725341797,6.090000152587891,42.497154235839844,653.373779296875,78.4764404296875,150.97000122070312,167.2429656982422,157.24542236328125,142.6788330078125,343.57452392578125,630.571044921875,49.04876708984375,335.1708679199219,231.3699951171875,19.399999618530273,350.0,116.04804992675781
2025-10-09,241.05833435058594,116.90910339355469,75.09960174560547,371.0899963378906,147.16441345214844,153.64715576171875,108.96278381347656,320.2900085449219,225.34129333496094,192.32470703125,52.67803192138672,381.6854553222656,43.748451232910156,65.03710174560547,140.5604705810547,208.24742126464844,562.7362060546875,120.1500015258789,347.4700012207031,163.61000061035156,138.1300048828125,37.79999923706055,172.0994415283203,151.96482849121094,103.0625228881836,975.3836059570312,484.4100036621094,77.5,257.5811462402344,160.6747589111328,302.6093444824219,140.50082397460938,20.200000762939453,453.51654052734375,183.58999633789062,294.738525390625,93.82566833496094,387.0,567.6546630859375,289.13580322265625,25.459999084472656,938.9109497070312,85.5057144165039,321.00634765625,86.19000244140625,84.59394836425781,1.5299999713897705,101.33999633789062,731.607177734375,57.97999954223633,120.64673614501953,147.3704071044922,132.39999389648438,297.5354919433594,66.41999816894531,160.3388671875,36.709999084472656,152.4600067138672,154.2421875,98.55000305175781,47.11000061035156,131.25,128.00526428222656,32.800636291503906,22.280000686645508,4.079999923706055,398.2900085449219,435.5400085449219,40.062652587890625,219.32247924804688,185.47000122070312,768.6616821289062,209.1290740966797,243.6946258544922,110.44026184082031,144.5279998779297,104.9001693725586,23.99847984313965,227.74000549316406,302.75518798828125,373.94879150390625,86.79000091552734,86.56146240234375,119.51544952392578,26.82897186279297,215.1699981689453,851.2072143554688,136.89622497558594,32.507179260253906,113.88849639892578,315.2099914550781,76.45507049560547,360.3586730957031,194.79205322265625,253.32330322265625,163.1637420654297,44.35297393798828,116.27188873291016,31.889999389648438,90.50953674316406,158.22999572753906,7619.240234375,175.33563232421875,414.8599853515625,27.8700008392334,220.5775604248047,187.7904052734375,206.2902374267578,519.1123657226562,96.44999694824219,336.8277282714844,74.91999816894531,35.06999969482422,83.8499984741211,127.28250122070312,18.026403427124023,121.54096984863281,264.478515625,12.739999771118164,665.6452026367188,101.16190338134766,40.61000061035156,232.88999938964844,192.17160034179688,89.73428344726562,295.1462707519531,498.0317687988281,59.07084655761719,81.9833755493164,344.9261474609375,42.91717529296875,93.63999938964844,5.909999847412109,42.953369140625,641.7511596679688,78.63392639160156,149.61000061035156,168.7417449951172,150.0402374267578,142.36289978027344,343.0971984863281,627.6651000976562,48.99956130981445,330.8517761230469,234.3000030517578,20.31999969482422,348.6700134277344,114.566162109375
2025-10-10,236.10801696777344,113.6933822631836,69.24034118652344,363.7099914550781,144.50526428222656,149.3111572265625,105.21451568603516,304.7900085449219,225.1556854248047,182.92669677734375,51.53199768066406,367.0048522949219,42.850494384765625,65.69364929199219,145.7764892578125,200.09498596191406,555.6889038085938,118.19000244140625,337.510009765625,155.94000244140625,147.16000366210938,36.369998931884766,157.5629425048828,148.60414123535156,105.12615966796875,931.2669067382812,438.9200134277344,70.6500015258789,252.06106567382812,163.3074951171875,298.0137023925781,130.9049072265625,18.649999618530273,449.2205505371094,177.74200439453125,288.946533203125,95.93389892578125,357.010009765625,562.4054565429688,283.9486999511719,24.520000457763672,926.0853271484375,84.03012084960938,313.705810546875,83.04000091552734,84.52445220947266,1.4199999570846558,96.66999816894531,703.4703979492188,52.86000061035156,119.28533935546875,146.49937438964844,121.69000244140625,278.4657287597656,64.26000213623047,155.90972900390625,34.27000045776367,138.9600067138672,148.92111206054688,94.62999725341797,43.91999816894531,124.2699966430664,126.78978729248047,30.75361442565918,21.010000228881836,3.7200000286102295,392.2900085449219,413.489990234375,39.624332427978516,209.01841735839844,175.44000244140625,753.2876586914062,196.04356384277344,240.06895446777344,108.30794525146484,138.64630126953125,97.85816955566406,23.561105728149414,216.3699951171875,300.4178771972656,365.908447265625,82.02999877929688,86.48161315917969,115.24205780029297,26.03207015991211,208.5500030517578,829.453125,132.4178924560547,31.123685836791992,111.78752899169922,309.8800048828125,76.51384735107422,347.431640625,189.2948455810547,244.57806396484375,151.27561950683594,44.171775817871094,117.61869049072266,31.190000534057617,85.50564575195312,154.10000610351562,7450.89990234375,168.22262573242188,407.7900085449219,26.31999969482422,213.29461669921875,187.4365997314453,205.21743774414062,507.74432373046875,93.86000061035156,328.6061706542969,73.06999969482422,33.02000045776367,82.80000305175781,123.41500091552734,17.329301834106445,123.79226684570312,258.57562255859375,12.229999542236328,647.6542358398438,101.23147583007812,39.2400016784668,214.89999389648438,181.450439453125,85.52813720703125,291.1706848144531,495.3736572265625,56.99836349487305,81.63079833984375,341.5567932128906,41.675045013427734,89.3499984741211,5.320000171661377,40.54337692260742,638.6365356445312,76.39961242675781,146.57000732421875,168.87161254882812,150.22853088378906,140.30926513671875,322.82086181640625,616.2782592773438,47.87765884399414,330.4447021484375,225.91000366210938,18.799999237060547,327.0,114.99797058105469
2025-10-13,243.6732177734375,116.23316192626953,68.26876831054688,400.739990234375,147.45556640625,152.5262908935547,106.82091522216797,315.4700012207031,224.9603271484375,188.0801239013672,52.025978088378906,379.37481689453125,43.53136444091797,65.4584732055664,144.62060546875,205.15443420410156,557.4432373046875,118.86000061035156,339.32000732421875,164.77999877929688,171.00999450683594,37.220001220703125,165.29196166992188,150.15066528320312,108.6552963256836,979.4819946289062,448.0,82.08999633789062,255.76727294921875,170.9771270751953,305.0260314941406,137.32211303710938,20.239999771118164,452.011962890625,184.74000549316406,290.0140075683594,95.72893524169922,356.989990234375,555.5325927734375,286.17034912109375,23.760000228881836,931.6119384765625,83.74673461914062,320.5104064941406,84.19999694824219,88.75365447998047,1.6200000047683716,99.25,713.8433837890625,54.75,119.73251342773438,144.3462677001953,125.72000122070312,300.52197265625,65.41999816894531,157.0466766357422,34.81999969482422,140.67999267578125,151.72012329101562,96.27999877929688,54.90999984741211,127.55000305175781,127.1982650756836,32.10542297363281,21.700000762939453,3.559999942779541,409.8299865722656,435.8999938964844,39.84836196899414,218.50611877441406,177.2100067138672,775.3829345703125,208.68093872070312,247.09182739257812,109.78490447998047,142.02291870117188,102.06524658203125,23.513565063476562,220.07000732421875,301.995849609375,372.1443786621094,90.5,91.9709243774414,118.67675018310547,27.055252075195312,213.27999877929688,815.4314575195312,135.70729064941406,31.663345336914062,112.81819152832031,313.0400085449219,76.25912475585938,351.5086975097656,196.55470275878906,246.96133422851562,159.3422088623047,44.50967788696289,116.87596893310547,30.139999389648438,89.28103637695312,147.4499969482422,7584.89990234375,171.56358337402344,407.3699951171875,25.389999389648438,218.3986358642578,187.61349487304688,208.75048828125,510.8148498535156,95.02999877929688,330.03729248046875,68.29000091552734,40.619998931884766,86.95999908447266,127.15249633789062,17.682762145996094,122.88590240478516,261.61651611328125,12.25,657.5919189453125,101.50981140136719,45.02000045776367,216.4199981689453,192.61123657226562,86.64067077636719,306.1287536621094,494.177001953125,58.22797393798828,82.56120300292969,341.2088928222656,42.242313385009766,90.13999938964844,5.53000020980835,42.42772674560547,652.4583129882812,77.67916107177734,144.69000244140625,178.8534393310547,151.2295379638672,140.15127563476562,354.712158203125,611.7215576171875,48.08432388305664,329.79931640625,226.14999389648438,21.170000076293945,332.2300109863281,116.00879669189453
2025-10-14,244.97068786621094,116.47669219970703,68.5562744140625,396.1600036621094,147.89227294921875,152.73275756835938,106.23677062988281,300.6700134277344,223.8174591064453,179.80067443847656,52.598995208740234,387.98992919921875,43.965545654296875,66.15421295166016,147.19461059570312,211.66647338867188,566.0953369140625,122.88999938964844,335.94000244140625,164.82000732421875,174.13999938964844,35.630001068115234,161.37791442871094,151.91526794433594,107.98735046386719,978.009765625,443.760009765625,77.55000305175781,256.8850402832031,170.0730438232422,299.19232177734375,137.82032775878906,22.239999771118164,454.5955505371094,182.2519989013672,296.5077209472656,97.29058074951172,341.54998779296875,570.343994140625,287.5894775390625,23.899999618530273,942.5157470703125,82.76953125,330.1618347167969,83.08000183105469,89.88542175292969,1.590000033378601,103.1500015258789,706.8117065429688,53.11000061035156,124.10485076904297,145.9806671142578,119.94000244140625,293.6262512207031,68.02999877929688,157.59043884277344,36.439998626708984,134.9499969482422,147.1408233642578,95.30000305175781,56.119998931884766,127.0999984741211,132.78753662109375,31.584009170532227,22.190000534057617,3.5899999141693115,401.6300048828125,429.239990234375,40.22824478149414,217.2218475341797,179.74000549316406,759.594970703125,204.65768432617188,238.17169189453125,109.83381652832031,140.20013427734375,102.13595581054688,23.31389617919922,216.38999938964844,309.5303955078125,371.1331787109375,94.5,93.00890350341797,112.95558166503906,27.26185417175293,207.55999755859375,808.41552734375,137.23309326171875,31.957704544067383,113.56145477294922,301.79998779296875,77.48373413085938,352.75335693359375,201.6237030029297,247.07101440429688,159.30282592773438,44.906341552734375,121.04515838623047,30.549999237060547,86.11490631103516,138.7899932861328,7737.009765625,170.4172821044922,412.2200012207031,25.420000076293945,210.5585479736328,187.56436157226562,209.79507446289062,510.3379211425781,91.0,331.1328430175781,69.37999725341797,43.060001373291016,86.94999694824219,122.23500061035156,17.879127502441406,124.57193756103516,266.2970886230469,13.850000381469727,656.78857421875,106.56939697265625,45.790000915527344,218.08999633789062,186.9059295654297,86.04537200927734,297.1737976074219,495.50115966796875,60.75660705566406,82.8941879272461,346.25799560546875,42.237422943115234,89.08000183105469,5.889999866485596,41.6244010925293,653.9309692382812,83.2304916381836,145.30999755859375,175.006591796875,155.34254455566406,140.5363311767578,342.2121887207031,619.6785278320312,49.2947998046875,332.8871765136719,224.42999267578125,20.68000030517578,325.75,116.27376556396484
2025-10-15,250.53977966308594,116.64568328857422,67.39632415771484,436.0,147.62054443359375,159.92005920410156,105.75971221923828,296.760009765625,222.56796264648438,179.60093688964844,52.598995208740234,402.32196044921875,43.7681884765625,65.73284149169922,146.82550048828125,212.55584716796875,561.0018310546875,124.26000213623047,330.6300048828125,168.7100067138672,171.55999755859375,37.150001525878906,164.40016174316406,151.2808074951172,109.93136596679688,1004.499755859375,435.8999938964844,72.41000366210938,252.38462829589844,177.57379150390625,302.767822265625,144.26744079589844,22.84000015258789,446.8448791503906,180.61000061035156,286.35693359375,97.32962036132812,336.29998779296875,574.14892578125,290.9855651855469,25.93000030517578,950.9598999023438,82.19297790527344,327.9895324707031,83.58000183105469,92.90343475341797,1.7400000095367432,104.05000305175781,715.6886596679688,53.939998626708984,123.89617919921875,144.2777557373047,121.58000183105469,302.32769775390625,69.2699966430664,155.21766662597656,37.540000915527344,134.14999389648438,152.01681518554688,90.58000183105469,56.34000015258789,127.58000183105469,133.80377197265625,31.999208450317383,22.1299991607666,4.059999942779541,384.69000244140625,435.1499938964844,40.81267166137695,226.5701904296875,179.6199951171875,756.805908203125,209.9755401611328,235.00296020507812,109.16868591308594,141.58963012695312,108.23994445800781,23.190290451049805,215.57000732421875,306.86767578125,378.4398498535156,95.69000244140625,93.27838134765625,120.25431060791016,27.497974395751953,206.6999969482422,822.5667114257812,135.4992218017578,31.957704544067383,114.36418914794922,302.3500061035156,77.62089538574219,353.9490661621094,202.97808837890625,248.63658142089844,160.51429748535156,45.493995666503906,121.25312042236328,32.040000915527344,88.78164672851562,143.3800048828125,7645.22021484375,171.7203369140625,407.8999938964844,27.190000534057617,218.26930236816406,187.8788604736328,201.87710571289062,510.19879150390625,93.0,327.7178649902344,71.81999969482422,44.779998779296875,93.12000274658203,122.25499725341797,17.996946334838867,125.40033721923828,264.5281982421875,12.880000114440918,659.7044677734375,108.37852478027344,53.43000030517578,238.60000610351562,191.78192138671875,85.62572479248047,301.76556396484375,489.84173583984375,61.18299865722656,84.02046966552734,343.5843811035156,42.21297073364258,88.3499984741211,6.789999961853027,41.51491165161133,649.4830322265625,85.10062408447266,143.66000366210938,180.36219787597656,153.8559112548828,140.75355529785156,349.3720397949219,601.88671875,51.45003128051758,330.36529541015625,244.39999389648438,21.290000915527344,324.1000061035156,116.09711456298828
2025-10-16,250.96896362304688,115.51744079589844,65.4828872680664,415.42999267578125,147.23236083984375,157.33419799804688,104.41617584228516,283.8399963378906,223.20745849609375,181.57839965820312,51.136810302734375,394.931884765625,43.44255828857422,66.23258972167969,148.29222106933594,200.74717712402344,548.1133422851562,122.88999938964844,329.2300109863281,170.77999877929688,162.13999938964844,36.84000015258789,163.58761596679688,150.28944396972656,113.15144348144531,1014.2283325195312,440.20001220703125,65.58999633789062,248.23721313476562,184.30955505371094,295.6861572265625,141.865966796875,20.270000457763672,439.7376403808594,178.8979949951172,280.989990234375,96.07054138183594,330.25,566.9275512695312,289.5076904296875,24.90999984741211,921.7138671875,82.00730895996094,320.5104064941406,83.13999938964844,97.55952453613281,1.7599999904632568,98.19000244140625,710.2228393554688,53.84000015258789,123.1011962890625,146.41128540039062,120.88999938964844,297.49578857421875,67.0,155.26712036132812,37.560001373291016,131.44000244140625,149.6529998779297,88.62000274658203,47.970001220703125,127.3499984741211,133.8535919189453,31.612979888916016,19.549999237060547,3.9600000381469727,374.1000061035156,428.75,40.6860466003418,226.70956420898438,178.1199951171875,747.1085205078125,209.5273895263672,244.36016845703125,108.21990203857422,141.6942138671875,109.4139404296875,23.038158416748047,214.47000122070312,294.3921813964844,372.3625183105469,89.5,90.9529037475586,125.72586059570312,29.21967315673828,205.50999450683594,815.4114379882812,131.43702697753906,32.301124572753906,113.14523315429688,299.239990234375,77.08206939697266,349.5583801269531,208.14662170410156,246.75192260742188,161.6075439453125,44.999385833740234,121.678955078125,30.75,88.12245178222656,146.00999450683594,7605.8798828125,171.92608642578125,408.6099853515625,25.790000915527344,224.8856201171875,188.81248474121094,196.7694549560547,508.3902282714844,95.91000366210938,326.2867736816406,68.43000030517578,40.459999084472656,87.58000183105469,120.55750274658203,17.947856903076172,124.16261291503906,257.4228515625,11.829999923706055,655.211669921875,105.83381652832031,47.63999938964844,234.55999755859375,202.3632049560547,84.81573486328125,311.0882873535156,483.79974365234375,60.07695007324219,83.29573822021484,333.3570556640625,41.70438003540039,87.70999908447266,6.360000133514404,41.50496292114258,643.81103515625,82.6792984008789,142.25999450683594,177.67440795898438,151.55657958984375,140.5166015625,352.17633056640625,592.0517578125,49.63924026489258,329.1042785644531,237.7899932861328,20.139999389648438,324.25,115.6554946899414
2025-10-17,252.80535888671875,116.51148223876953,66.83121490478516,380.17999267578125,148.56192016601562,156.00685119628906,104.4063491821289,289.8699951171875,225.8638916015625,182.98660278320312,51.5517578125,384.9422607421875,43.35867691040039,67.0655288696289,149.30238342285156,208.84030151367188,559.167724609375,125.91000366210938,333.260009765625,170.9499969482422,163.38999938964844,37.0099983215332,165.52978515625,150.41831970214844,104.268798828125,1023.857421875,447.6400146484375,62.939998626708984,248.25682067871094,173.3515167236328,294.7155456542969,141.00901794433594,19.56999969482422,446.32025146484375,180.72000122070312,280.5748596191406,95.45564270019531,336.0199890136719,575.7725219726562,292.4438171386719,24.75,932.378662109375,82.85747528076172,343.82061767578125,83.44000244140625,90.11375427246094,1.6399999856948853,99.13999938964844,715.0602416992188,52.18000030517578,123.66761779785156,148.17291259765625,120.01000213623047,292.7729797363281,66.2699966430664,156.15689086914062,36.560001373291016,129.91000366210938,147.95184326171875,83.12000274658203,46.380001068115234,128.47999572753906,135.2085723876953,31.931617736816406,20.030000686645508,3.7699999809265137,350.5899963378906,439.30999755859375,40.94904327392578,223.99168395996094,178.14999389648438,739.89453125,200.5149383544922,241.45960998535156,109.78490447998047,141.9432373046875,110.19661712646484,23.304386138916016,213.0399932861328,296.1673583984375,370.0921936035156,83.48999786376953,86.4217300415039,126.00542449951172,27.02573585510254,207.88999938964844,798.941650390625,130.5651397705078,32.016578674316406,113.9083251953125,300.25,78.11074829101562,349.48974609375,202.28097534179688,251.5782470703125,160.98704528808594,44.84267807006836,124.60035705566406,28.15999984741211,87.84278869628906,143.10000610351562,7639.06005859375,173.00381469726562,416.80999755859375,25.979999542236328,224.25881958007812,189.89356994628906,201.44639587402344,510.3478698730469,95.45999908447266,326.8394470214844,69.1500015258789,38.33000183105469,87.05999755859375,121.1624984741211,17.938037872314453,125.26390075683594,259.2215270996094,12.399999618530273,658.9308471679688,107.08629608154297,44.25,233.0800018310547,202.2133331298828,84.3960952758789,289.53076171875,485.6633605957031,59.32101058959961,82.78645324707031,339.8075256347656,42.04670333862305,87.43000030517578,5.860000133514404,40.987396240234375,658.1402587890625,81.97061920166016,143.0,173.85752868652344,152.31973266601562,141.45455932617188,347.3832092285156,587.6236572265625,50.46590805053711,328.389404296875,231.85000610351562,19.510000228881836,326.1199951171875,120.52313995361328
2025-10-20,256.04901123046875,117.43594360351562,68.6058349609375,399.8699951171875,149.92059326171875,159.25148010253906,104.58328247070312,296.6099853515625,228.3136749267578,182.4073486328125,52.15441131591797,368.5087890625,43.87673568725586,67.0655288696289,149.23439025878906,212.32855224609375,564.5404052734375,127.20999908447266,343.3999938964844,173.1199951171875,159.0500030517578,38.099998474121094,171.891357421875,152.19285583496094,105.1062240600586,1036.669677734375,453.3500061035156,59.939998626708984,249.2471160888672,177.33535766601562,299.4696350097656,143.5400390625,20.729999542236328,446.9834289550781,183.50999450683594,287.18719482421875,95.34828186035156,343.7799987792969,574.49755859375,296.86749267578125,27.979999542236328,932.1595458984375,84.35260772705078,346.6575622558594,84.86000061035156,94.20396423339844,1.9800000190734863,101.29000091552734,730.2706298828125,55.040000915527344,122.49503326416016,148.7209930419922,122.12000274658203,295.3725280761719,67.3499984741211,158.88555908203125,37.58000183105469,135.8000030517578,146.2506866455078,86.6500015258789,43.310001373291016,131.55999755859375,135.21852111816406,32.597862243652344,22.010000228881836,4.139999866485596,364.0400085449219,447.42999267578125,41.377620697021484,227.1177520751953,181.58999633789062,752.2626953125,193.43443298339844,252.5849609375,110.23484802246094,143.52696228027344,114.80001068115234,23.475534439086914,216.47999572753906,298.6624755859375,374.4444885253906,82.80999755859375,85.73307037353516,121.34263610839844,28.098108291625977,211.82000732421875,805.0419921875,135.35060119628906,32.801536560058594,115.1966552734375,305.8999938964844,78.04216766357422,357.2126770019531,206.8619842529297,261.50018310546875,164.52293395996094,44.82798767089844,124.63006591796875,32.7400016784668,85.73535919189453,146.47999572753906,7681.080078125,175.95285034179688,419.1000061035156,30.6200008392334,213.31451416015625,190.3849334716797,204.30160522460938,513.53759765625,99.5,332.80084228515625,73.97000122070312,34.400001525878906,88.81999969482422,125.90249633789062,18.399497985839844,125.66348266601562,258.3768615722656,12.890000343322754,665.7840576171875,106.41034698486328,44.209999084472656,240.55999755859375,206.59971618652344,84.96211242675781,275.487060546875,496.2073974609375,61.41972732543945,83.02151489257812,342.3121643066406,42.49171829223633,88.31999969482422,6.679999828338623,41.99266815185547,661.503662109375,84.66753387451172,146.6300048828125,175.58612060546875,152.38909912109375,142.95530700683594,347.293701171875,595.036865234375,51.21384048461914,328.8858337402344,229.0,20.5,329.6400146484375,120.81755065917969
2025-10-21,249.97091674804688,118.8723373413086,69.44854736328125,377.010009765625,149.25094604492188,156.55746459960938,104.22942352294922,301.9100036621094,227.6544952392578,180.9292449951172,52.09513473510742,357.3439636230469,43.708984375,69.7896957397461,148.78758239746094,214.48277282714844,570.1921997070312,128.55999755859375,357.54998779296875,169.7100067138672,139.44000244140625,38.119998931884766,165.1532440185547,153.54110717773438,95.5456771850586,1019.6296997070312,459.0400085449219,59.5,249.7373504638672,162.1351776123047,294.25,144.52651977539062,20.06999969482422,445.5184631347656,188.3000030517578,288.906982421875,94.67481231689453,338.6199951171875,577.0574951171875,294.7241516113281,26.969999313354492,933.543701171875,85.62297821044922,352.3511657714844,84.77999877929688,85.6959228515625,1.899999976158142,100.11000061035156,731.367919921875,54.81999969482422,122.49503326416016,148.38821411132812,119.13999938964844,292.20745849609375,65.4000015258789,171.0755615234375,37.09000015258789,131.83999633789062,148.3201904296875,90.62000274658203,40.0,130.7100067138672,137.41038513183594,31.699880599975586,20.670000076293945,3.880000114440918,377.17999267578125,442.6000061035156,41.25099563598633,224.9971923828125,181.50999450683594,747.985595703125,185.74644470214844,261.65411376953125,110.24462890625,143.60165405273438,114.2563247680664,23.627662658691406,222.02999877929688,312.4101867675781,370.2508239746094,78.61000061035156,82.6091537475586,121.22281646728516,26.681398391723633,214.39999389648438,795.6973876953125,139.2245635986328,32.88984680175781,115.60297393798828,310.3699951171875,77.6796875,358.0848693847656,204.3922119140625,262.0286560058594,166.28599548339844,44.37255859375,126.99690246582031,33.38999938964844,84.15728759765625,145.94000244140625,7792.1298828125,177.1775360107422,426.2699890136719,29.889999389648438,213.48367309570312,188.57662963867188,210.0279083251953,514.4021606445312,98.95999908447266,336.2552795410156,72.31999969482422,32.189998626708984,89.69999694824219,125.98750305175781,18.15403938293457,125.06898498535156,266.75421142578125,12.680000305175781,665.7740478515625,105.58531188964844,38.369998931884766,238.02999877929688,202.12338256835938,84.32778930664062,273.4694519042969,480.1216125488281,61.98667526245117,82.25759887695312,345.0951232910156,42.39391326904297,89.44999694824219,6.110000133514404,41.11678695678711,671.7232055664062,83.42735290527344,146.22000122070312,174.65689086914062,157.21568298339844,143.29098510742188,340.7503967285156,592.41748046875,50.70209884643555,336.0346984863281,226.85000610351562,20.440000534057617,333.45001220703125,121.76948547363281
2025-10-22,251.19850158691406,117.94290924072266,67.48554992675781,314.8299865722656,150.97842407226562,155.46607971191406,104.39652252197266,280.80999755859375,224.9882354736328,180.0503692626953,51.79874801635742,348.6491394042969,43.575767517089844,69.38793182373047,148.6418914794922,217.7733917236328,569.5243530273438,127.5,354.0899963378906,164.47999572753906,120.12000274658203,36.91999816894531,164.35061645507812,151.54847717285156,96.83171844482422,1006.25048828125,454.29998779296875,55.45000076293945,248.20779418945312,162.4332275390625,291.29852294921875,140.74993896484375,19.149999618530273,445.3600769042969,187.1300048828125,285.61566162109375,95.143310546875,320.3299865722656,582.4361572265625,289.6741027832031,24.579999923706055,940.6934204101562,85.61319732666016,349.15716552734375,84.66000366210938,86.38093566894531,1.840000033378601,96.2699966430664,731.5075073242188,52.5,119.45427703857422,148.9558563232422,117.02999877929688,286.6214904785156,60.564998626708984,175.95950317382812,36.08000183105469,127.22000122070312,149.01499938964844,84.30000305175781,36.060001373291016,130.05999755859375,135.68678283691406,31.342615127563477,18.989999771118164,3.569999933242798,355.17999267578125,438.9700012207031,41.43606185913086,219.58132934570312,175.49000549316406,733.8138427734375,185.05931091308594,254.9292449951172,112.20088195800781,142.18228149414062,110.95935821533203,23.504056930541992,217.9499969482422,313.5936279296875,357.5013427734375,71.3499984741211,83.37765502929688,120.28426361083984,26.54366111755371,212.4199981689453,808.4951171875,135.39022827148438,34.24390411376953,114.60203552246094,307.9200134277344,78.12053680419922,354.2822265625,190.38034057617188,257.72088623046875,166.7193603515625,44.269718170166016,125.90755462646484,31.059999465942383,80.95120239257812,146.58999633789062,7697.16015625,167.25270080566406,426.44000244140625,27.68000030517578,213.9612274169922,189.61837768554688,207.82630920410156,517.2640991210938,97.2300033569336,333.837158203125,66.5199966430664,27.290000915527344,87.55000305175781,125.02749633789062,18.11476707458496,125.75119018554688,270.37152099609375,11.350000381469727,662.3128051757812,106.49981689453125,34.720001220703125,230.22999572753906,198.30654907226562,85.3036880493164,270.99468994140625,477.8067932128906,59.67908477783203,81.13130950927734,343.25634765625,42.93673324584961,87.04000091552734,5.75,40.58926010131836,667.4741821289062,82.5611801147461,147.72000122070312,171.44949340820312,156.79942321777344,144.1104736328125,338.4035339355469,589.5806884765625,50.288761138916016,331.4375915527344,223.36000061035156,19.719999313354492,330.510009765625,119.19828033447266
2025-10-23,252.58578491210938,118.4747085571289,69.06189727783203,344.2300109863281,151.93919372558594,156.6361083984375,106.2345962524414,284.9200134277344,224.565185546875,181.92796325683594,51.90742111206055,364.3257141113281,44.098758697509766,68.53541564941406,147.16546630859375,217.43739318847656,571.9266357421875,127.3499984741211,354.1199951171875,172.5800018310547,124.69999694824219,38.15999984741211,170.33563232421875,153.44195556640625,97.9283447265625,1030.9598388671875,456.0899963378906,59.369998931884766,249.9530487060547,163.59559631347656,291.72442626953125,147.01766967773438,19.219999313354492,445.5184631347656,187.83399963378906,289.8756408691406,93.8451919555664,322.760009765625,573.421875,286.64996337890625,25.889999389648438,938.0745239257812,85.19300079345703,352.0635070800781,84.93000030517578,88.26720428466797,1.9500000476837158,95.68000030517578,732.095947265625,47.91999816894531,120.10018920898438,148.9656524658203,120.4800033569336,288.45703125,63.56999969482422,177.40293884277344,35.63999938964844,134.3300018310547,153.08453369140625,89.31999969482422,39.595001220703125,133.2899932861328,136.1949005126953,32.0378303527832,20.489999771118164,3.6500000953674316,364.2799987792969,448.9800109863281,41.39710235595703,227.45623779296875,180.47999572753906,739.9044189453125,190.57632446289062,253.34983825683594,113.44309997558594,143.97518920898438,115.40841674804688,23.456518173217773,221.08999633789062,312.5087585449219,369.199951171875,71.72000122070312,86.13229370117188,125.52617645263672,26.88800048828125,215.02000427246094,817.0634155273438,137.17364501953125,35.33303451538086,114.21553802490234,318.7699890136719,77.73845672607422,353.2630310058594,199.0941925048828,258.84765625,167.4678955078125,44.23543930053711,126.1056137084961,31.829999923706055,82.66909790039062,152.75999450683594,7679.41015625,168.70272827148438,422.6300048828125,28.200000762939453,225.2637176513672,189.15646362304688,202.37814331054688,517.283935546875,99.97000122070312,337.05474853515625,67.20999908447266,31.059999465942383,90.37999725341797,130.4949951171875,18.085311889648438,124.02617645263672,268.01629638671875,12.289999961853027,666.2402954101562,106.22148895263672,37.560001373291016,234.99000549316406,206.53976440429688,87.90933990478516,278.35943603515625,478.6993408203125,58.455665588378906,81.5328598022461,343.85272216796875,43.5088996887207,88.55000305175781,5.730000019073486,41.03715896606445,674.3900146484375,83.13206481933594,150.0800018310547,183.0500030517578,157.1363983154297,144.18943786621094,342.3713073730469,598.733642578125,50.93828582763672,329.3922424316406,229.0,19.81999969482422,337.2699890136719,118.49168395996094
2025-10-24,259.4124450683594,118.12183380126953,69.17095184326172,383.0,150.96871948242188,161.10977172851562,104.56361389160156,289.0799865722656,224.30938720703125,186.02272033691406,52.470558166503906,387.6214294433594,43.91620635986328,68.31002807617188,147.20433044433594,222.3486328125,571.826904296875,127.98999786376953,353.5199890136719,179.0500030517578,136.0500030517578,38.279998779296875,173.11016845703125,153.57083129882812,97.84858703613281,1027.667236328125,464.17999267578125,60.29999923706055,249.93345642089844,162.28421020507812,297.5679931640625,151.14300537109375,19.540000915527344,441.47979736328125,186.03399658203125,289.79656982421875,93.58165740966797,354.4599914550781,575.6729125976562,285.5439758300781,25.600000381469727,928.2063598632812,85.49594116210938,354.6722717285156,85.55999755859375,82.76725769042969,2.0199999809265137,99.30999755859375,736.4446411132812,48.290000915527344,119.77226257324219,150.28330993652344,122.76000213623047,292.6539306640625,64.55999755859375,176.62188720703125,36.22999954223633,139.7899932861328,157.46177673339844,91.18000030517578,38.84000015258789,133.9600067138672,137.41038513183594,32.0474853515625,21.420000076293945,3.7200000286102295,378.5400085449219,433.7200012207031,41.543209075927734,227.7349853515625,184.6300048828125,772.5248413085938,200.63442993164062,253.1313018798828,112.86601257324219,146.21133422851562,117.78031158447266,23.542091369628906,224.2100067138672,312.084716796875,373.0565185546875,73.69999694824219,87.95873260498047,129.23043823242188,27.576679229736328,217.11000061035156,821.4520263671875,137.42135620117188,35.15642166137695,114.51284790039062,323.0,77.48373413085938,355.2720947265625,202.44032287597656,262.0785827636719,166.39431762695312,44.75453567504883,126.33338928222656,34.11000061035156,84.0274429321289,153.82000732421875,7430.919921875,165.70468139648438,421.3900146484375,27.959999084472656,232.93467712402344,187.12208557128906,204.47166442871094,520.314697265625,100.11000061035156,346.20404052734375,67.61000061035156,32.650001525878906,98.27999877929688,131.8300018310547,17.52566909790039,124.13337707519531,269.626220703125,12.8100004196167,671.6851806640625,105.53560638427734,37.72999954223633,252.9199981689453,218.83963012695312,85.90874481201172,281.5994873046875,476.1099548339844,60.62400817871094,82.6689453125,345.2640686035156,43.06877136230469,89.06999969482422,6.039999961853027,41.1765022277832,679.733642578125,85.0514144897461,149.88999938964844,185.9076690673828,156.54176330566406,144.17958068847656,352.1564636230469,598.575439453125,51.73542785644531,331.626220703125,241.41000366210938,20.850000381469727,345.1000061035156,118.6879653930664
2025-10-27,268.7441711425781,119.82164764404297,69.6468276977539,359.7300109863281,150.6969757080078,163.2335205078125,104.956787109375,295.6300048828125,224.34872436523438,191.24607849121094,52.68791198730469,389.57354736328125,43.89646911621094,68.65299987792969,148.2533721923828,220.84658813476562,570.5210571289062,129.07000732421875,357.79998779296875,182.5399932861328,137.42999267578125,39.540000915527344,177.8169403076172,154.44322204589844,94.15994262695312,1054.4058837890625,465.4100036621094,62.79999923706055,250.766845703125,154.15756225585938,301.2425231933594,156.3445281982422,19.559999465942383,440.311767578125,189.25799560546875,287.7604675292969,93.1131820678711,361.42999267578125,583.0039672851562,284.956787109375,14.789999961853027,925.9259643554688,85.99430847167969,358.74908447265625,85.29000091552734,78.06151580810547,2.0899999141693115,98.80000305175781,748.872314453125,51.56999969482422,119.54371643066406,149.54417419433594,128.66000366210938,295.918212890625,65.62000274658203,177.2052001953125,36.810001373291016,145.86000061035156,160.9854278564453,90.68000030517578,40.2400016784668,137.75999450683594,138.16758728027344,33.02272033691406,23.0,3.25,380.1300048828125,452.4200134277344,41.63087463378906,230.30355834960938,189.17999267578125,778.5463256835938,198.47344970703125,253.7670440673828,113.40398406982422,148.91065979003906,120.99760437011719,23.551597595214844,226.97000122070312,315.8421936035156,376.47686767578125,79.44999694824219,86.45167541503906,126.4747085571289,27.320886611938477,220.2899932861328,822.4073486328125,142.8310089111328,35.480220794677734,116.1083984375,326.3299865722656,77.6111068725586,358.6827697753906,203.18722534179688,268.0516662597656,184.85194396972656,44.87696075439453,127.47224426269531,34.18000030517578,88.60186767578125,156.80999755859375,7438.330078125,165.97901916503906,420.1700134277344,26.729999542236328,229.15391540527344,187.02381896972656,208.7723388671875,528.1749877929688,100.3499984741211,349.1650085449219,65.72000122070312,35.040000915527344,98.55000305175781,132.4250030517578,17.663124084472656,124.25032806396484,269.516845703125,12.789999961853027,679.6094970703125,103.84577178955078,38.709999084472656,259.6700134277344,219.91873168945312,86.55284118652344,279.6812744140625,477.5812072753906,60.12668228149414,84.25552368164062,345.701416015625,43.171470642089844,90.01000213623047,6.300000190734863,40.90776824951172,680.0321655273438,85.64197540283203,150.42999267578125,192.7420654296875,157.4436492919922,144.51527404785156,360.0323181152344,589.056884765625,52.17828369140625,333.6914367675781,247.69000244140625,20.510000228881836,351.3999938964844,118.22671508789062
2025-10-28,266.9476623535156,119.8514633178711,72.39303588867188,363.70001220703125,149.58091735839844,162.43710327148438,104.0918197631836,284.6400146484375,223.8666534423828,200.77392578125,52.35200500488281,383.3985595703125,43.95567321777344,68.75099182128906,145.81532287597656,218.37619018554688,564.1117553710938,128.00999450683594,359.9100036621094,183.0399932861328,132.27999877929688,41.529998779296875,175.11178588867188,153.3428192138672,95.12696075439453,1046.9451904296875,456.8299865722656,57.150001525878906,249.4628143310547,155.76699829101562,302.44097900390625,155.06906127929688,18.8799991607666,438.2330627441406,187.58200073242188,284.04412841796875,91.65888977050781,355.2200012207031,651.9013671875,285.8669738769531,13.960000038146973,920.260009765625,85.04641723632812,358.1142578125,85.87000274658203,78.76638793945312,1.9700000286102295,94.94000244140625,749.4906616210938,52.36000061035156,119.98094177246094,149.1795196533203,126.81999969482422,299.17254638671875,63.75,176.6416778564453,36.70000076293945,146.25,163.6554412841797,89.77999877929688,37.06999969482422,138.02999877929688,138.23731994628906,33.34135818481445,21.55500030517578,3.1700000762939453,379.92999267578125,460.54998779296875,40.70552444458008,226.62991333007812,189.60000610351562,780.6160278320312,189.799560546875,252.56509399414062,112.51387786865234,150.3848114013672,120.09246063232422,23.294878005981445,229.25,288.9089050292969,372.7789611816406,77.7699966430664,106.7022476196289,124.72740173339844,27.07493019104004,221.3800048828125,816.1279296875,150.5888214111328,35.185855865478516,115.53359985351562,328.9800109863281,76.83715057373047,360.5056457519531,206.7623748779297,268.2411193847656,178.30213928222656,44.13750076293945,126.97709655761719,33.56999969482422,88.3521728515625,156.77000427246094,7461.330078125,163.5296630859375,422.3900146484375,26.43000030517578,221.8709716796875,183.7118377685547,203.4548797607422,538.6585693359375,97.80000305175781,342.16729736328125,64.16999816894531,32.0,97.0,136.73500061035156,17.623851776123047,122.45707702636719,263.802734375,12.350000381469727,681.41455078125,102.55352783203125,42.119998931884766,258.010009765625,221.7272491455078,84.69861602783203,279.11474609375,476.4630126953125,57.550533294677734,81.84626007080078,344.7870178222656,42.721561431884766,89.30999755859375,5.909999847412109,40.97743606567383,675.5941162109375,85.53369903564453,149.1300048828125,190.4139862060547,152.3791961669922,143.60693359375,370.8914794921875,588.167236328125,52.03066635131836,351.9308776855469,239.60000610351562,19.920000076293945,341.29998779296875,115.6849365234375
2025-10-29,274.0338134765625,118.86238861083984,69.08171844482422,390.82000732421875,150.5222930908203,161.2769012451172,104.19010925292969,275.3599853515625,221.50538635253906,206.77627563476562,51.46284103393555,399.8121032714844,43.09225082397461,66.97733306884766,141.96888732910156,216.0045623779297,552.7982788085938,126.4800033569336,337.8599853515625,189.27000427246094,143.4199981689453,41.34000015258789,178.3321990966797,153.73934936523438,94.88770294189453,1067.0986328125,455.3399963378906,61.11000061035156,243.49169921875,155.75706481933594,302.5895690917969,160.1011962890625,18.8799991607666,427.631591796875,182.33999633789062,283.5400390625,91.26847839355469,348.6099853515625,650.3375854492188,285.55377197265625,13.119999885559082,908.5695190429688,84.60667419433594,355.3269348144531,84.22000122070312,79.093994140625,2.009999990463257,95.93000030517578,749.7200927734375,52.689998626708984,117.48672485351562,146.6171417236328,127.5999984741211,302.7047424316406,66.16000366210938,174.35789489746094,31.139999389648438,144.8000030517578,162.3849639892578,91.20999908447266,39.40999984741211,138.0800018310547,134.10267639160156,33.17721176147461,22.170000076293945,3.0399999618530273,380.6499938964844,461.510009765625,39.59511184692383,234.7039337158203,198.80999755859375,771.716796875,198.5431365966797,249.7837677001953,113.90281677246094,151.46556091308594,123.00405883789062,23.095211029052734,230.3000030517578,276.18682861328125,384.41802978515625,80.05999755859375,106.46270751953125,141.1620330810547,26.681398391723633,217.16000366210938,809.58984375,153.00631713867188,36.13762283325195,115.24620819091797,320.9599914550781,75.02471923828125,348.1764831542969,212.80731201171875,268.93914794921875,175.9777069091797,44.122806549072266,122.97625732421875,32.209999084472656,90.04010772705078,162.02999877929688,7333.31005859375,157.0143280029297,417.2099914550781,24.770000457763672,264.2751770019531,183.38751220703125,201.67843627929688,538.141845703125,95.02999877929688,339.0090026855469,62.560001373291016,34.2599983215332,102.66999816894531,136.375,17.43730354309082,121.13164520263672,261.47735595703125,12.020000457763672,681.7418212890625,101.84777069091797,43.16999816894531,264.3299865722656,226.443359375,85.9575424194336,273.6185302734375,476.0314636230469,58.445716857910156,80.07359313964844,339.20123291015625,43.039432525634766,87.6500015258789,5.869999885559082,41.99266815185547,652.8165283203125,84.6478500366211,147.86000061035156,199.1068572998047,146.96786499023438,142.1555633544922,383.8289794921875,578.2236328125,51.745269775390625,343.27288818359375,241.7100067138672,20.1200008392334,341.42999267578125,116.29338836669922
2025-10-30,280.9303283691406,116.17848205566406,67.34674835205078,383.30999755859375,148.9889373779297,162.4862518310547,103.65933227539062,254.57000732421875,224.51600646972656,202.63156127929688,51.60115432739258,380.9384765625,42.514991760253906,67.59468841552734,143.31903076171875,215.79705810546875,551.901123046875,126.33999633789062,339.239990234375,188.9600067138672,137.38999938964844,40.15999984741211,172.34716796875,153.3527374267578,97.76882934570312,1071.6925048828125,442.92999267578125,60.16999816894531,239.88356018066406,161.54904174804688,306.4819641113281,160.43997192382812,17.760000228881836,425.5528564453125,186.93600463867188,292.4652404785156,92.79108428955078,328.510009765625,651.463134765625,285.7789001464844,12.265000343322754,916.2967529296875,84.31351470947266,355.9815979003906,84.19999694824219,81.71490478515625,1.940000057220459,93.37999725341797,664.7410888671875,50.369998931884766,118.29164123535156,147.41542053222656,121.80999755859375,300.849365234375,60.91999816894531,175.40585327148438,30.1299991607666,138.07000732421875,159.81417846679688,88.30000305175781,42.52000045776367,136.00999450683594,133.08642578125,32.221290588378906,21.09000015258789,3.009999990463257,365.8299865722656,440.1000061035156,39.81914138793945,231.5181427001953,194.5500030517578,778.7139282226562,188.9232177734375,254.93914794921875,112.18132019042969,149.60292053222656,120.92591094970703,23.095211029052734,222.86000061035156,280.60504150390625,379.7980651855469,76.68000030517578,104.5165023803711,137.9170379638672,26.37641143798828,218.27000427246094,840.4097900390625,148.35955810546875,35.63720703125,113.29388427734375,322.0400085449219,74.94634246826172,337.8760681152344,212.91685485839844,270.63433837890625,174.5889434814453,43.93672180175781,122.9267349243164,31.170000076293945,88.4620361328125,158.44000244140625,7245.7099609375,157.25927734375,419.8900146484375,23.799999237060547,266.9814147949219,185.7953338623047,201.85128784179688,522.4512329101562,99.01000213623047,340.173583984375,61.099998474121094,36.11000061035156,99.12000274658203,134.6699981689453,16.887479782104492,122.02825927734375,260.6326904296875,11.369999885559082,674.2439575195312,101.61915588378906,42.25,254.83999633789062,223.8255157470703,86.0160903930664,255.32101440429688,480.3373718261719,56.814491271972656,79.9560775756836,342.9283752441406,42.785133361816406,87.91000366210938,5.650000095367432,41.534820556640625,652.9558715820312,84.63801574707031,149.61000061035156,193.6013641357422,147.95895385742188,142.4715118408203,374.3719787597656,571.907470703125,52.1881217956543,345.4274597167969,233.5800018310547,19.6200008392334,336.0899963378906,116.23451232910156
2025-10-31,280.6408996582031,119.25006866455078,68.67523193359375,367.4599914550781,153.06495666503906,162.2290496826172,104.0328369140625,269.510009765625,214.52000427246094,202.23207092285156,51.739463806152344,375.4805603027344,42.2682991027832,67.51628875732422,141.90089416503906,217.3880157470703,550.216552734375,126.54000091552734,340.30999755859375,189.9199981689453,132.77000427246094,39.9900016784668,168.87901306152344,153.71954345703125,96.22357940673828,1055.529296875,453.82000732421875,62.380001068115234,237.8539581298828,159.76077270507812,308.1459045410156,156.90255737304688,18.270000457763672,414.060546875,183.8560028076172,285.744140625,91.7857666015625,343.7799987792969,649.2319946289062,292.0718994140625,12.619999885559082,908.8876953125,84.0203628540039,357.8166809082031,86.43000030517578,80.38459777832031,2.3399999141693115,94.04000091552734,646.6681518554688,51.959999084472656,119.11641693115234,148.19398498535156,120.87000274658203,298.0811767578125,62.97999954223633,176.47360229492188,30.510000228881836,146.77999877929688,160.80674743652344,90.5999984741211,44.27000045776367,134.8699951171875,134.4513702392578,31.902650833129883,19.780000686645508,3.0799999237060547,369.9100036621094,456.55999755859375,39.838626861572266,232.06568908691406,200.47000122070312,777.9354248046875,187.51905822753906,258.6741027832031,111.8585433959961,149.74734497070312,120.36132049560547,23.437501907348633,244.22000122070312,282.873291015625,378.2812194824219,80.25,102.0113754272461,149.97842407226562,26.150129318237305,220.24000549316406,858.6808471679688,148.6667022705078,35.38209915161133,113.77948760986328,331.1400146484375,74.7308120727539,334.7496643066406,212.72763061523438,269.6072692871094,178.17408752441406,43.633094787597656,122.57022857666016,32.88999938964844,93.625732421875,157.69000244140625,7210.81982421875,159.6020050048828,425.57000732421875,25.010000228881836,254.5845184326172,185.61843872070312,201.75314331054688,514.5512084960938,123.54000091552734,340.41046142578125,63.9900016784668,37.060001373291016,101.22000122070312,135.75250244140625,16.740203857421875,121.14139556884766,258.9532165527344,11.930000305175781,676.4556274414062,100.57543182373047,44.869998931884766,256.1199951171875,223.58570861816406,86.71874237060547,261.00604248046875,482.45599365234375,57.07310104370117,79.72101593017578,338.6645202636719,43.098114013671875,91.52999877929688,5.519999980926514,41.50496292114258,664.2699584960938,85.60260772705078,154.27000427246094,192.7021026611328,147.75083923339844,142.42213439941406,367.570068359375,576.7014770507812,52.60145950317383,342.4884948730469,266.94000244140625,20.760000228881836,338.69000244140625,117.55937957763672
2025-11-03,283.1659240722656,120.36836242675781,67.75321197509766,342.989990234375,149.4935760498047,161.88282775878906,103.83625030517578,264.6700134277344,208.53817749023438,206.61647033691406,51.522117614746094,376.18768310546875,42.00680160522461,66.60496520996094,139.48228454589844,219.07777404785156,542.322021484375,126.80000305175781,337.4700012207031,189.55999755859375,126.66999816894531,39.5,166.16395568847656,153.06521606445312,96.89153289794922,1063.0926513671875,445.7200012207031,58.400001525878906,234.68702697753906,161.44967651367188,306.3928527832031,160.66917419433594,17.809999465942383,408.0025634765625,182.76800537109375,285.24005126953125,90.91710662841797,330.4200134277344,639.7196044921875,289.98724365234375,13.069999694824219,925.4310302734375,80.60990142822266,358.699462890625,87.5199966430664,81.0299072265625,2.240000009536743,96.11000061035156,636.0557861328125,50.75,118.01339721679688,145.8780059814453,121.2300033569336,302.47650146484375,61.34000015258789,175.03018188476562,29.510000228881836,147.0800018310547,158.92086791992188,91.0999984741211,39.119998931884766,134.67999267578125,132.8174285888672,31.651599884033203,20.719999313354492,3.059999942779541,367.8800048828125,468.3699951171875,39.77043914794922,236.65524291992188,207.17999267578125,774.1411743164062,192.23939514160156,259.597900390625,111.27166748046875,150.35992431640625,121.39690399169922,23.447010040283203,254.0,273.9678649902344,383.2481994628906,71.1449966430664,100.65401458740234,157.77638244628906,25.92384910583496,219.22999572753906,892.1878662109375,146.75448608398438,36.32405090332031,112.5704345703125,336.2699890136719,74.14299774169922,327.13458251953125,214.96835327148438,268.29095458984375,177.996826171875,43.65758514404297,119.42105102539062,31.56999969482422,90.25984954833984,157.58999633789062,7072.31982421875,159.6020050048828,426.0,24.25,264.2055358886719,183.05337524414062,199.87814331054688,513.7761840820312,119.98999786376953,337.4198913574219,61.970001220703125,33.09000015258789,101.5,137.97999572753906,16.543838500976562,120.52739715576172,262.2425537109375,11.579999923706055,677.7251586914062,100.98297882080078,40.83000183105469,259.6499938964844,234.5067138671875,86.43572998046875,256.275146484375,478.59149169921875,58.187110900878906,80.09317779541016,334.847900390625,43.103004455566406,91.08000183105469,5.440000057220459,40.987396240234375,672.8675537109375,85.92741394042969,151.44000244140625,191.24327087402344,143.7666778564453,142.61959838867188,360.5295104980469,568.75439453125,52.70970916748047,343.1835021972656,265.7099914550781,19.969999313354492,335.4100036621094,119.77729034423828
2025-11-04,276.9980163574219,118.37034606933594,65.51263427734375,327.20001220703125,148.86276245117188,162.23895263671875,103.46275329589844,246.99000549316406,212.40472412109375,198.43690490722656,51.78886413574219,361.35772705078125,41.799583435058594,67.28111267089844,138.80235290527344,218.06983947753906,550.97412109375,122.3499984741211,335.3500061035156,182.8699951171875,112.2300033569336,37.029998779296875,162.8048095703125,151.29071044921875,94.08019256591797,1026.5408935546875,416.3500061035156,53.380001068115234,236.0695037841797,154.8927459716797,306.2937927246094,155.22848510742188,16.6200008392334,413.7041931152344,177.51400756835938,287.7406921386719,90.5071792602539,307.32000732421875,625.5257568359375,290.3787536621094,12.199999809265137,938.0953979492188,81.94867706298828,357.57861328125,85.22000122070312,78.3295669555664,2.0,90.7699966430664,625.6926879882812,47.400001525878906,118.88786315917969,145.04029846191406,124.98999786376953,291.7510681152344,56.56999969482422,173.61642456054688,29.010000228881836,136.8000030517578,153.49148559570312,90.22000122070312,35.18000030517578,133.83999633789062,133.18605041503906,30.724647521972656,19.274999618530273,2.7799999713897705,365.0799865722656,444.260009765625,39.87758255004883,229.16860961914062,190.74000549316406,779.374267578125,184.9696807861328,252.743896484375,111.64334106445312,146.390625,118.84278106689453,23.104717254638672,249.32000732421875,253.82955932617188,374.4742126464844,70.05000305175781,96.7615966796875,151.9453582763672,24.330049514770508,214.52000427246094,902.4677734375,142.9597930908203,35.44096755981445,111.79743957519531,328.29998779296875,74.44669342041016,324.23358154296875,199.562255859375,269.2781982421875,170.2355499267578,43.50088119506836,120.47077941894531,30.059999465942383,87.48322296142578,153.5500030517578,7146.02978515625,157.5261688232422,421.6700134277344,22.739999771118164,249.11233520507812,183.64305114746094,198.33689880371094,511.0931701660156,116.86000061035156,338.99908447265625,56.40999984741211,29.739999771118164,99.80999755859375,133.47999572753906,15.925284385681152,120.68333435058594,270.5404357910156,10.399999618530273,669.6917114257812,101.6589126586914,35.630001068115234,250.0500030517578,217.85043334960938,85.79164123535156,246.6542510986328,475.6882019042969,55.352352142333984,80.00504302978516,338.2271728515625,42.638427734375,86.97000122070312,5.0,39.23562240600586,657.1749877929688,85.76008605957031,149.3300018310547,180.67196655273438,144.2919464111328,143.26138305664062,349.9786682128906,570.4644165039062,52.69002914428711,340.5424499511719,262.70001220703125,19.059999465942383,333.2200012207031,120.7095947265625
2025-11-05,283.75482177734375,119.81170654296875,67.47563171386719,325.7300109863281,148.15432739257812,163.39630126953125,103.3939437866211,255.0,213.27052307128906,194.96136474609375,51.966697692871094,361.7859802246094,42.0462760925293,67.13412475585938,138.7635040283203,218.78131103515625,551.5323486328125,122.5,335.5299987792969,195.80999755859375,121.2300033569336,38.380001068115234,163.32008361816406,151.8756103515625,96.20365142822266,1040.103271484375,409.1099853515625,55.40999984741211,232.9221649169922,158.6381378173828,308.7005615234375,164.46568298339844,17.1299991607666,413.99127197265625,175.92599487304688,283.7673645019531,89.21881866455078,319.29998779296875,641.6519165039062,313.0453186035156,13.569999694824219,932.4014282226562,82.46659088134766,362.8456726074219,85.98999786376953,81.03982543945312,1.9199999570846558,96.6500015258789,634.30029296875,42.029998779296875,118.70899200439453,143.6802520751953,123.33000183105469,291.3442687988281,56.41999816894531,172.02468872070312,32.20000076293945,142.47999572753906,151.27806091308594,77.41000366210938,37.290000915527344,136.33999633789062,133.1561737060547,30.937074661254883,18.969999313354492,2.7799999713897705,350.70001220703125,462.07000732421875,39.86783981323242,239.8211212158203,187.89999389648438,781.6015625,188.6045379638672,250.99562072753906,111.19341278076172,146.96336364746094,122.18952941894531,23.39946937561035,250.1999969482422,253.08990478515625,383.1829528808594,70.37999725341797,95.05491638183594,159.85317993164062,24.438270568847656,213.17999267578125,921.3259887695312,143.91094970703125,35.86288070678711,112.40196228027344,323.8999938964844,74.39772033691406,321.2052001953125,197.3016357421875,269.3779296875,177.0118865966797,43.51067352294922,120.00533294677734,31.520000457763672,92.78675842285156,140.4199981689453,7181.8701171875,161.68771362304688,417.0,23.06999969482422,274.373779296875,182.7978515625,195.13404846191406,503.96826171875,122.44000244140625,338.4463806152344,56.9900016784668,31.020000457763672,111.83999633789062,133.53500366210938,15.571825981140137,120.6248550415039,281.3028259277344,10.4399995803833,672.012451171875,100.86370086669922,37.90999984741211,256.3299865722656,237.30441284179688,85.58668518066406,248.78118896484375,464.0750732421875,58.22689437866211,80.44575500488281,337.9687805175781,42.75090408325195,87.12999725341797,4.960000038146973,40.02193069458008,652.1100463867188,85.5829086303711,153.42999267578125,190.55386352539062,143.9748077392578,143.81427001953125,356.9794616699219,563.9012451171875,51.617332458496094,333.3836364746094,277.3900146484375,20.59000015258789,327.6300048828125,120.29741668701172
2025-11-06,284.19390869140625,117.04330444335938,65.69108581542969,277.7799987792969,148.42605590820312,161.6553192138672,103.20718383789062,237.1999969482422,215.5038604736328,187.84043884277344,51.778987884521484,349.8841247558594,41.839054107666016,67.6730728149414,137.52020263671875,214.31478881835938,551.50244140625,120.52999877929688,327.3500061035156,201.4600067138672,106.75,37.2400016784668,166.08468627929688,151.27088928222656,95.98432922363281,1025.6041259765625,396.1400146484375,57.43000030517578,253.73770141601562,158.25070190429688,310.4239501953125,161.61581420898438,15.960000038146973,411.1107482910156,171.75399780273438,281.71148681640625,88.72103881835938,295.2200012207031,644.3214111328125,308.8663024902344,12.319999694824219,920.983642578125,83.82490539550781,362.77630615234375,80.54000091552734,81.93331909179688,1.7799999713897705,95.72000122070312,617.3344116210938,40.34000015258789,118.18231964111328,144.01535034179688,127.04000091552734,286.9786376953125,49.61000061035156,173.11221313476562,31.170000076293945,127.08000183105469,148.07203674316406,72.41000366210938,34.36000061035156,136.74000549316406,132.16983032226562,30.85017204284668,17.34000015258789,2.690000057220459,328.2300109863281,445.9100036621094,39.673030853271484,232.4937744140625,175.0500030517578,776.1713256835938,183.85430908203125,237.67501831054688,111.99547576904297,144.0100555419922,120.12831115722656,23.627662658691406,243.0399932861328,250.07211303710938,375.19000244140625,65.27999877929688,90.06463623046875,163.34776306152344,24.585845947265625,211.3699951171875,932.899658203125,143.32640075683594,35.676456451416016,111.39111328125,317.9200134277344,74.06462097167969,315.1484375,193.12893676757812,269.0089416503906,170.5901336669922,43.31968307495117,119.16358184814453,30.6299991607666,93.21623992919922,134.02000427246094,7195.0498046875,159.52291870117188,416.25,23.149999618530273,277.06011962890625,183.75115966796875,194.65328979492188,493.9715576171875,121.11000061035156,335.8703308105469,56.61000061035156,28.389999389648438,106.54000091552734,133.1300048828125,15.512916564941406,120.84901428222656,279.3848876953125,9.5600004196167,664.8021850585938,101.07244110107422,32.459999084472656,237.6999969482422,238.13372802734375,83.59585571289062,242.3109588623047,459.9359130859375,57.50080108642578,80.30865478515625,334.90753173828125,43.16657638549805,85.87000274658203,4.619999885559082,38.4692268371582,650.4283447265625,84.6872329711914,156.74000549316406,182.8701629638672,143.92523193359375,144.09072875976562,353.60833740234375,565.3444213867188,52.44399642944336,331.28863525390625,271.9800109863281,20.420000076293945,324.45001220703125,121.1021499633789
2025-11-07,278.2854919433594,117.2271957397461,65.65142059326172,294.1600036621094,150.4446563720703,160.60678100585938,103.61019134521484,241.92999267578125,215.62193298339844,187.9103240966797,52.14453125,356.9455871582031,42.34230422973633,69.13316345214844,138.85093688964844,215.24366760253906,550.1966552734375,120.87999725341797,326.95001220703125,199.25999450683594,112.6500015258789,38.130001068115234,164.82623291015625,152.00450134277344,98.75578308105469,1013.4069213867188,393.42999267578125,59.27000045776367,254.6691131591797,160.3568572998047,311.20635986328125,158.78587341308594,15.869999885559082,416.2481384277344,172.37399291992188,287.2860412597656,89.24810028076172,309.1400146484375,654.939453125,313.37811279296875,9.520000457763672,920.1459350585938,84.31351470947266,365.5635986328125,81.79000091552734,82.78710174560547,1.7599999904632568,97.43000030517578,620.0972900390625,39.7599983215332,119.0071029663086,144.85304260253906,125.95999908447266,284.26007080078125,51.63999938964844,174.9609832763672,30.219999313354492,130.36000061035156,145.61045837402344,77.87999725341797,33.77000045776367,135.77999877929688,133.2856903076172,30.695680618286133,17.010000228881836,2.4700000286102295,329.6499938964844,429.5199890136719,40.19902420043945,229.0491485595703,177.92999267578125,774.94921875,190.20785522460938,238.28097534179688,114.6559829711914,143.5120086669922,118.83084106445312,23.637338638305664,244.41000366210938,252.4784698486328,371.5812683105469,69.19000244140625,92.0807113647461,162.70875549316406,24.88099479675293,212.2899932861328,919.8930053710938,142.97962951660156,35.9708137512207,111.10372161865234,320.010009765625,75.1520767211914,317.74560546875,192.75050354003906,267.7126159667969,168.31494140625,43.922027587890625,120.37174987792969,30.270000457763672,90.80917358398438,134.64999389648438,7251.240234375,158.7024688720703,409.4700012207031,22.209999084472656,277.9356689453125,183.35806274414062,196.28033447265625,493.6933288574219,121.9000015258789,341.83172607421875,55.119998931884766,29.5,104.62999725341797,134.95249938964844,15.316551208496094,120.51765441894531,289.3423156738281,9.59000015258789,665.4567260742188,101.97699737548828,30.34000015258789,233.5399932861328,237.7240447998047,84.73765563964844,237.7986602783203,449.56842041015625,58.56507873535156,82.19883728027344,333.9732666015625,43.78764343261719,85.20999908447266,4.619999885559082,39.623802185058594,645.661865234375,85.13247680664062,155.50999450683594,179.6527862548828,143.47926330566406,144.28819274902344,347.4826354980469,562.0330810546875,52.35542678833008,337.7424621582031,267.6400146484375,17.1299991607666,325.04998779296875,116.62705993652344
2025-11-10,289.5334777832031,118.7679672241211,65.6811752319336,290.20001220703125,151.05606079101562,163.26773071289062,104.75037384033203,238.8800048828125,215.17921447753906,198.7964630126953,52.332244873046875,359.475341796875,42.74195098876953,69.10375213623047,138.53038024902344,217.7536163330078,551.1834716796875,120.19999694824219,328.8500061035156,208.74000549316406,111.5199966430664,38.45000076293945,164.38034057617188,152.86697387695312,101.99580383300781,1035.16064453125,400.7699890136719,55.369998931884766,253.3847198486328,166.8243865966797,313.86077880859375,165.781005859375,15.579999923706055,416.40655517578125,173.25999450683594,293.55242919921875,88.58439636230469,317.92999267578125,652.160400390625,316.7643737792969,9.729999542236328,912.9861450195312,84.7728042602539,364.908935546875,82.27999877929688,87.62189483642578,1.7599999904632568,96.13999938964844,630.1211547851562,40.189998626708984,119.41452026367188,143.3944549560547,132.32000732421875,292.9615173339844,51.900001525878906,176.99758911132812,32.84000015258789,135.8800048828125,141.63026428222656,79.18000030517578,33.08000183105469,138.1300048828125,133.7539520263672,30.328760147094727,17.31999969482422,2.5199999809265137,333.8699951171875,445.2300109863281,40.1697998046875,234.0369110107422,193.61000061035156,785.6519775390625,187.4991455078125,240.0987548828125,115.63410186767578,147.1824951171875,121.27840423583984,23.598636627197266,248.39999389648438,261.3247375488281,377.3473205566406,68.69999694824219,94.0568618774414,173.95140075683594,26.671560287475586,216.5399932861328,961.958251953125,141.3448486328125,36.21611404418945,112.26322174072266,328.8999938964844,74.87776184082031,315.16802978515625,197.96885681152344,268.93035888671875,168.9846954345703,43.9073371887207,122.01565551757812,30.959999084472656,93.1163558959961,137.25999450683594,7336.81005859375,158.73211669921875,421.20001220703125,21.649999618530273,292.5015563964844,185.16636657714844,197.01141357421875,502.8155517578125,121.72000122070312,344.94073486328125,54.58000183105469,29.3700008392334,107.43000030517578,139.38250732421875,15.836919784545898,119.80619812011719,288.6566467285156,9.869999885559082,675.8407592773438,101.80801391601562,28.43000030517578,243.97999572753906,253.0913848876953,86.10393524169922,239.3590850830078,443.43817138671875,58.246788024902344,83.02151489257812,332.8103942871094,44.18375778198242,85.73500061035156,4.510000228881836,40.75847244262695,650.0601196289062,85.19184875488281,156.25999450683594,187.6862030029297,143.2810516357422,145.4137420654297,356.3927307128906,556.4682006835938,52.57193374633789,340.1154479980469,272.6400146484375,18.350000381469727,328.94000244140625,115.94990539550781
2025-11-11,290.7411193847656,119.06120300292969,66.82129669189453,275.5400085449219,151.628662109375,164.70205688476562,107.47307586669922,231.35000610351562,221.53489685058594,192.91395568847656,52.56935119628906,350.2526550292969,43.18599319458008,70.17186737060547,140.91986083984375,218.13900756835938,556.5560913085938,122.52999877929688,333.2200012207031,207.42999267578125,104.22000122070312,37.880001068115234,159.336669921875,152.9066162109375,103.77033996582031,1018.8477783203125,395.6000061035156,54.41999816894531,257.1105651855469,166.74490356445312,312.6029052734375,158.616455078125,14.630000114440918,422.3258972167969,172.13400268554688,298.1781005859375,88.95528411865234,304.010009765625,671.8923950195312,331.2392578125,10.180000305175781,911.2909545898438,88.87708282470703,367.1705322265625,83.66000366210938,89.29967498779297,1.8600000143051147,94.94999694824219,625.4533081054688,38.81999969482422,120.45793151855469,146.3904571533203,131.9499969482422,288.8935546875,51.2400016784668,177.18544006347656,30.84000015258789,131.92999267578125,137.72943115234375,76.58999633789062,31.399999618530273,137.11000061035156,135.14877319335938,30.52187728881836,16.139999389648438,2.6600000858306885,328.0899963378906,439.6199951171875,40.61786651611328,227.6553497314453,190.9600067138672,798.572021484375,178.41696166992188,242.87014770507812,117.15998840332031,145.92747497558594,118.58487701416016,24.682296752929688,249.10000610351562,259.9144287109375,365.7555847167969,67.88999938964844,92.34020233154297,169.72792053222656,25.5893497467041,218.27000427246094,983.831787109375,142.71209716796875,36.902957916259766,113.17495727539062,331.2900085449219,75.85745239257812,320.9209899902344,194.84181213378906,274.73956298828125,171.35836791992188,43.93182373046875,124.22404479980469,31.31999969482422,89.22111511230469,134.92999267578125,7301.2099609375,157.8918914794922,429.2200012207031,22.479999542236328,286.5418701171875,190.49305725097656,200.67678833007812,505.4786682128906,122.5999984741211,347.8326110839844,55.209999084472656,28.989999771118164,105.83000183105469,139.1824951171875,16.111833572387695,120.52739715576172,290.07769775390625,9.4399995803833,677.3878784179688,102.8219223022461,26.739999771118164,237.52000427246094,240.9114227294922,88.50464630126953,234.70767211914062,448.3129577636719,57.43117904663086,83.9910888671875,336.8556213378906,44.76081085205078,85.58000183105469,4.710000038146973,40.877906799316406,651.1050415039062,85.28089904785156,159.55999755859375,178.90341186523438,145.67947387695312,148.77066040039062,349.9985656738281,560.1847534179688,52.77859878540039,342.62750244140625,264.1499938964844,19.75,318.510009765625,120.27779388427734
2025-11-12,286.15008544921875,118.26100158691406,66.62300872802734,275.6000061035156,148.7948455810547,168.0851287841797,106.8833236694336,224.61000061035156,229.46478271484375,193.5531463623047,53.02381134033203,352.5931701660156,43.49189376831055,70.0738754272461,140.2496337890625,219.502685546875,559.4268188476562,121.69000244140625,337.04998779296875,209.52000427246094,111.16999816894531,37.88999938964844,156.47296142578125,153.05532836914062,107.43903350830078,1033.705810546875,398.80999755859375,50.709999084472656,256.44378662109375,171.97059631347656,317.34710693359375,160.84852600097656,14.40999984741211,424.61248779296875,172.80799865722656,296.75482177734375,89.68730926513672,304.0,679.0340576171875,329.115478515625,9.489999771118164,911.4304809570312,89.36567687988281,369.7594299316406,82.13999938964844,92.39712524414062,1.7400000095367432,99.97000122070312,607.43017578125,37.90999984741211,119.87163543701172,145.86813354492188,128.94000244140625,288.347900390625,49.970001220703125,175.6728057861328,30.709999084472656,132.97999572753906,139.6649627685547,76.69999694824219,28.299999237060547,136.0399932861328,135.07904052734375,30.17426872253418,15.460000038146973,2.700000047683716,323.32000732421875,430.6000061035156,40.29642105102539,229.70620727539062,184.1699981689453,826.8168334960938,177.53067016601562,244.38003540039062,115.53629302978516,146.38067626953125,119.38845825195312,25.030616760253906,244.1999969482422,259.79608154296875,367.2368469238281,64.48999786376953,92.39010620117188,165.85391235351562,25.864822387695312,210.0399932861328,1012.8505859375,147.01210021972656,35.39190673828125,112.52088928222656,317.0799865722656,75.74968719482422,332.2994689941406,195.9571990966797,272.9628601074219,174.00784301757812,44.0346565246582,122.9267349243164,31.8700008392334,89.22111511230469,134.97999572753906,7287.3798828125,161.21322631835938,434.19000244140625,21.8700008392334,281.8258972167969,191.0434112548828,205.64059448242188,507.9232482910156,121.9800033569336,344.9012756347656,52.189998626708984,26.399999618530273,96.50499725341797,136.46499633789062,16.376928329467773,120.75154876708984,289.84912109375,9.34000015258789,677.7647705078125,102.8219223022461,25.959999084472656,258.8900146484375,244.69830322265625,86.9236831665039,225.60362243652344,448.28350830078125,60.156517028808594,84.118408203125,337.4830017089844,44.134857177734375,84.69000244140625,4.650000095367432,41.61444854736328,656.060546875,85.35015869140625,161.47999572753906,173.22805786132812,144.72802734375,150.88356018066406,353.2403869628906,552.1091918945312,53.2509765625,342.2700500488281,267.5199890136719,19.440000534057617,315.5400085449219,121.1021499633789
2025-11-13,278.0260314941406,115.30870056152344,64.76907348632812,253.85000610351562,150.98812866210938,163.82167053222656,107.37478637695312,208.5399932861328,228.5399627685547,186.62197875976562,52.34212112426758,334.3868408203125,43.20573043823242,69.64270782470703,140.861572265625,214.2357177734375,553.7850341796875,121.19000244140625,333.6000061035156,194.2100067138672,101.63999938964844,35.90999984741211,158.38539123535156,150.68597412109375,105.38536071777344,1016.2967529296875,393.92999267578125,45.400001525878906,257.8949279785156,167.7681884765625,306.5216064453125,152.7772216796875,12.779999732971191,424.2958068847656,169.93800354003906,285.0226135253906,88.98455810546875,283.1400146484375,692.2518310546875,328.8414306640625,8.670000076293945,922.4793701171875,90.81195068359375,361.7843933105469,81.02999877929688,89.07135009765625,1.6299999952316284,97.16999816894531,608.3079223632812,35.09000015258789,117.67552947998047,145.81886291503906,120.6500015258789,279.99371337890625,45.25,171.9851531982422,28.90999984741211,121.52999877929688,132.9452362060547,71.69000244140625,25.200000762939453,134.47000122070312,131.40267944335938,29.652856826782227,13.880000114440918,2.5399999618530273,295.489990234375,401.989990234375,39.77043914794922,222.23948669433594,172.13999938964844,793.8317260742188,170.84848022460938,238.82728576660156,116.19163513183594,142.73011779785156,115.67926025390625,24.953210830688477,237.5800018310547,252.2318878173828,351.99664306640625,61.439998626708984,85.81291961669922,156.91769409179688,25.018728256225586,204.77000427246094,1017.9158935546875,144.46578979492188,35.62739944458008,110.92533874511719,308.6000061035156,75.74968719482422,325.889892578125,177.14523315429688,272.44384765625,171.87054443359375,43.42741775512695,120.06475067138672,29.899999618530273,87.41331481933594,130.3000030517578,7255.56982421875,160.36312866210938,434.5199890136719,21.65999984741211,261.2306823730469,191.88861083984375,201.6685028076172,500.1225891113281,119.93000030517578,339.5813903808594,51.11000061035156,23.389999389648438,88.08999633789062,132.44500732421875,16.445655822753906,120.44942474365234,285.6355895996094,8.65999984741211,666.5179443359375,101.92729949951172,23.149999618530273,247.9600067138672,236.75485229492188,87.26524353027344,216.2411651611328,447.1163024902344,59.589569091796875,82.25759887695312,334.69451904296875,44.24733352661133,83.76000213623047,4.329999923706055,40.35038757324219,646.9157104492188,83.80661010742188,164.72999572753906,163.5060272216797,142.56077575683594,150.8045654296875,338.0853576660156,551.5458374023438,52.03066635131836,336.43182373046875,256.5899963378906,18.8700008392334,315.989990234375,122.8686294555664
2025-11-14,275.8702087402344,114.75700378417969,62.27070617675781,250.0,152.9678955078125,162.090576171875,108.51498413085938,199.75,228.6088409423828,189.92774963378906,51.818504333496094,337.1556396484375,42.81101989746094,69.73091125488281,141.66778564453125,208.6525421142578,543.9766845703125,122.0199966430664,331.1099853515625,191.7100067138672,97.56999969482422,35.52000045776367,152.40036010742188,150.69590759277344,103.85009765625,1003.4617919921875,389.8299865722656,47.18000030517578,254.27696228027344,167.0131378173828,300.70770263671875,147.735107421875,11.989999771118164,419.0989990234375,170.08599853515625,286.0307922363281,88.51608276367188,284.0,690.7677001953125,329.565673828125,8.699999809265137,920.38525390625,90.80217742919922,354.2953186035156,82.30999755859375,87.16522216796875,1.6100000143051147,95.02999877929688,607.8790283203125,36.41999816894531,117.62584686279297,145.53305053710938,116.0,282.5932312011719,45.540000915527344,173.57688903808594,28.68000030517578,122.5,132.76657104492188,72.44999694824219,25.479999542236328,130.9499969482422,129.8583984375,28.301050186157227,13.949999809265137,2.5999999046325684,291.2099914550781,404.3500061035156,39.8873291015625,225.00714111328125,174.00999450683594,779.4530029296875,173.9654998779297,242.0357666015625,117.70126342773438,143.50704956054688,112.95087432861328,24.246896743774414,234.69000244140625,249.3817596435547,350.3265075683594,61.400001525878906,84.59529113769531,157.586669921875,24.831802368164062,205.25,1021.8126831054688,146.41763305664062,36.24555206298828,110.33072662353516,299.45001220703125,75.69091033935547,315.4424133300781,177.57347106933594,271.9048156738281,171.35836791992188,43.46659851074219,119.93601989746094,26.8700008392334,86.34461975097656,131.3699951171875,7271.89013671875,157.4965057373047,437.1499938964844,21.719999313354492,256.9026794433594,192.55690002441406,200.57186889648438,506.9692077636719,120.66999816894531,339.7689514160156,52.529998779296875,23.610000610351562,93.75,134.3874969482422,16.543838500976562,120.63130187988281,283.936279296875,9.529999732971191,666.408935546875,101.86766052246094,22.450000762939453,246.80999755859375,246.62672424316406,89.16826629638672,221.48890686035156,456.84625244140625,58.097591400146484,82.14986419677734,328.6595153808594,45.00043487548828,83.94000244140625,4.139999866485596,39.972164154052734,659.1552124023438,84.15292358398438,167.5500030517578,170.83001708984375,141.59645080566406,149.9060821533203,340.5514831542969,551.5458374023438,51.7747917175293,330.58990478515625,253.0800018310547,18.649999618530273,314.92999267578125,122.69198608398438
2025-11-17,284.4634094238281,113.67847442626953,61.358604431152344,245.63999938964844,150.2505645751953,157.7281951904297,107.6106948852539,195.4199981689453,230.2223663330078,186.36231994628906,50.830543518066406,337.6921081542969,42.159751892089844,69.26054382324219,143.5909881591797,199.38790893554688,535.1251831054688,117.5999984741211,325.07000732421875,191.77999877929688,95.36000061035156,34.709999084472656,156.2747802734375,149.21878051757812,101.96589660644531,1016.436279296875,390.239990234375,47.790000915527344,248.14895629882812,163.86383056640625,297.4986572265625,146.93795776367188,11.510000228881836,413.6151123046875,167.1580047607422,285.5345153808594,89.13602447509766,263.95001220703125,701.5350952148438,334.4298095703125,8.479999542236328,910.0245361328125,90.74354553222656,338.4940185546875,81.94000244140625,86.46035766601562,1.5700000524520874,89.94999694824219,600.4483032226562,34.099998474121094,113.16407012939453,143.7098388671875,114.11000061035156,279.8052062988281,43.310001373291016,173.6361846923828,27.530000686645508,115.97000122070312,121.57034301757812,70.23999786376953,24.690000534057617,129.0399932861328,126.21192932128906,28.523134231567383,13.880000114440918,2.5799999237060547,283.6600036621094,408.9200134277344,39.624332427978516,227.69517517089844,171.25,764.325439453125,174.2742156982422,235.449951171875,116.11270141601562,141.26092529296875,113.07855224609375,24.26624870300293,232.8699951171875,243.30674743652344,340.742919921875,56.599998474121094,82.86864471435547,162.1995391845703,24.96953773498535,202.89999389648438,1018.2448120117188,147.29942321777344,35.126983642578125,110.18206024169922,294.9200134277344,75.21085357666016,314.129150390625,175.45225524902344,266.9639892578125,164.23731994628906,43.85836410522461,112.99396514892578,26.459999084472656,83.34827423095703,127.26000213623047,7156.64013671875,153.20645141601562,434.0199890136719,22.020000457763672,260.056640625,196.14405822753906,190.87704467773438,504.2961730957031,120.08000183105469,337.3310852050781,55.31999969482422,22.829999923706055,89.4000015258789,132.44500732421875,16.367109298706055,123.05945587158203,281.1239929199219,8.729999542236328,660.2003173828125,102.33484649658203,21.059999465942383,240.52000427246094,241.750732421875,87.38548278808594,218.5171661376953,461.76025390625,55.461761474609375,83.9813003540039,324.4071350097656,44.178871154785156,81.06999969482422,4.119999885559082,38.817588806152344,642.8059692382812,82.54011535644531,164.67999267578125,166.5135498046875,136.9537811279297,149.77774047851562,340.7404479980469,556.5176391601562,50.6627311706543,325.24566650390625,253.5399932861328,18.56999969482422,311.2900085449219,121.77930450439453
2025-11-18,283.7248229980469,111.58104705810547,60.17882537841797,246.0800018310547,150.75103759765625,158.10409545898438,107.69915008544922,206.8000030517578,230.09446716308594,181.1289825439453,50.75150680541992,338.3701171875,42.19429397583008,69.7896957397461,144.50404357910156,198.42575073242188,525.885009765625,115.41999816894531,324.4700012207031,187.0,96.62999725341797,34.33000183105469,158.26649475097656,148.55458068847656,102.74349975585938,1000.552001953125,383.82000732421875,49.119998931884766,247.23712158203125,165.40371704101562,296.5478515625,142.73291015625,11.880000114440918,410.5168151855469,163.593994140625,283.3013610839844,89.24427795410156,261.7900085449219,722.4822998046875,336.6612243652344,8.470000267028809,892.563720703125,94.232177734375,337.9087829589844,80.1500015258789,85.9738998413086,1.649999976158142,91.91999816894531,596.1395874023438,34.900001525878906,112.77651977539062,144.86289978027344,117.13999938964844,275.73724365234375,42.779998779296875,172.73651123046875,27.600000381469727,114.30000305175781,121.77879333496094,70.36000061035156,25.709999084472656,119.58000183105469,125.91303253173828,28.43623161315918,13.9399995803833,2.619999885559082,280.95001220703125,401.25,39.77043914794922,224.12109375,167.3300018310547,765.0546875,173.69662475585938,231.9434814453125,117.44471740722656,138.96502685546875,112.02027893066406,24.624244689941406,222.5500030517578,247.95175170898438,336.3090515136719,58.220001220703125,83.13813018798828,152.6243438720703,25.205656051635742,201.0,1026.5665283203125,147.14089965820312,35.36247253417969,110.8064193725586,293.1099853515625,75.53414916992188,307.3275146484375,175.18338012695312,266.9440612792969,162.57278442382812,43.69186019897461,114.84584045410156,26.0,78.58409118652344,123.44999694824219,7147.1298828125,155.50965881347656,435.5199890136719,21.920000076293945,252.57473754882812,196.5568389892578,190.04266357421875,490.6824035644531,121.97000122070312,336.84747314453125,53.470001220703125,22.93000030517578,90.55000305175781,128.41749572753906,16.327835083007812,121.70283508300781,281.1338806152344,9.220000267028809,654.6563110351562,100.78417205810547,21.540000915527344,230.2899932861328,228.3118133544922,88.33103942871094,219.14332580566406,465.624755859375,56.824440002441406,82.8941879272461,319.85595703125,44.530967712402344,81.02999877929688,4.159999847412109,39.81291580200195,646.5375366210938,82.97547149658203,168.8300018310547,164.7250213623047,137.63975524902344,150.65646362304688,338.6024169921875,560.2044677734375,50.820194244384766,322.2798767089844,252.19000244140625,19.219999313354492,303.2099914550781,124.81175994873047
2025-11-19,292.2381896972656,111.58602142333984,59.731651306152344,264.2699890136719,148.8668975830078,160.5375213623047,105.2614974975586,186.5,229.14996337890625,186.28240966796875,50.9392204284668,356.44781494140625,42.302833557128906,69.6819076538086,142.8916473388672,200.76670837402344,528.6560668945312,114.44000244140625,318.1099853515625,188.77999877929688,102.86000061035156,35.11000061035156,157.4440460205078,149.05026245117188,103.75040435791016,1035.69873046875,386.29998779296875,47.880001068115234,248.30584716796875,166.57601928710938,300.3709411621094,148.27320861816406,11.100000381469727,409.0122375488281,163.2899932861328,283.11279296875,87.63041687011719,257.2900085449219,699.9812622070312,335.1050720214844,8.239999771118164,888.0963134765625,92.88363647460938,341.85662841796875,79.7300033569336,86.8773193359375,1.7599999904632568,91.33000183105469,588.7886962890625,33.72999954223633,113.0448226928711,144.86289978027344,115.48999786376953,280.1623840332031,43.619998931884766,171.79730224609375,26.889999389648438,118.16000366210938,118.49336242675781,70.66999816894531,25.459999084472656,118.0199966430664,125.88314056396484,27.881023406982422,13.350000381469727,2.5199999809265137,280.42999267578125,403.989990234375,39.458740234375,234.08668518066406,165.4199981689453,774.6043090820312,178.3970489501953,226.3609619140625,115.78709411621094,139.9311981201172,116.44587707519531,24.072736740112305,222.69000244140625,252.4685821533203,343.62591552734375,58.0099983215332,86.0724105834961,153.7326202392578,25.50312614440918,199.89999389648438,1046.0504150390625,147.2102508544922,35.185855865478516,110.19197845458984,291.80999755859375,74.95614624023438,302.92706298828125,179.3220977783203,268.06195068359375,163.60696411132812,43.3245849609375,114.04369354248047,25.450000762939453,81.22087097167969,124.80999755859375,7119.89990234375,155.2822723388672,421.0299987792969,20.979999542236328,257.8280334472656,199.02362060546875,186.37770080566406,484.0543518066406,120.12000274658203,338.5944519042969,50.72999954223633,23.440000534057617,89.63999938964844,130.1475067138672,16.494747161865234,120.15943145751953,282.42578125,8.765000343322754,657.1853637695312,100.00882720947266,21.1299991607666,223.5500030517578,225.7339324951172,86.6566162109375,224.15252685546875,460.90692138671875,56.56583023071289,82.53181457519531,322.7838439941406,43.95391082763672,80.08999633789062,4.03000020980835,41.057064056396484,647.4231567382812,83.27230834960938,167.92999267578125,170.51026916503906,136.72512817382812,150.39974975585938,352.4448547363281,558.46484375,51.194156646728516,328.201416015625,251.8699951171875,18.950000762939453,306.760009765625,125.68519592285156
2025-11-20,288.884765625,109.9209976196289,57.73927307128906,241.30999755859375,147.50283813476562,156.98629760742188,104.2589111328125,177.1300048828125,225.74581909179688,180.40989685058594,50.4946403503418,344.78155517578125,41.67129898071289,69.77989959716797,141.9105987548828,200.58815002441406,526.18408203125,111.54000091552734,312.3999938964844,176.4499969482422,88.0,33.619998931884766,151.8850860595703,146.5520477294922,99.31407165527344,977.6123657226562,385.6000061035156,41.0,246.18801879882812,157.56520080566406,295.5277099609375,139.09580993652344,10.239999771118164,404.3697814941406,160.0919952392578,282.09051513671875,87.15807342529297,238.16000366210938,735.0167236328125,328.90997314453125,8.039999961853027,890.7787475585938,92.80545806884766,341.02337646484375,78.04000091552734,81.40715026855469,1.8799999952316284,90.05000305175781,587.6217041015625,31.559999465942383,113.63111877441406,146.0455322265625,110.44999694824219,275.3304443359375,39.47999954223633,170.76910400390625,26.1200008392334,106.20999908447266,116.528076171875,67.30999755859375,22.799999237060547,112.93000030517578,125.78351593017578,27.4127197265625,12.779999732971191,2.4700000286102295,273.9800109863281,395.2300109863281,39.3223762512207,219.6825714111328,155.7449951171875,762.4923706054688,173.0692138671875,223.86766052246094,115.46148681640625,135.53857421875,109.96158599853516,23.608312606811523,217.13999938964844,249.2338409423828,326.2681884765625,50.70000076293945,81.82069396972656,140.0137939453125,25.641948699951172,185.07000732421875,1039.76171875,145.84298706054688,34.5284538269043,108.98292541503906,279.7300109863281,75.4949722290039,305.3282470703125,174.8043975830078,265.7562561035156,157.1852264404297,43.104209899902344,115.12312316894531,26.06999969482422,76.5865249633789,119.58999633789062,7163.330078125,151.5655517578125,422.32000732421875,20.600000381469727,239.28236389160156,199.573974609375,182.0996856689453,476.308837890625,119.26000213623047,335.02154541015625,49.290000915527344,20.510000228881836,85.81999969482422,125.32749938964844,16.710750579833984,120.46417999267578,281.2802734375,8.050000190734863,647.1683349609375,106.4699935913086,18.700000762939453,206.02000427246094,201.20416259765625,86.15428161621094,209.40316772460938,459.2885437011719,55.6706428527832,82.56120300292969,322.4352722167969,43.455108642578125,78.31999969482422,3.8499999046325684,39.444644927978516,634.3079223632812,81.53087615966797,168.17999267578125,159.4793243408203,136.51637268066406,149.50128173828125,344.88720703125,560.7876586914062,50.19034957885742,326.4399108886719,245.83999633789062,17.809999465942383,302.1400146484375,122.66254425048828
2025-11-21,299.0747985839844,112.07806396484375,60.188758850097656,241.72999572753906,147.17901611328125,156.46200561523438,105.14354705810547,170.5,232.46554565429688,178.6521453857422,51.04789352416992,337.1336975097656,42.60380172729492,71.48495483398438,142.13400268554688,206.19256591796875,538.663818359375,114.26000213623047,324.19000244140625,178.25999450683594,88.16999816894531,34.5,151.53826904296875,148.3364715576172,98.96514129638672,963.1929931640625,388.3599853515625,41.709999084472656,252.34542846679688,158.9560546875,295.1711120605469,142.1449737548828,10.069999694824219,408.556884765625,162.68600463867188,275.69879150390625,87.8469009399414,240.41000366210938,753.8659057617188,332.704833984375,8.210000038146973,896.482666015625,95.53186798095703,350.0400085449219,78.86000061035156,82.88638305664062,2.2200000286102295,92.19999694824219,592.70849609375,32.189998626708984,119.56358337402344,148.73602294921875,110.94999694824219,272.9095153808594,40.29999923706055,168.41673278808594,26.93000030517578,107.30000305175781,121.6001205444336,69.13999938964844,23.59000015258789,113.23999786376953,131.1436309814453,27.934131622314453,12.710000038146973,2.4200000762939453,272.5400085449219,391.0899963378906,39.838626861572266,223.4531707763672,154.85000610351562,762.8175659179688,167.89080810546875,225.59608459472656,115.52069091796875,136.0615234375,109.4299545288086,24.227548599243164,220.69000244140625,260.4469909667969,329.7675476074219,51.369998931884766,79.28562927246094,138.97540283203125,26.217056274414062,182.89999389648438,1056.1162109375,150.9455108642578,35.5096549987793,110.8956069946289,275.010009765625,76.31790924072266,313.5901184082031,169.34922790527344,270.98651123046875,160.8393096923828,43.167877197265625,121.96614837646484,28.559999465942383,77.3555908203125,117.43000030517578,7388.81982421875,157.56570434570312,426.760009765625,22.209999084472656,236.28761291503906,200.38967895507812,189.4462890625,470.0268249511719,123.8499984741211,335.90985107421875,50.22999954223633,20.40999984741211,87.12999725341797,122.6675033569336,17.18202781677246,120.71977996826172,294.6878356933594,8.619999885559082,653.6149291992188,104.69068908691406,18.600000381469727,203.77999877929688,207.19921875,86.0557861328125,197.54603576660156,451.95184326171875,58.256736755371094,82.3117446899414,326.6279602050781,43.72896194458008,78.68000030517578,4.170000076293945,39.68351745605469,659.8916625976562,82.23338317871094,175.3000030517578,159.69915771484375,145.85140991210938,152.65086364746094,338.3041076660156,560.1452026367188,50.741458892822266,335.44659423828125,249.91000366210938,17.93000030517578,300.5799865722656,124.28182220458984
2025-11-24,317.9578552246094,113.57408905029297,60.17882537841797,249.83999633789062,146.95330810546875,161.0717010498047,104.77003479003906,179.0399932861328,225.80484008789062,182.31747436523438,51.2652473449707,353.08251953125,42.68767166137695,71.1321792602539,141.3278045654297,207.1547393798828,536.1219482421875,114.41000366210938,318.7300109863281,194.6999969482422,89.55000305175781,35.790000915527344,159.2672882080078,148.70327758789062,102.37464141845703,984.3687133789062,404.6300048828125,46.7599983215332,251.57081604003906,165.11561584472656,295.1513366699219,149.84762573242188,11.210000038146973,403.5382995605469,163.16799926757812,273.3365783691406,87.71897888183594,255.97000122070312,759.4009399414062,329.51123046875,8.350000381469727,883.62890625,98.1116943359375,353.0554504394531,79.7699966430664,85.90440368652344,2.5,95.62000274658203,611.459716796875,33.31999969482422,118.53012084960938,144.85304260253906,119.20999908447266,282.4146423339844,42.45000076293945,171.9204864501953,26.780000686645508,114.97000122070312,126.27513885498047,74.11000061035156,26.56999969482422,113.48999786376953,129.86837768554688,28.059654235839844,13.880000114440918,2.5,276.989990234375,417.7799987792969,39.897064208984375,230.33602905273438,162.25,779.2559814453125,174.41363525390625,225.30801391601562,114.42547607421875,139.3036651611328,113.38076782226562,24.401704788208008,226.27999877929688,252.04452514648438,328.49505615234375,55.0,83.17803955078125,150.69729614257812,25.820430755615234,183.88999938964844,1066.5408935546875,152.2335205078125,35.03867721557617,111.99564361572266,280.3500061035156,75.43618774414062,312.6884765625,174.14617919921875,275.4083251953125,162.57278442382812,43.65758514404297,121.76808166503906,29.329999923706055,83.68785858154297,122.16999816894531,7263.52001953125,159.404296875,424.0,23.6200008392334,252.09715270996094,202.502685546875,193.71240234375,471.89849853515625,125.95999908447266,333.7286071777344,51.25,23.110000610351562,86.86000061035156,126.70500183105469,17.005298614501953,120.02179718017578,295.0763244628906,9.0,663.235107421875,103.43821716308594,19.940000534057617,215.0500030517578,223.74557495117188,86.24292755126953,199.05674743652344,442.4180908203125,60.34550094604492,83.0512466430664,327.9424743652344,43.60670471191406,79.1500015258789,4.329999923706055,40.599220275878906,650.0203247070312,83.76703643798828,176.82000732421875,168.77171325683594,145.22509765625,153.29263305664062,375.8536682128906,559.0183715820312,51.1055908203125,336.382080078125,259.8500061035156,18.09000015258789,304.4700012207031,122.93732452392578
2025-11-25,322.8083801269531,116.00452423095703,60.83466720581055,248.97999572753906,145.75608825683594,163.64361572265625,103.6691665649414,172.19000244140625,228.05787658691406,177.59349060058594,51.90742111206055,350.57977294921875,43.32414245605469,71.15179443359375,141.92031860351562,212.71946716308594,544.7142333984375,118.55999755859375,319.54998779296875,196.24000549316406,85.7699966430664,35.83000183105469,155.58114624023438,150.60667419433594,102.18522644042969,999.7149047851562,401.6099853515625,47.060001373291016,253.8749542236328,164.78775024414062,300.103515625,151.39212036132812,11.170000076293945,403.7164611816406,165.06199645996094,274.2596435546875,87.86659240722656,254.1199951171875,785.2012939453125,336.2236633300781,8.550000190734863,891.8157958984375,103.25181579589844,359.7112731933594,80.87000274658203,85.64627838134766,2.630000114440918,98.91000366210938,634.5695190429688,32.47999954223633,124.91969299316406,146.3411865234375,117.87999725341797,282.45428466796875,42.599998474121094,170.8683624267578,27.709999084472656,115.56999969482422,124.98480224609375,75.05000305175781,26.079999923706055,114.0,137.8388214111328,28.13690185546875,14.390000343322754,2.390000104904175,278.4700012207031,419.3999938964844,40.218505859375,241.85731506347656,163.5500030517578,790.69775390625,170.1314697265625,232.55934143066406,112.98491668701172,139.6772003173828,114.29441833496094,24.885480880737305,229.6699981689453,262.7349548339844,334.67864990234375,55.5099983215332,87.18025207519531,155.17039489746094,26.345958709716797,186.27000427246094,1106.186279296875,154.80955505371094,35.22510528564453,113.2740707397461,289.7300109863281,76.47466278076172,319.7743225097656,174.78445434570312,276.4563903808594,160.8393096923828,43.4910774230957,129.80935668945312,31.110000610351562,83.32830047607422,125.04000091552734,7453.3798828125,159.90843200683594,429.82000732421875,24.690000534057617,260.5640563964844,204.40159606933594,194.93894958496094,474.8752136230469,129.63999938964844,336.63037109375,53.56999969482422,22.59000015258789,90.05999755859375,128.0850067138672,17.093664169311523,119.86450958251953,302.9355773925781,9.390000343322754,669.4734497070312,106.36064910888672,18.729999542236328,206.1300048828125,224.3450927734375,85.31707000732422,195.82659912109375,443.7422180175781,61.817588806152344,83.64285278320312,333.15093994140625,43.332847595214844,81.16000366210938,4.369999885559082,40.877906799316406,644.8856811523438,84.202392578125,181.9600067138672,169.49440002441406,153.62564086914062,156.75816345214844,382.8842468261719,562.833740234375,51.6468505859375,341.0097961425781,260.3599853515625,18.649999618530273,303.6600036621094,124.75288391113281
2025-11-26,319.3252258300781,116.79975891113281,61.44083023071289,254.22000122070312,146.71778869628906,166.12652587890625,104.38668823242188,175.63999938964844,223.98471069335938,180.03038024902344,52.31248474121094,358.0531311035156,43.856998443603516,71.4163589477539,143.7366943359375,215.71510314941406,543.17919921875,116.73999786376953,317.5199890136719,200.2899932861328,88.72000122070312,36.810001373291016,156.16578674316406,151.47906494140625,106.43214416503906,1037.3330078125,409.67999267578125,46.900001525878906,253.9043731689453,171.89111328125,304.6991882324219,154.5907745361328,11.109999656677246,403.76593017578125,160.54400634765625,274.0710754394531,88.80144500732422,264.9700012207031,782.49853515625,339.63409423828125,8.520000457763672,905.7066650390625,102.24527740478516,361.0304870605469,80.55000305175781,90.1267318725586,2.390000104904175,101.58999633789062,631.96630859375,32.83000183105469,126.78787994384766,146.1046600341797,116.33999633789062,287.6930236816406,41.93000030517578,171.90061950683594,27.81999969482422,128.1999969482422,132.27027893066406,75.7699966430664,25.56999969482422,115.80000305175781,139.99081420898438,28.407262802124023,14.960000038146973,2.4000000953674316,279.19000244140625,426.5799865722656,40.39383316040039,249.34864807128906,165.77000427246094,804.189453125,176.06675720214844,226.62913513183594,113.241455078125,141.33065795898438,115.6090316772461,24.875804901123047,229.16000366210938,262.0446472167969,339.68914794921875,55.52000045776367,88.63741302490234,157.49681091308594,27.040056228637695,185.35000610351562,1100.605224609375,157.66299438476562,34.98961639404297,113.43262481689453,251.97000122070312,77.3073959350586,323.1358947753906,177.69651794433594,277.0352783203125,162.6515655517578,44.068939208984375,130.00741577148438,31.700000762939453,87.61306762695312,127.6500015258789,7566.669921875,163.44723510742188,432.1700134277344,25.030000686645508,270.9014587402344,205.28182983398438,195.16184997558594,483.3475341796875,129.80999755859375,335.6137390136719,53.29999923706055,22.40999984741211,90.66999816894531,125.38500213623047,16.897296905517578,121.33910369873047,303.4635009765625,9.289999961853027,674.09521484375,108.44810485839844,19.040000915527344,214.24000549316406,230.0703582763672,85.77999877929688,203.7081756591797,445.45867919921875,63.92625045776367,84.3429183959961,332.41400146484375,43.66049575805664,80.55999755859375,4.409999847412109,41.952857971191406,626.038818359375,84.65753936767578,181.94000244140625,171.94329833984375,155.84259033203125,156.41258239746094,395.3543701171875,560.5503540039062,52.14876174926758,341.7463073730469,272.2099914550781,19.229999542236328,306.3500061035156,125.1356201171875
2025-11-28,319.55474853515625,117.5254135131836,62.295413970947266,259.29998779296875,148.3075408935547,167.82794189453125,106.0085220336914,177.17999267578125,224.02406311035156,176.7745361328125,52.68791198730469,363.3078918457031,44.10862350463867,71.65154266357422,144.4748992919922,217.3022003173828,548.7612915039062,116.98999786376953,320.1300048828125,204.2100067138672,91.37999725341797,40.560001373291016,155.86851501464844,152.3613739013672,109.71204376220703,1056.2965087890625,418.010009765625,49.29999923706055,255.9535675048828,173.29190063476562,310.0871887207031,155.4477081298828,11.8100004196167,406.16143798828125,162.48199462890625,276.6019592285156,89.66741943359375,272.82000732421875,778.0904541015625,340.5113525390625,8.989999771118164,911.021728515625,102.44072723388672,362.32000732421875,81.12999725341797,90.33582305908203,2.319999933242798,101.95999908447266,646.2691650390625,33.849998474121094,126.39039611816406,146.01597595214844,116.88999938964844,289.23089599609375,42.13999938964844,173.60781860351562,28.850000381469727,128.49000549316406,132.359619140625,76.0999984741211,25.56999969482422,116.08000183105469,139.31333923339844,28.803150177001953,16.1299991607666,2.4100000858306885,279.4599914550781,430.1700134277344,40.58863830566406,251.62298583984375,168.4499969482422,814.0741577148438,178.1182098388672,229.00320434570312,114.37613677978516,142.54583740234375,117.24481201171875,24.90483283996582,233.22000122070312,262.57720947265625,343.86456298828125,56.20000076293945,88.33800506591797,163.0782012939453,28.467914581298828,190.1300048828125,1071.8328857421875,158.0196990966797,35.558712005615234,114.35428619384766,251.5,77.758056640625,323.1947021484375,178.39463806152344,278.3328857421875,165.55712890625,44.382354736328125,130.02723693847656,32.0099983215332,89.29102325439453,130.67999267578125,7507.2900390625,166.33363342285156,433.6099853515625,25.329999923706055,275.28912353515625,204.64886474609375,195.2747039794922,489.82867431640625,131.4499969482422,337.1830139160156,53.470001220703125,22.670000076293945,91.62000274658203,127.29000091552734,16.916933059692383,121.84046173095703,303.60296630859375,9.5,677.7747192382812,109.84968566894531,20.0,217.52999877929688,236.28524780273438,87.3559341430664,200.71653747558594,449.0877685546875,63.75715637207031,85.0824203491211,333.0613098144531,44.23265838623047,80.33000183105469,4.630000114440918,42.77897262573242,630.9644165039062,84.9444808959961,182.08999633789062,179.64984130859375,158.0794219970703,155.65234375,400.71435546875,565.6310424804688,52.798282623291016,342.0448303222656,272.9200134277344,20.25,311.8399963378906,123.49671173095703
2025-12-01,314.2751159667969,117.5949935913086,62.18610763549805,251.36000061035156,149.69119262695312,166.65078735351562,107.83676147460938,171.4199981689453,221.4758758544922,179.69081115722656,52.25320816040039,358.01324462890625,44.00008010864258,71.00025177001953,145.2228240966797,218.59169006347656,542.2222900390625,118.80000305175781,322.8500061035156,200.9199981689453,87.36000061035156,40.0099983215332,162.76516723632812,150.13084411621094,109.64225769042969,1084.188720703125,438.2900085449219,47.119998931884766,255.76727294921875,171.28045654296875,305.96697998046875,154.24200439453125,11.520000457763672,403.013671875,164.41400146484375,270.2796936035156,87.59105682373047,259.8399963378906,748.0913696289062,332.655517578125,8.420000076293945,909.3963012695312,99.50910949707031,357.4000549316406,81.81999969482422,91.43104553222656,2.2300000190734863,101.12000274658203,639.2074584960938,33.40999984741211,126.38045501708984,145.306396484375,119.70999908447266,285.43084716796875,40.369998931884766,166.7691192626953,28.579999923706055,123.23999786376953,131.1089630126953,73.20999908447266,23.450000762939453,118.2699966430664,139.3631591796875,28.861083984375,15.479999542236328,2.190000057220459,257.79998779296875,430.1400146484375,40.0236930847168,254.1167755126953,167.49000549316406,799.1140747070312,172.91986083984375,231.2779541015625,115.0766830444336,142.610595703125,115.42051696777344,24.450084686279297,233.8800048828125,262.92236328125,337.7207336425781,52.61000061035156,87.52999877929688,163.287841796875,29.003360748291016,187.72999572753906,1054.3123779296875,159.21852111816406,35.91194152832031,113.81912231445312,243.27999877929688,77.6796875,316.7655334472656,174.45533752441406,282.57501220703125,165.50787353515625,43.344173431396484,128.9676055908203,29.860000610351562,90.98895263671875,128.11000061035156,7517.08984375,166.2248992919922,425.6000061035156,24.049999237060547,268.7325134277344,203.08619689941406,194.3656005859375,484.5820007324219,128.72000122070312,328.053466796875,52.16999816894531,21.420000076293945,87.44000244140625,126.03250122070312,16.347471237182617,118.70449829101562,302.25823974609375,9.260000228881836,674.6803588867188,110.86357879638672,18.079999923706055,219.75999450683594,240.261962890625,88.9023208618164,199.7127227783203,434.0460510253906,63.80689239501953,83.46537017822266,329.02801513671875,44.658119201660156,80.63999938964844,4.360000133514404,42.868553161621094,628.5165405273438,84.49923706054688,177.77999877929688,179.14007568359375,156.4490203857422,153.32225036621094,383.92840576171875,541.3856811523438,52.39479064941406,339.8553466796875,263.5400085449219,18.549999237060547,309.6199951171875,122.01483154296875
2025-12-02,315.1932678222656,117.51546478271484,62.504093170166016,265.5799865722656,147.4439697265625,167.2640838623047,107.19786071777344,181.3300018310547,220.74781799316406,181.22886657714844,52.20380783081055,362.61993408203125,43.600440979003906,69.73715209960938,144.3486328125,222.19241333007812,544.1560668945312,118.5,322.80999755859375,202.5,91.83999633789062,43.470001220703125,159.66366577148438,151.4394073486328,107.41909790039062,1104.9061279296875,449.3500061035156,46.93000030517578,251.7571258544922,169.0499725341797,304.9368896484375,157.62997436523438,11.90999984741211,404.6469421386719,164.87600708007812,271.9173278808594,87.62057495117188,263.260009765625,740.0032958984375,333.5130615234375,8.100000381469727,919.43798828125,98.72733306884766,357.78692626953125,82.94000244140625,90.0869140625,2.319999933242798,104.37999725341797,645.4213256835938,32.91999816894531,125.7544174194336,143.74925231933594,118.98999786376953,289.8063659667969,41.900001525878906,167.54330444335938,29.1200008392334,125.94999694824219,134.9403076171875,70.95999908447266,23.8799991607666,118.9000015258789,138.58604431152344,29.015575408935547,15.220000267028809,2.109999895095825,264.95001220703125,429.239990234375,39.92628860473633,264.6704406738281,170.69000244140625,807.3839111328125,171.83438110351562,233.1454315185547,113.84333038330078,144.07977294921875,118.68011474609375,24.33397674560547,234.4199981689453,261.4233093261719,331.15936279296875,56.88999938964844,88.2300033569336,159.7433319091797,29.528894424438477,189.8800048828125,1042.582275390625,159.6049346923828,35.676456451416016,114.19571685791016,241.67999267578125,77.17023468017578,318.06903076171875,175.72189331054688,285.6592712402344,168.1278076171875,43.03565216064453,128.47244262695312,29.700000762939453,92.77676391601562,127.22000122070312,7601.10009765625,173.24317932128906,433.1499938964844,23.3700008392334,265.51885986328125,203.1653289794922,204.03102111816406,487.82757568359375,127.55000305175781,331.42889404296875,51.58000183105469,22.5,86.5999984741211,129.1374969482422,16.42601776123047,117.66246032714844,303.4635009765625,9.420000076293945,675.9300537109375,111.73832702636719,18.90999984741211,215.24000549316406,239.2927703857422,87.94690704345703,199.8717498779297,436.645263671875,64.79159545898438,83.39635467529297,328.26116943359375,44.081058502197266,81.87000274658203,4.320000171661377,42.769020080566406,632.5068359375,85.4095230102539,180.17999267578125,180.82933044433594,157.53265380859375,152.40402221679688,379.44354248046875,542.8346557617188,52.3455810546875,335.87451171875,262.55999755859375,18.18000030517578,317.94000244140625,121.60265350341797
2025-12-03,319.0058288574219,118.78287506103516,60.85454177856445,268.1000061035156,148.75894165039062,171.84410095214844,109.60603332519531,188.38999938964844,226.52305603027344,179.36123657226562,52.9052619934082,360.21685791015625,43.906333923339844,69.87529754638672,143.81439208984375,225.40626525878906,551.950927734375,120.12999725341797,326.7799987792969,193.35000610351562,96.58999633789062,43.7599983215332,156.64141845703125,152.87689208984375,107.64839935302734,1136.933837890625,466.44000244140625,48.650001525878906,255.2672576904297,168.46246337890625,309.1462707519531,159.44650268554688,12.470000267028809,406.494873046875,166.5800018310547,275.6590576171875,86.57747650146484,276.9200134277344,721.7225341796875,340.4719543457031,9.0600004196167,919.6672973632812,99.9390640258789,365.15692138671875,82.76000213623047,89.26051330566406,2.430000066757202,108.4800033569336,637.9407958984375,33.68000030517578,129.5106658935547,144.5869598388672,117.27999877929688,293.14013671875,44.720001220703125,167.19590759277344,29.389999389648438,133.63999938964844,132.63754272460938,72.77999877929688,26.040000915527344,117.19999694824219,142.18270874023438,28.841773986816406,15.640000343322754,2.365000009536743,271.7799987792969,446.739990234375,40.004215240478516,267.9622497558594,176.0800018310547,828.538818359375,170.9381103515625,237.12869262695312,116.2311019897461,144.4234161376953,120.86349487304688,24.74034881591797,232.3800048828125,262.10382080078125,333.6049499511719,61.439998626708984,89.44999694824219,155.35011291503906,31.115400314331055,193.6300048828125,1030.064697265625,163.19155883789062,37.135162353515625,114.09661865234375,243.66000366210938,77.2290267944336,332.9365234375,174.23594665527344,283.623046875,172.4319610595703,42.89853286743164,131.83950805664062,31.170000076293945,100.0778579711914,127.80000305175781,7679.419921875,180.4987335205078,463.1300048828125,26.739999771118164,257.3603820800781,203.07630920410156,200.54010009765625,475.6119689941406,127.94999694824219,333.67926025390625,55.9900016784668,25.079999923706055,86.87999725341797,131.04249572753906,16.327835083007812,116.61058807373047,305.4557189941406,10.199999809265137,678.2706298828125,113.72637939453125,20.139999389648438,217.60000610351562,233.9671630859375,90.42900085449219,206.46124267578125,441.56689453125,67.1290283203125,83.76116943359375,328.2511901855469,44.90752029418945,86.33999633789062,4.659999847412109,44.32172393798828,644.4976196289062,88.40756225585938,180.75,178.8002471923828,164.0343780517578,153.11489868164062,378.4888916015625,549.1366577148438,53.23129653930664,337.6161193847656,256.05999755859375,17.850000381469727,336.1099853515625,122.67235565185547
2025-12-04,316.999755859375,118.36039733886719,61.34145736694336,278.6300048828125,149.4164276123047,173.00146484375,110.24493408203125,186.00999450683594,225.0177764892578,183.1566162109375,53.013938903808594,367.55560302734375,43.649776458740234,69.52005004882812,142.6973876953125,227.85633850097656,540.5676879882812,120.81999969482422,328.7300109863281,195.72999572753906,111.6500015258789,40.5,156.00723266601562,153.6699676513672,108.46588134765625,1106.2015380859375,463.739990234375,54.7599983215332,256.512451171875,170.7029266357422,313.07830810546875,156.79156494140625,12.4399995803833,401.1100769042969,167.7740020751953,278.4083251953125,85.9378433227539,274.04998779296875,720.8549194335938,335.2872619628906,9.739999771118164,893.3414916992188,98.59053039550781,368.1524963378906,85.18000030517578,90.32586669921875,2.5199999809265137,104.7300033569336,659.81396484375,34.22999954223633,127.08599853515625,143.25650024414062,118.72000122070312,290.6398010253906,49.369998931884766,170.0346221923828,30.760000228881836,137.0800018310547,137.95773315429688,77.68000030517578,30.059999465942383,116.81999969482422,140.53880310058594,28.71624755859375,15.59000015258789,2.430000066757202,287.45001220703125,454.5299987792969,39.93602752685547,268.7702331542969,177.9199981689453,829.7868041992188,175.33978271484375,245.8104248046875,115.57988739013672,144.96128845214844,120.49742889404297,24.866132736206055,229.11000061035156,255.69346618652344,336.9452819824219,72.6500015258789,94.08999633789062,160.88104248046875,30.500629425048828,195.67999267578125,1011.0591430664062,161.04156494140625,37.6988639831543,114.75069427490234,241.85000610351562,76.85673522949219,326.8405456542969,177.84613037109375,280.179443359375,172.60025024414062,42.81038284301758,125.5213394165039,32.810001373291016,98.0703125,128.5500030517578,7519.669921875,178.04727172851562,457.3599853515625,28.90999984741211,264.2851257324219,200.25758361816406,199.74502563476562,478.70819091796875,128.02999877929688,337.25213623046875,58.18000030517578,28.729999542236328,90.6500015258789,128.27999877929688,16.494747161865234,115.97159576416016,294.8471984863281,11.399999618530273,678.7664794921875,114.15380096435547,22.850000381469727,215.97999572753906,226.4633331298828,91.71929931640625,213.0209503173828,443.0987548828125,66.88036346435547,82.22300720214844,325.7515869140625,45.09823989868164,85.9000015258789,4.920000076293945,44.40135192871094,659.8219604492188,89.25849151611328,181.97999572753906,182.45860290527344,159.78936767578125,151.94984436035156,378.90655517578125,548.8190307617188,53.30018615722656,333.7646789550781,257.2799987792969,18.350000381469727,337.29998779296875,120.33667755126953
2025-12-05,320.64263916015625,119.01647186279297,61.88799285888672,266.2300109863281,147.19863891601562,174.60397338867188,110.25475311279297,178.99000549316406,222.4302215576172,182.1877899169922,53.033695220947266,358.7810363769531,43.50669860839844,69.07598876953125,142.2393341064453,228.8184814453125,543.7673950195312,124.31999969482422,346.260009765625,201.7100067138672,104.66999816894531,41.40999984741211,156.87924194335938,153.24368286132812,107.75804901123047,1095.6285400390625,466.760009765625,52.689998626708984,255.6005859375,168.11395263671875,312.0284729003906,158.3985137939453,11.739999771118164,396.9770202636719,170.8719940185547,276.41339111328125,84.90457916259766,269.7300109863281,716.4268188476562,325.1644287109375,9.609999656677246,892.1648559570312,97.44719696044922,367.3590087890625,86.91999816894531,89.37003326416016,2.390000104904175,104.94999694824219,671.673095703125,34.689998626708984,126.191650390625,141.37413024902344,125.66000366210938,292.41583251953125,49.05500030517578,169.82618713378906,31.25,131.9499969482422,137.87832641601562,76.5,28.110000610351562,117.62000274658203,138.42662048339844,28.870738983154297,14.9399995803833,2.4200000762939453,278.3900146484375,455.0,39.92628860473633,267.3338317871094,181.75999450683594,846.3561401367188,166.47669982910156,258.8330383300781,114.9878921508789,146.02207946777344,121.1337890625,25.1854248046875,229.52999877929688,254.10568237304688,335.6827392578125,73.91999816894531,91.2699966430664,168.76519775390625,30.629531860351562,198.83999633789062,1006.893310546875,157.9800567626953,38.03510665893555,116.07866668701172,242.67999267578125,76.86653900146484,324.31201171875,177.38735961914062,278.26300048828125,173.0556182861328,42.4088249206543,122.70887756347656,32.29999923706055,98.78943634033203,128.58999633789062,7538.080078125,180.4394073486328,455.4800109863281,27.09000015258789,277.3785095214844,199.713623046875,206.8883514404297,481.01788330078125,128.9600067138672,332.9192810058594,56.880001068115234,27.0,90.58499908447266,128.00750732421875,16.867843627929688,114.54615020751953,291.45050048828125,11.210000038146973,680.0557861328125,114.42218780517578,21.389999389648438,217.97000122070312,237.02462768554688,92.28073120117188,216.25108337402344,446.9036865234375,66.74110412597656,81.96664428710938,329.8744812011719,44.91240692138672,85.88999938964844,4.710000038146973,44.988590240478516,670.3201293945312,88.88250732421875,181.3000030517578,188.9357147216797,157.69171142578125,151.31797790527344,388.0652160644531,544.8195190429688,53.36943435668945,331.5154724121094,257.6099853515625,17.579999923706055,337.5299987792969,118.9627456665039
2025-12-08,313.3121643066406,117.2868423461914,60.73529815673828,268.5,145.9327392578125,174.9205322265625,108.73123168945312,183.69000244140625,219.51800537109375,185.323974609375,52.83610153198242,356.6372375488281,42.904762268066406,69.32269287109375,142.837646484375,228.72923278808594,538.7036743164062,122.01000213623047,339.1199951171875,212.92999267578125,104.61000061035156,40.29999923706055,156.6909637451172,153.05532836914062,104.6376724243164,1115.7779541015625,465.75,54.36000061035156,231.44163513183594,164.02139282226562,312.1968078613281,162.4308319091797,12.050000190734863,386.8531799316406,170.70399475097656,279.5397644042969,84.19605255126953,274.20001220703125,701.3674926757812,316.62847900390625,9.4399995803833,885.0249633789062,96.67520141601562,359.3541564941406,83.52999877929688,88.61333465576172,2.319999933242798,104.5,665.0702514648438,35.369998931884766,124.09491729736328,136.33807373046875,130.05999755859375,299.5098876953125,51.560001373291016,170.24305725097656,31.239999771118164,136.42999267578125,139.36717224121094,77.02999877929688,28.260000228881836,117.62000274658203,135.69674682617188,28.890050888061523,14.960000038146973,2.4200000762939453,282.4700012207031,439.5799865722656,39.682777404785156,267.4934387207031,181.49000549316406,858.3696899414062,165.4310302734375,257.7999572753906,114.43534088134766,147.0480194091797,122.14418029785156,24.933860778808594,226.88999938964844,248.92811584472656,341.3791809082031,74.0,90.9000015258789,169.65455627441406,30.074254989624023,195.35000610351562,994.21630859375,157.83143615722656,37.817543029785156,115.21647644042969,244.8800048828125,76.22974395751953,319.2998352050781,178.26498413085938,277.3746643066406,173.55059814453125,41.840763092041016,119.53988647460938,32.220001220703125,91.88785552978516,129.11000061035156,7438.35986328125,178.8578338623047,442.0400085449219,27.100000381469727,283.9649963378906,199.4070281982422,206.10609436035156,488.8430480957031,127.25,331.6361999511719,57.36000061035156,28.440000534057617,89.69999694824219,128.79750061035156,16.7696590423584,113.26818084716797,286.6990661621094,11.630000114440918,678.0127563476562,112.8814468383789,21.559999465942383,221.11000061035156,246.71664428710938,91.48290252685547,219.1929931640625,459.9293212890625,66.8604736328125,79.42274475097656,325.49261474609375,44.423377990722656,87.29000091552734,4.820000171661377,44.789527893066406,653.0155639648438,89.11006927490234,180.44000244140625,185.52723693847656,151.53793334960938,149.51113891601562,398.8647155761719,549.3748168945312,53.319969177246094,325.5641174316406,255.8800048828125,18.059999465942383,337.2900085449219,118.93330383300781
2025-12-09,316.66778564453125,117.27690124511719,60.39743423461914,264.69000244140625,145.7168426513672,176.89892578125,107.52222442626953,188.99000549316406,219.39010620117188,184.7446746826172,52.638511657714844,358.1129455566406,42.81595230102539,69.164794921875,141.86660766601562,228.94744873046875,535.8229370117188,125.38999938964844,344.32000732421875,214.35000610351562,103.93000030517578,40.5,154.54071044921875,151.93507385253906,108.93443298339844,1107.5567626953125,465.8500061035156,54.439998626708984,226.2549285888672,165.57476806640625,297.6373596191406,165.4949951171875,12.25,387.8466491699219,170.98199462890625,275.2918395996094,84.12716674804688,277.3599853515625,690.7162475585938,309.35418701171875,9.300000190734863,885.9423828125,94.68169403076172,360.97100830078125,83.5,93.68122100830078,2.430000066757202,105.69999694824219,655.2557983398438,35.02000045776367,122.26648712158203,137.60940551757812,123.94000244140625,301.0378723144531,53.43000030517578,170.64999389648438,31.549999237060547,135.7100067138672,137.19345092773438,77.02999877929688,28.219999313354492,117.13999938964844,132.48863220214844,28.67762565612793,15.510000228881836,2.440000057220459,281.4200134277344,445.1700134277344,39.449005126953125,266.4759826660156,181.83999633789062,868.164794921875,164.12648010253906,259.2799987792969,116.67510986328125,147.43650817871094,122.24591827392578,24.508136749267578,227.9199981689453,244.89454650878906,339.7586975097656,72.83999633789062,93.36000061035156,169.4147186279297,30.817930221557617,195.0,978.8982543945312,156.68212890625,37.87687683105469,115.34530639648438,243.00999450683594,76.40608215332031,319.28009033203125,176.67929077148438,276.66595458984375,174.2336883544922,41.87014389038086,116.05401611328125,31.579999923706055,88.79163360595703,130.0399932861328,7318.2900390625,177.4541778564453,437.010009765625,26.479999542236328,281.42791748046875,197.7652587890625,206.83738708496094,489.8385925292969,132.1300048828125,329.9188232421875,57.040000915527344,28.329999923706055,88.58000183105469,129.4949951171875,16.12165069580078,113.28783416748047,282.73455810546875,11.65999984741211,677.427490234375,114.37248992919922,21.31999969482422,221.6199951171875,252.2121124267578,92.0246353149414,220.1769561767578,461.421630859375,67.04945373535156,78.52548217773438,325.1540222167969,44.69723892211914,87.79000091552734,4.769999980926514,44.59046173095703,652.5279541015625,87.9524154663086,175.83999633789062,178.3004608154297,148.47596740722656,148.05978393554688,404.0257873535156,546.4669799804688,52.963844299316406,319.6028137207031,253.4199981689453,17.8700008392334,335.07000732421875,117.13738250732422
2025-12-10,319.7937316894531,118.99658966064453,60.77504348754883,264.5799865722656,148.58230590820312,177.76942443847656,109.52739715576172,184.63999938964844,221.54473876953125,183.55612182617188,53.24116897583008,361.0245361328125,43.65470886230469,69.2832260131836,146.82958984375,235.8413543701172,537.1287231445312,127.56999969482422,343.1300048828125,221.85000610351562,100.5999984741211,40.779998779296875,157.3746795654297,154.71087646484375,112.4834976196289,1115.4093017578125,475.8299865722656,51.66999816894531,232.08876037597656,163.41397094726562,307.1455383300781,167.94033813476562,11.920000076293945,390.1317443847656,170.71200561523438,283.797607421875,82.73965454101562,275.0899963378906,724.2557373046875,310.86224365234375,9.369999885559082,871.9517822265625,95.39506530761719,372.5368347167969,81.5999984741211,93.98988342285156,2.369999885559082,107.73999786376953,648.4435424804688,34.900001525878906,127.09593200683594,137.79666137695312,126.06999969482422,307.7153015136719,57.52000045776367,173.4192352294922,32.790000915527344,135.66000366210938,139.58555603027344,76.91000366210938,26.1200008392334,115.27999877929688,138.12774658203125,28.590723037719727,15.569999694824219,2.5999999046325684,245.25,451.45001220703125,39.52692794799805,274.4660339355469,187.91000366210938,880.7032470703125,164.4849853515625,262.4388427734375,117.94792938232422,148.1436767578125,123.57250213623047,24.94353675842285,231.77999877929688,256.7882080078125,351.3802795410156,79.05000305175781,93.76000213623047,181.8155517578125,31.105487823486328,192.9600067138672,990.2796630859375,162.81504821777344,39.488868713378906,116.01920318603516,243.2899932861328,76.63140869140625,323.9864196777344,179.16253662109375,278.26300048828125,180.38137817382812,41.850555419921875,118.8664779663086,32.779998779296875,92.35728454589844,132.36000061035156,7504.3701171875,179.5794219970703,444.6400146484375,27.399999618530273,297.4066162109375,204.2730255126953,210.0794219970703,476.43829345703125,134.91000366210938,337.7752380371094,57.59000015258789,26.799999237060547,89.38999938964844,129.88499450683594,16.710750579833984,112.06884765625,285.8424072265625,11.829999923706055,681.92041015625,112.50372314453125,20.31999969482422,221.4199981689453,263.4927978515625,95.34394836425781,221.64791870117188,462.4593200683594,69.55597686767578,80.1326675415039,324.38720703125,45.16670608520508,89.83999633789062,4.769999980926514,46.23274612426758,659.1751708984375,89.73342895507812,177.5500030517578,181.7389373779297,154.361328125,150.21217346191406,410.6685791015625,551.1611938476562,53.4980354309082,324.7082214355469,262.2300109863281,18.31999969482422,338.05999755859375,119.08051300048828
2025-12-11,312.02386474609375,119.46378326416016,61.30170822143555,273.1099853515625,147.90518188476562,178.3431396484375,107.64018249511719,183.3000030517578,220.36412048339844,180.70957946777344,54.20936584472656,377.5068054199219,44.523067474365234,68.19773864746094,146.1822509765625,237.35902404785156,561.5599975585938,128.0,350.42999267578125,242.3699951171875,103.0,39.5099983215332,155.47213745117188,156.366455078125,116.95970916748047,1118.9169921875,477.260009765625,52.54999923706055,238.97169494628906,169.67730712890625,314.3460693359375,168.38949584960938,11.84000015258789,400.6828308105469,173.4980010986328,287.6882629394531,83.37928771972656,269.0199890136719,744.790283203125,312.8336181640625,9.550000190734863,881.9934692382812,96.75337982177734,381.78155517578125,82.47000122070312,98.98806762695312,2.1700000762939453,108.38999938964844,651.016845703125,34.02000045776367,126.76800537109375,138.72305297851562,128.30999755859375,303.2831726074219,63.529998779296875,176.09912109375,33.0099983215332,123.37999725341797,137.5706329345703,78.77999877929688,26.8799991607666,111.97000122070312,139.30337524414062,28.523134231567383,15.75,2.559999942779541,249.75,446.8900146484375,39.741214752197266,269.4385681152344,187.5399932861328,902.2840576171875,173.87586975097656,260.6011657714844,117.94792938232422,147.38670349121094,124.2976303100586,24.962886810302734,230.27999877929688,275.8416442871094,348.308349609375,84.75,95.73999786376953,187.06167602539062,31.115400314331055,190.36000061035156,1005.9664306640625,165.03440856933594,39.89434051513672,115.76153564453125,242.0800018310547,77.19963073730469,332.2348327636719,182.88241577148438,277.514404296875,179.4508056640625,42.154178619384766,117.99501037597656,32.119998931884766,89.32098388671875,134.38999938964844,7511.16015625,179.5794219970703,445.92999267578125,27.510000228881836,306.2913513183594,207.70494079589844,210.1781463623047,481.3265075683594,136.44000244140625,337.0350036621094,58.09000015258789,27.979999542236328,93.43000030517578,129.41250610351562,17.2016658782959,112.45223999023438,295.305419921875,12.550000190734863,683.5072021484375,114.8297348022461,21.219999313354492,221.42999267578125,258.24713134765625,95.25529479980469,197.635498046875,469.3180236816406,70.18260955810547,80.0735092163086,344.2051696777344,44.951534271240234,90.58999633789062,4.579999923706055,47.884979248046875,672.6884155273438,91.6133804321289,172.5,178.58033752441406,154.29173278808594,151.6339111328125,404.1053466796875,555.8057861328125,53.97286605834961,327.7237243652344,272.8299865722656,18.709999084472656,335.42999267578125,120.91569519042969
2025-12-12,308.887939453125,119.98068237304688,61.27189636230469,249.00999450683594,147.1888427734375,176.48345947265625,106.1657943725586,176.4499969482422,219.71478271484375,174.80679321289062,54.28840637207031,350.9636535644531,44.55267333984375,69.58912658691406,147.76138305664062,235.95046997070312,570.092529296875,128.38999938964844,356.42999267578125,218.44000244140625,87.41999816894531,37.810001373291016,154.26324462890625,155.385009765625,117.1690673828125,1077.07373046875,452.95001220703125,50.349998474121094,238.25595092773438,167.5563507080078,315.47515869140625,160.21505737304688,11.520000457763672,413.5388488769531,173.01199340820312,284.8000793457031,83.09391021728516,267.4599914550781,739.295166015625,313.1884460449219,9.020000457763672,881.9834594726562,98.01397705078125,379.4703674316406,82.22000122070312,97.71363067626953,2.119999885559082,106.83999633789062,642.5587768554688,32.33000183105469,125.63517761230469,140.77294921875,125.01000213623047,290.53900146484375,61.4900016784668,177.32989501953125,32.18000030517578,119.5,129.0146484375,75.95999908447266,25.84000015258789,111.95999908447266,138.63584899902344,28.42657470703125,15.300000190734863,2.5299999713897705,239.0,458.9599914550781,39.6925163269043,258.565673828125,183.57000732421875,879.435546875,169.39456176757812,260.48199462890625,117.23751831054688,143.12356567382812,119.08506774902344,25.011266708374023,226.19000244140625,275.0132141113281,330.0360107421875,76.69999694824219,91.48999786376953,176.20970153808594,31.452533721923828,191.69000244140625,1024.03515625,163.58787536621094,39.0141716003418,115.50387573242188,236.27999877929688,77.80703735351562,337.2765808105469,174.55506896972656,277.7639465332031,176.5006866455078,41.94850158691406,118.21288299560547,30.93000030517578,84.32707977294922,124.76000213623047,7517.81005859375,177.35531616210938,452.0400085449219,27.360000610351562,286.1837158203125,209.25770568847656,211.05235290527344,476.4084167480469,134.8699951171875,333.096923828125,56.68000030517578,26.100000381469727,86.75,126.19499969482422,16.966026306152344,113.34683227539062,297.5566101074219,11.970000267028809,676.1580810546875,116.23915100097656,18.34000015258789,210.77999877929688,240.94140625,94.10289764404297,188.80972290039062,474.6251525878906,69.43661499023438,80.50735473632812,346.3960876464844,44.51140594482422,90.18000030517578,4.329999923706055,47.15839385986328,667.6334228515625,91.7815933227539,174.10000610351562,161.19808959960938,155.53440856933594,152.1078338623047,357.92413330078125,565.452392578125,54.54662322998047,327.1166687011719,254.8000030517578,17.93000030517578,323.2200012207031,118.15801239013672
2025-12-15,307.8193359375,121.00455474853516,60.35769271850586,228.74000549316406,147.00238037109375,175.87014770507812,104.12129974365234,162.0800018310547,223.77810668945312,176.0752410888672,54.32792663574219,356.1087646484375,44.523067474365234,70.03319549560547,148.32044982910156,237.87481689453125,567.301513671875,131.80999755859375,351.1499938964844,216.17999267578125,82.33000183105469,37.5099983215332,148.72412109375,155.63284301757812,115.3646240234375,1084.019287109375,454.6700134277344,46.06999969482422,240.22671508789062,167.685791015625,316.9608459472656,163.9878692626953,10.699999809265137,414.28399658203125,153.0399932861328,286.36822509765625,84.62903594970703,250.4199981689453,750.5946655273438,320.6500244140625,9.140000343322754,858.1407470703125,98.8122787475586,379.48028564453125,81.5199966430664,99.25689697265625,2.119999885559082,107.69999694824219,646.3570556640625,31.3700008392334,125.71466827392578,143.02981567382812,118.83000183105469,286.2610778808594,55.40999984741211,180.75421142578125,31.3700008392334,115.26000213623047,129.5406951904297,74.26000213623047,23.530000686645508,110.4000015258789,139.94100952148438,27.85688591003418,13.710000038146973,2.440000057220459,235.32000732421875,475.30999755859375,39.84836196899414,260.62054443359375,183.25,881.0499267578125,167.55221557617188,252.88296508789062,116.19164276123047,141.73904418945312,122.19606018066406,25.572446823120117,222.5399932861328,283.2579345703125,331.2587890625,67.80999755859375,89.77999877929688,171.91287231445312,31.482282638549805,185.8800048828125,1058.5977783203125,160.5263671875,38.47024917602539,115.523681640625,230.30999755859375,78.02257537841797,336.5464782714844,173.89686584472656,273.6016540527344,177.46096801757812,42.330474853515625,118.56939697265625,31.06999969482422,84.15728759765625,125.88999938964844,7632.35009765625,175.9219970703125,455.7099914550781,26.829999923706055,284.1341247558594,211.8192901611328,217.26492309570312,472.7148742675781,134.9199981689453,336.2552795410156,56.25,23.739999771118164,87.16000366210938,121.86750030517578,16.298381805419922,114.75260162353516,307.2885437011719,11.119999885559082,675.1365356445312,116.32880401611328,17.40999984741211,207.5800018310547,237.30441284179688,92.94064331054688,183.79055786132812,478.7463073730469,70.88880157470703,80.50735473632812,345.4599914550781,44.198429107666016,88.19999694824219,4.199999809265137,47.2977409362793,651.383544921875,91.92012786865234,175.74000549316406,161.6678924560547,155.55429077148438,154.1219940185547,337.9162292480469,571.4367065429688,54.73458480834961,326.8778076171875,255.88999938964844,17.350000381469727,318.42999267578125,118.3259506225586
2025-12-16,306.1714782714844,121.20336151123047,60.94397735595703,235.82000732421875,144.00933837890625,174.60397338867188,100.04216766357422,167.5,220.0591278076172,177.50350952148438,53.98213577270508,364.56927490234375,44.40465545654297,69.44110870361328,147.4867401123047,239.66030883789062,564.2015380859375,132.00999450683594,347.8900146484375,209.83999633789062,83.51000213623047,37.310001373291016,147.931396484375,154.71087646484375,114.08856201171875,1072.29052734375,463.3399963378906,49.66999816894531,237.52059936523438,165.82371520996094,312.5335388183594,162.9498291015625,10.6899995803833,420.7616882324219,156.2239990234375,280.7308044433594,84.34365844726562,252.61000061035156,744.3515014648438,322.05950927734375,9.119999885559082,857.9712524414062,96.85100555419922,377.67498779296875,82.47000122070312,97.6041030883789,2.0199999809265137,112.4800033569336,655.9798583984375,31.65999984741211,123.862548828125,143.10865783691406,119.30999755859375,285.39556884765625,55.4900016784668,178.59043884277344,31.860000610351562,119.4000015258789,132.75665283203125,73.12999725341797,23.959999084472656,109.0199966430664,138.15762329101562,27.85688591003418,13.470000267028809,2.509999990463257,234.64999389648438,489.8800048828125,39.49770736694336,258.19659423828125,187.75,870.7100830078125,172.7306365966797,253.21075439453125,113.15265655517578,141.99801635742188,122.02249908447266,24.701648712158203,222.55999755859375,277.626708984375,327.99798583984375,68.37000274658203,87.05000305175781,174.4510040283203,31.888824462890625,187.08999633789062,1050.724609375,160.76414489746094,37.19449996948242,115.60297393798828,232.77999877929688,77.66988372802734,329.7386169433594,172.7300262451172,274.1007385253906,174.35247802734375,42.154178619384766,116.43032836914062,31.1299991607666,83.96752166748047,126.12999725341797,7530.240234375,175.5167236328125,454.9599914550781,26.760000228881836,286.6712341308594,207.00274658203125,216.4381103515625,474.2779235839844,131.55999755859375,333.096923828125,55.970001220703125,25.520000457763672,88.0,122.13249969482422,16.17074203491211,113.63191223144531,304.77838134765625,10.779999732971191,673.2918701171875,114.9642105102539,17.1200008392334,209.1699981689453,232.31851196289062,89.4046401977539,187.49777221679688,471.47247314453125,70.75950622558594,80.18197631835938,343.68731689453125,42.84870910644531,90.58999633789062,4.199999809265137,47.317649841308594,666.0610961914062,91.21761322021484,171.5,160.58836364746094,154.21218872070312,152.1177215576172,339.39794921875,564.420166015625,54.220176696777344,326.3005676269531,258.510009765625,17.540000915527344,319.5299987792969,117.33808135986328
2025-12-17,296.3342590332031,119.8017578125,59.801212310791016,221.08999633789062,146.72760009765625,172.91244506835938,102.95162200927734,160.3800048828125,220.68878173828125,170.7317657470703,53.972259521484375,339.9854431152344,44.59214401245117,69.73715209960938,147.2023162841797,237.56732177734375,563.6531982421875,133.77999877929688,354.6600036621094,203.89999389648438,75.94000244140625,36.04999923706055,145.7514190673828,152.2027587890625,114.72659301757812,1011.8822631835938,453.07000732421875,45.849998474121094,241.56996154785156,166.799560546875,311.9690246582031,154.68556213378906,9.930000305175781,419.5992736816406,156.47799682617188,276.6317443847656,85.64261627197266,244.19000244140625,747.7722778320312,321.3399963378906,8.789999961853027,860.2249145507812,97.74787902832031,372.57647705078125,79.37999725341797,99.01793670654297,1.9299999475479126,110.2699966430664,648.343505859375,29.84000015258789,122.27930450439453,145.67103576660156,119.5,275.5364990234375,53.959999084472656,175.88076782226562,31.610000610351562,115.80000305175781,126.94017028808594,69.7699966430664,22.469999313354492,105.0,138.64581298828125,27.615489959716797,12.960000038146973,2.369999885559082,229.10000610351562,467.260009765625,39.673030853271484,247.6528778076172,177.2899932861328,863.9556274414062,159.30654907226562,256.4192810058594,115.84630584716797,138.8404998779297,116.90071105957031,24.227548599243164,221.27000427246094,280.9502258300781,313.9706115722656,61.86000061035156,84.8499984741211,166.13714599609375,32.42427444458008,183.44000244140625,1038.266845703125,159.2086181640625,38.104331970214844,114.7705078125,226.42999267578125,78.0323715209961,327.2029113769531,167.663818359375,271.33587646484375,170.61041259765625,41.87993621826172,111.14209747314453,32.130001068115234,81.60040283203125,122.36000061035156,7472.5498046875,172.4820556640625,449.5199890136719,25.600000381469727,276.2442932128906,208.0214385986328,212.6184539794922,474.00909423828125,129.55999755859375,332.031005859375,54.7400016784668,23.799999237060547,85.83000183105469,117.50499725341797,16.072561264038086,115.44074249267578,308.8623962402344,10.210000038146973,665.8832397460938,115.2032699584961,15.729999542236328,198.11000061035156,225.3342742919922,93.5316162109375,177.37002563476562,469.2290954589844,69.34709930419922,79.1663818359375,342.9902038574219,43.79742431640625,88.41999816894531,4.679999828338623,47.596336364746094,657.5332641601562,91.6133804321289,172.10000610351562,149.76319885253906,151.11045837402344,151.8412628173828,324.2030944824219,559.9244384765625,53.962974548339844,326.38018798828125,254.02999877929688,17.079999923706055,313.0199890136719,119.88677215576172
2025-12-18,302.0668029785156,121.61090850830078,59.06587219238281,229.67999267578125,144.93179321289062,171.09231567382812,100.85798645019531,158.24000549316406,219.2228546142578,173.9278564453125,53.88334274291992,360.0074462890625,44.57240676879883,69.43123626708984,146.5059356689453,240.8406982421875,564.390869140625,133.99000549316406,355.80999755859375,210.7100067138672,77.72000122070312,36.279998779296875,145.97933959960938,153.19410705566406,115.09545135498047,1032.689453125,458.1300048828125,46.439998626708984,238.99131774902344,167.8948974609375,310.0079345703125,164.38710021972656,9.6899995803833,416.27099609375,153.3800048828125,280.6017761230469,85.82958984375,239.1999969482422,746.6952514648438,319.77276611328125,8.880000114440918,855.1790771484375,99.23607635498047,372.48724365234375,79.75,98.90840911865234,1.8799999952316284,112.8499984741211,663.2669067382812,29.3700008392334,121.14413452148438,143.41416931152344,120.48999786376953,283.2168273925781,59.91999816894531,176.96263122558594,32.959999084472656,117.16000366210938,122.02693176269531,71.4000015258789,22.81999969482422,105.79000091552734,138.97459411621094,27.808605194091797,13.380000114440918,2.3499999046325684,230.69000244140625,483.3699951171875,39.42951965332031,252.869873046875,185.69000244140625,867.887451171875,165.48085021972656,256.5445861816406,114.9878921508789,140.98202514648438,121.92475128173828,24.227548599243164,226.75999450683594,282.7746887207031,314.099853515625,65.93000030517578,87.58000183105469,174.88067626953125,32.354862213134766,185.8800048828125,1053.3057861328125,156.37498474121094,37.70875549316406,115.42459106445312,231.08999633789062,77.58171081542969,323.7594909667969,170.28668212890625,271.68524169921875,172.44186401367188,42.29129409790039,107.27989959716797,31.920000076293945,84.36703491210938,124.62000274658203,7561.6201171875,174.16249084472656,447.3800048828125,26.170000076293945,290.5216369628906,206.0236053466797,212.79718017578125,481.8342590332031,130.50999450683594,332.9488830566406,54.84000015258789,24.889999389648438,87.38999938964844,119.31500244140625,15.836919784545898,115.55870819091797,305.62506103515625,10.850000381469727,670.9114990234375,114.37654113769531,15.789999961853027,201.05999755859375,248.34530639648438,90.84268951416016,178.930419921875,464.633544921875,69.77479553222656,79.71855163574219,344.5836181640625,43.16169357299805,90.2300033569336,4.440000057220459,47.695865631103516,665.5934448242188,90.51509857177734,169.91000366210938,154.32115173339844,150.5139617919922,151.95973205566406,328.0416259765625,555.289794921875,53.67609405517578,323.80255126953125,261.7900085449219,18.139999389648438,315.1000061035156,119.99542999267578
2025-12-19,306.7607116699219,121.12382507324219,59.43354415893555,261.7699890136719,144.99066162109375,175.0688934326172,100.18960571289062,164.82000732421875,223.1582794189453,180.76951599121094,54.17972946166992,354.373779296875,44.7697639465332,69.13520050048828,145.3191375732422,241.76318359375,570.3915405273438,135.27999877929688,355.8599853515625,230.33999633789062,83.2300033569336,36.81999969482422,148.42684936523438,154.5126190185547,119.3323974609375,1052.3304443359375,463.7300109863281,48.47999954223633,235.27532958984375,173.4711456298828,314.17767333984375,171.94273376464844,10.180000305175781,418.6951599121094,155.30999755859375,285.2963562011719,83.92051696777344,245.1199951171875,765.8934326171875,322.69036865234375,9.229999542236328,853.214599609375,99.63028717041016,373.46923828125,80.23999786376953,100.84994506835938,1.840000033378601,113.98999786376953,657.5969848632812,31.110000610351562,119.2322769165039,142.3695068359375,123.81999969482422,287.4648742675781,70.5199966430664,180.65493774414062,33.25,121.3499984741211,125.4810791015625,75.38999938964844,23.760000228881836,109.51000213623047,139.2734832763672,27.827917098999023,14.5,2.3399999141693115,243.00999450683594,481.20001220703125,39.283416748046875,255.77264404296875,193.3800048828125,884.9024658203125,162.35386657714844,258.59417724609375,115.1358871459961,144.0299835205078,124.24677276611328,24.3726806640625,227.35000610351562,289.5400390625,315.9389953613281,75.83999633789062,89.98999786376953,180.94619750976562,32.880393981933594,186.8800048828125,1067.8165283203125,157.68280029296875,37.65930938720703,115.47413635253906,232.5500030517578,77.18003845214844,323.0491027832031,175.95126342773438,273.1625061035156,173.4912109375,41.75261688232422,106.94319152832031,32.5099983215332,83.98749542236328,131.1199951171875,7399.7099609375,174.26132202148438,456.20001220703125,26.56999969482422,294.85955810546875,204.10488891601562,214.71876525878906,483.7656555175781,134.77999877929688,334.94256591796875,55.86000061035156,26.81999969482422,88.69999694824219,120.31999969482422,15.709282875061035,113.6024169921875,308.9520568847656,14.9399995803833,676.9923095703125,113.90839385986328,16.06999969482422,213.42999267578125,265.70098876953125,90.55705261230469,190.79751586914062,468.5768127441406,70.679931640625,78.4268798828125,347.81024169921875,43.16169357299805,90.20999908447266,4.260000228881836,48.92011642456055,668.0015258789062,92.02896118164062,174.8000030517578,159.74874877929688,146.3186492919922,152.9766845703125,338.46319580078125,564.1622314453125,54.675228118896484,319.3241271972656,266.9800109863281,18.260000228881836,314.9100036621094,122.78120422363281
2025-12-22,309.3773193359375,121.85191345214844,59.48323059082031,261.1600036621094,147.00238037109375,177.81887817382812,101.65415954589844,164.32000732421875,224.23068237304688,183.4662322998047,54.844970703125,356.7768249511719,45.298423767089844,69.2832260131836,144.2304229736328,244.77865600585938,573.8504028320312,136.9499969482422,357.5299987792969,236.75,83.44000244140625,36.369998931884766,149.58621215820312,156.22557067871094,121.8346939086914,1053.287109375,481.239990234375,53.86000061035156,240.001220703125,179.3660430908203,320.00146484375,174.9270477294922,10.130000114440918,420.7616882324219,156.67999267578125,292.8890380859375,84.35350036621094,247.89999389648438,777.2627563476562,326.6429138183594,9.699999809265137,847.6104736328125,103.20787811279297,377.774169921875,81.73999786376953,104.4243392944336,1.8200000524520874,116.0199966430664,660.3220825195312,31.06999969482422,118.60494232177734,140.6251220703125,124.41000366210938,291.77264404296875,77.55000305175781,184.29762268066406,33.5,122.37000274658203,125.669677734375,81.52999877929688,26.8799991607666,111.91000366210938,139.14398193359375,28.088623046875,14.399999618530273,2.3299999237060547,255.38999938964844,488.7300109863281,39.57487869262695,258.3661804199219,193.97999572753906,890.3695068359375,161.124267578125,263.290283203125,116.57644653320312,144.80706787109375,126.24063110351562,24.39202880859375,228.42999267578125,296.5815734863281,318.51385498046875,86.4800033569336,91.70999908447266,176.62939453125,33.445587158203125,189.49000549316406,1072.8394775390625,162.74571228027344,37.90654754638672,115.98716735839844,232.0500030517578,76.91043090820312,320.81927490234375,177.9259033203125,270.4674987792969,172.47154235839844,41.90753936767578,105.95288848876953,35.060001373291016,84.6966323852539,130.72999572753906,7397.06982421875,176.76223754882812,460.30999755859375,27.920000076293945,281.41796875,205.0444793701172,215.24623107910156,482.7701110839844,137.60000610351562,340.69671630859375,57.90999984741211,32.189998626708984,92.38999938964844,120.78500366210938,15.846738815307617,114.32988739013672,312.528076171875,16.690000534057617,681.2098999023438,112.15534973144531,16.43000030517578,214.9499969482422,276.3622131347656,91.90643310546875,197.16836547851562,477.90625,71.6745834350586,78.91989135742188,350.6385192871094,43.608524322509766,90.94000244140625,4.400000095367432,50.40314483642578,671.8923950195312,93.28556060791016,174.6999969482422,166.17587280273438,144.52920532226562,153.98507690429688,340.19683837890625,580.2396850585938,55.278663635253906,322.28985595703125,284.5899963378906,20.239999771118164,317.57000732421875,122.65277862548828
2025-12-23,313.94134521484375,121.68260192871094,59.03606033325195,258.04998779296875,147.6990966796875,177.56167602539062,102.21443176269531,157.8800048828125,225.09646606445312,188.97950744628906,54.95402526855469,360.2866516113281,45.37777328491211,68.94770812988281,140.92503356933594,245.6019744873047,574.498291015625,136.49000549316406,352.4200134277344,240.2899932861328,81.87999725341797,36.349998474121094,149.85374450683594,156.1658935546875,122.50263977050781,1058.130126953125,475.4700012207031,51.38999938964844,239.99142456054688,180.50120544433594,322.8143310546875,174.82723999023438,9.859999656677246,422.34136962890625,154.36000061035156,295.5985412597656,85.0128173828125,242.3000030517578,783.0570678710938,326.7414855957031,9.420000076293945,852.386962890625,103.52326202392578,379.1033630371094,80.66000366210938,104.79273986816406,1.8200000524520874,113.52999877929688,663.7559814453125,30.760000228881836,116.88227844238281,141.10801696777344,123.83000183105469,295.42376708984375,77.18000030517578,184.3770294189453,32.220001220703125,120.23999786376953,126.67217254638672,82.30000305175781,25.110000610351562,112.05999755859375,137.77902221679688,28.078968048095703,13.670000076293945,2.190000057220459,261.1499938964844,485.55999755859375,39.56503677368164,259.5831604003906,194.1300048828125,893.0535888671875,161.22398376464844,262.0963439941406,117.82952880859375,145.59515380859375,126.548828125,24.072736740112305,232.13999938964844,288.25799560546875,320.919677734375,85.66999816894531,93.41000366210938,178.1182861328125,33.455501556396484,188.1199951171875,1068.015869140625,162.1809539794922,37.77798080444336,116.71295166015625,229.32000732421875,76.54505157470703,320.46405029296875,177.13804626464844,271.85491943359375,172.9962158203125,42.055545806884766,103.72469329833984,33.84000015258789,87.5731201171875,131.32000732421875,7338.0498046875,175.04225158691406,459.2099914550781,27.770000457763672,281.3681945800781,203.52137756347656,216.53125,484.6915283203125,136.19000244140625,339.3642883300781,56.459999084472656,29.1200008392334,91.04000091552734,119.70999908447266,15.660191535949707,114.81158447265625,312.8468322753906,16.510000228881836,684.3233032226562,110.4620590209961,15.970000267028809,214.89999389648438,276.0424499511719,91.33516693115234,194.14691162109375,476.8981628417969,70.1229248046875,78.67338562011719,351.9232177734375,43.89457702636719,89.05999755859375,4.360000133514404,51.657257080078125,670.82763671875,93.47356414794922,174.82000732421875,166.18585205078125,143.62452697753906,153.67770385742188,348.0379333496094,575.6744995117188,55.36769485473633,322.49884033203125,269.3900146484375,19.420000076293945,316.92999267578125,123.67028045654297
2025-12-24,313.6816711425781,122.10092163085938,59.6620979309082,260.17999267578125,147.68930053710938,179.68846130371094,102.09648132324219,158.7100067138672,226.17872619628906,188.38023376464844,55.25144958496094,362.89910888671875,45.467041015625,69.1845474243164,140.98388671875,246.2665557861328,577.5883178710938,136.77999877929688,352.9800109863281,240.27999877929688,81.30999755859375,36.15999984741211,148.69439697265625,156.6732177734375,121.58546447753906,1061.7972412109375,475.75,49.81999969482422,241.04051208496094,180.57089233398438,326.02337646484375,176.9931182861328,9.9399995803833,422.1426696777344,152.58999633789062,295.90625,85.78038787841797,239.72999572753906,781.6010131835938,329.17608642578125,9.59000015258789,869.4089965820312,104.91289520263672,380.0158996582031,81.18000030517578,104.2750015258789,1.8799999952316284,114.80999755859375,666.3613891601562,30.549999237060547,118.84392547607422,142.3990936279297,123.36000061035156,297.2642517089844,77.18000030517578,184.99241638183594,32.849998474121094,120.44000244140625,127.42652893066406,79.97000122070312,24.510000228881836,113.44000244140625,139.0642547607422,28.165868759155273,13.920000076293945,2.2100000381469727,260.70001220703125,485.3999938964844,39.8210563659668,260.13177490234375,194.1699981689453,902.0364379882812,161.51319885253906,263.9171142578125,117.63218688964844,145.94430541992188,127.37071228027344,24.217870712280273,232.3800048828125,290.062744140625,321.774658203125,78.05000305175781,93.33999633789062,179.4273223876953,34.496646881103516,187.22000122070312,1073.3377685546875,163.96435546875,37.5505256652832,117.4089126586914,229.60000610351562,77.14745330810547,323.20697021484375,176.69923400878906,273.3022155761719,173.0160369873047,42.24303436279297,104.07129669189453,33.58000183105469,86.38456726074219,130.77000427246094,7385.2900390625,175.0916748046875,462.989990234375,28.139999389648438,284.5703430175781,205.49942016601562,216.81947326660156,485.8563232421875,135.32000732421875,340.8941345214844,56.709999084472656,27.520000457763672,91.16000366210938,119.27749633789062,15.748557090759277,115.48989868164062,313.9325866699219,16.709999084472656,686.7305297851562,111.16925811767578,16.079999923706055,215.0399932861328,286.44390869140625,90.41915130615234,196.28379821777344,480.0606994628906,70.5804672241211,79.32414245605469,353.6759948730469,43.7663459777832,88.38999938964844,4.400000095367432,51.67715835571289,671.5142211914062,94.29480743408203,176.3300018310547,166.79559326171875,145.77188110351562,154.4808349609375,348.93463134765625,577.9471435546875,55.64468002319336,323.7926330566406,272.2099914550781,20.15999984741211,317.760009765625,124.14444732666016
2025-12-26,313.10247802734375,121.5630874633789,59.59253692626953,254.3000030517578,147.21827697753906,179.90609741210938,101.73279571533203,158.80999755859375,226.26724243164062,190.2978973388672,55.142391204833984,359.4191589355469,45.73484420776367,68.94770812988281,141.0231170654297,247.30809020996094,577.7378540039062,136.82000732421875,353.79998779296875,241.67999267578125,76.91999816894531,36.20000076293945,150.8545684814453,156.38475036621094,123.8385238647461,1069.001953125,477.1400146484375,46.0,242.5896759033203,182.4329833984375,324.7754211425781,177.73171997070312,9.59000015258789,422.01348876953125,153.88999938964844,294.5464782714844,85.78038787841797,236.89999389648438,782.8576049804688,328.1608581542969,9.4399995803833,870.894775390625,105.23812866210938,377.9725646972656,81.55999755859375,105.3204345703125,1.7699999809265137,114.04000091552734,662.10888671875,30.639999389648438,118.6945571899414,142.6454620361328,124.80000305175781,301.2834777832031,70.6500015258789,183.7914276123047,33.0,118.12999725341797,128.2801513671875,77.69999694824219,22.3799991607666,115.01000213623047,138.60595703125,28.387950897216797,13.4399995803833,2.1700000762939453,255.0,475.19000244140625,39.89983367919922,261.2489929199219,188.7100067138672,898.332275390625,161.22398376464844,264.73291015625,117.5236587524414,146.17373657226562,127.63104248046875,24.275924682617188,232.52000427246094,282.6904602050781,320.283447265625,71.94999694824219,92.83999633789062,181.40585327148438,34.29833221435547,188.4499969482422,1074.105224609375,164.81643676757812,37.37251281738281,117.28961181640625,230.52000427246094,77.2560806274414,327.40020751953125,175.4027862548828,272.8929748535156,173.0556182861328,42.21342849731445,103.88314819335938,33.04999923706055,86.23474884033203,131.83999633789062,7382.16015625,174.8445587158203,462.8999938964844,27.979999542236328,285.51800537109375,205.35105895996094,216.56588745117188,485.5476989746094,134.9499969482422,337.74566650390625,55.08000183105469,25.290000915527344,91.23999786376953,120.29750061035156,15.925284385681152,115.19497680664062,314.3509216308594,15.25,686.660888671875,111.29874420166016,14.850000381469727,214.99000549316406,284.55548095703125,90.16307067871094,196.78074645996094,477.37255859375,70.47105407714844,79.28471374511719,353.5365295410156,43.59865951538086,88.61000061035156,4.25,52.79192352294922,673.2257690429688,94.25523376464844,177.0800018310547,167.50527954101562,145.4636993408203,154.72872924804688,350.8376159667969,573.0048217773438,55.5655403137207,323.8822021484375,269.69000244140625,20.469999313354492,318.8900146484375,123.18622589111328
2025-12-29,313.15240478515625,120.36786651611328,59.11555480957031,249.24000549316406,148.17015075683594,177.99693298339844,102.85333251953125,155.38999938964844,227.11337280273438,187.99070739746094,54.844970703125,357.2952880859375,45.367855072021484,69.23388671875,141.47430419921875,243.7668914794922,576.0433349609375,136.6199951171875,353.1600036621094,239.0,74.08999633789062,36.68000030517578,147.13868713378906,156.0465087890625,117.01953125,1062.275634765625,478.9700012207031,45.25,243.0112762451172,170.61331176757812,320.6551818847656,175.535888671875,9.489999771118164,423.7720031738281,154.5800018310547,293.7127685546875,86.14449310302734,233.77000427246094,778.399658203125,324.90814208984375,9.140000343322754,865.4003295898438,105.0804443359375,372.288818359375,80.81999969482422,99.37637329101562,1.7100000381469727,111.44999694824219,657.5171508789062,30.079999923706055,118.18672943115234,142.47792053222656,126.80999755859375,299.3733825683594,70.12000274658203,183.04701232910156,33.130001068115234,117.43000030517578,126.51335906982422,77.47000122070312,22.270000457763672,114.1500015258789,137.43032836914062,28.262426376342773,13.210000038146973,2.0999999046325684,249.14999389648438,459.6400146484375,40.00815200805664,262.3961181640625,184.17999267578125,883.614990234375,161.3935089111328,264.8821716308594,118.92474365234375,145.51535034179688,125.7149887084961,24.1888427734375,232.07000732421875,279.7415466308594,319.56768798828125,71.47000122070312,92.83999633789062,179.54722595214844,33.13819885253906,186.85000610351562,1075.081787109375,163.9544677734375,37.481300354003906,117.21006774902344,228.02000427246094,77.30545806884766,324.548828125,175.0138397216797,273.2523498535156,171.68946838378906,42.2923698425293,102.91264343261719,32.849998474121094,85.65546417236328,134.14999389648438,7355.259765625,173.66824340820312,459.7799987792969,27.84000015258789,280.61004638671875,205.28182983398438,216.61325073242188,484.9404296875,134.47999572753906,336.04803466796875,53.970001220703125,26.149999618530273,90.20999908447266,118.97750091552734,15.81728458404541,115.52921295166016,313.1855163574219,15.699999809265137,684.2138671875,112.08561706542969,14.479999542236328,215.61000061035156,294.24639892578125,91.23666381835938,194.18667602539062,483.1441650390625,69.15811157226562,79.14665985107422,353.1481628417969,44.01294708251953,88.08000183105469,4.130000114440918,51.239219665527344,670.8375854492188,93.52302551269531,176.8300018310547,165.546142578125,145.10580444335938,154.49075317382812,348.1076965332031,573.4117431640625,54.754364013671875,323.6732177734375,268.25,19.729999542236328,317.7099914550781,123.3936767578125
2025-12-30,313.4420166015625,119.87982177734375,58.72800827026367,247.02999877929688,149.4654998779297,177.14622497558594,103.85591888427734,155.61000061035156,226.03114318847656,187.31153869628906,54.70616912841797,356.08880615234375,45.357933044433594,69.14506530761719,141.3958282470703,242.0012664794922,575.5648193359375,136.91000366210938,352.510009765625,238.36000061035156,71.62000274658203,37.29999923706055,146.0189666748047,155.59889221191406,118.5149154663086,1068.3941650390625,474.489990234375,45.310001373291016,243.96234130859375,171.11119079589844,320.3283386230469,173.44985961914062,9.329999923706055,425.5801696777344,154.22999572753906,293.2562255859375,86.17401123046875,231.60000610351562,771.8572998046875,323.9815673828125,9.0600004196167,863.2164916992188,104.52852630615234,370.37445068359375,80.30999755859375,101.41746520996094,1.7300000190734863,111.5199966430664,664.7642211914062,29.649999618530273,117.62909698486328,141.96543884277344,132.3800048828125,298.0402526855469,70.44999694824219,182.64004516601562,32.189998626708984,115.44999694824219,126.9699478149414,75.9800033569336,22.40999984741211,113.83000183105469,136.09527587890625,27.721702575683594,12.699999809265137,2.0399999618530273,244.0,454.42999267578125,40.09677505493164,259.32379150390625,180.83999633789062,875.929443359375,162.17135620117188,264.5737609863281,119.37861633300781,145.0564727783203,124.04528045654297,24.179166793823242,232.52999877929688,278.7618713378906,318.9810791015625,74.68000030517578,91.37000274658203,175.92991638183594,33.16794967651367,186.85000610351562,1076.0985107421875,163.28073120117188,38.124114990234375,117.60775756835938,227.4199981689453,77.17707824707031,327.7257995605469,173.88690185546875,272.5735778808594,171.90725708007812,42.391048431396484,102.88294219970703,32.150001525878906,86.65424346923828,132.44000244140625,7327.2001953125,173.40135192871094,453.739990234375,27.81999969482422,279.39306640625,204.6389617919922,216.04876708984375,485.3187255859375,132.75,335.0511779785156,53.189998626708984,26.25,87.04000091552734,118.90750122070312,15.552189826965332,115.68650817871094,312.7173156738281,15.9399995803833,683.3783569335938,111.47803497314453,14.3100004196167,215.33999633789062,292.5071105957031,92.68455505371094,196.00550842285156,482.28436279296875,68.96913146972656,79.40303039550781,352.1622314453125,44.34832000732422,87.43000030517578,4.110000133514404,51.1695442199707,666.5885620117188,93.31524658203125,176.39999389648438,164.26670837402344,144.67831420898438,154.36184692382812,348.56597900390625,570.2260131835938,54.68511962890625,324.5987548828125,264.29998779296875,19.09000015258789,315.6000061035156,121.68467712402344
2025-12-31,312.5931091308594,118.9336166381836,58.012542724609375,242.75999450683594,149.56362915039062,175.6129608154297,103.2170181274414,151.9499969482422,224.8013153076172,186.27281188964844,54.29969024658203,352.24993896484375,44.98102569580078,68.9871826171875,140.76809692382812,240.4042510986328,569.0458984375,135.72000122070312,349.989990234375,233.8699951171875,71.76000213623047,36.900001525878906,145.24606323242188,154.3057098388672,117.15909576416016,1066.1220703125,469.7200012207031,44.869998931884766,242.19747924804688,168.8109893798828,319.1398010253906,170.85479736328125,8.979999542236328,423.6230163574219,153.19000244140625,291.3704833984375,85.8099136352539,226.13999938964844,769.7929077148438,322.621337890625,8.989999771118164,859.915771484375,103.74008178710938,366.96221923828125,79.41000366210938,99.41619873046875,1.8700000047683716,111.81999969482422,658.9146728515625,29.270000457763672,116.7627944946289,141.2361602783203,130.66000366210938,302.328125,69.76000213623047,182.03460693359375,32.04999923706055,113.0999984741211,124.9450912475586,75.91000366210938,22.149999618530273,113.38999938964844,134.72036743164062,27.71204948425293,12.670000076293945,2.049999952316284,241.88999938964844,449.7200012207031,39.7324333190918,256.3511962890625,177.75,870.5615234375,160.88491821289062,263.56884765625,118.73727416992188,143.61996459960938,121.19563293457031,24.09208869934082,230.82000732421875,276.0108642578125,316.6448669433594,72.62999725341797,91.48999786376953,172.1427001953125,33.76288604736328,184.1999969482422,1071.045654296875,162.15731811523438,37.95599365234375,117.04105377197266,224.9199981689453,76.71292877197266,325.70318603515625,172.3710174560547,271.3558349609375,169.33335876464844,42.1246223449707,101.80350494384766,31.719999313354492,84.87641143798828,131.02999877929688,7292.77001953125,171.49356079101562,453.3599853515625,27.719999313354492,274.7145690917969,204.67852783203125,213.18968200683594,481.4758605957031,131.16000366210938,332.2777404785156,52.439998626708984,26.149999618530273,87.11000061035156,117.19000244140625,15.473644256591797,115.22447204589844,309.03173828125,16.229999542236328,678.3152465820312,110.97004699707031,14.170000076293945,214.16000366210938,285.2901611328125,92.20193481445312,193.71954345703125,478.0050964355469,69.02881622314453,79.15652465820312,349.26422119140625,44.101722717285156,86.47000122070312,4.090000152587891,50.55244445800781,659.1651611328125,92.21694946289062,175.99000549316406,161.93775939941406,143.18710327148438,153.4893035888672,344.8297424316406,565.8989868164062,54.40813064575195,322.4789733886719,261.2300109863281,18.399999618530273,312.5799865722656,121.25001525878906
2026-01-02,314.74029541015625,117.87783813476562,57.774051666259766,272.5,152.9884490966797,179.93576049804688,105.43842315673828,157.16000366210938,225.6080780029297,188.6199493408203,54.458316802978516,365.1924743652344,45.74475860595703,68.20761108398438,139.50282287597656,245.92930603027344,561.32080078125,133.00999450683594,333.29998779296875,246.05999755859375,77.80000305175781,39.380001068115234,154.3227081298828,157.15069580078125,117.5080337524414,1159.7139892578125,480.4200134277344,46.77000045776367,247.3726806640625,169.7270965576172,322.36865234375,184.70843505859375,9.90999984741211,426.3253173828125,147.4499969482422,302.1987609863281,85.79022979736328,236.52999877929688,774.2208862304688,322.9466247558594,9.210000038146973,852.0977783203125,104.91289520263672,370.54107666015625,77.87999725341797,100.78024291992188,1.840000033378601,113.01000213623047,649.2518920898438,30.959999084472656,118.56510925292969,139.73814392089844,150.3000030517578,317.96728515625,75.98999786376953,185.85595703125,33.75,115.20999908447266,126.85083770751953,79.29000091552734,23.600000381469727,115.75,135.07904052734375,28.513477325439453,14.15999984741211,2.049999952316284,256.19000244140625,438.07000732421875,39.76197814941406,268.2016906738281,167.86000061035156,905.5623168945312,164.774169921875,252.33599853515625,121.01651763916016,143.94915771484375,127.1193618774414,24.363004684448242,226.5,280.3055725097656,325.393310546875,83.47000122070312,98.55999755859375,187.56130981445312,34.4768180847168,179.3699951171875,1076.706298828125,168.41058349609375,39.75588607788086,116.22578430175781,220.57000732421875,76.7228012084961,331.9092102050781,181.3565673828125,270.5074157714844,171.24398803710938,42.60813522338867,103.2097396850586,32.38999938964844,89.28103637695312,133.60000610351562,7278.8701171875,175.47718811035156,452.1300048828125,27.139999389648438,286.83477783203125,205.0741424560547,211.91061401367188,470.84320068359375,134.35000610351562,338.92999267578125,53.77000045776367,28.1299991607666,92.77999877929688,113.3949966430664,15.768192291259766,115.45057678222656,312.1894226074219,17.8799991607666,679.55859375,112.3147201538086,16.309999465942383,223.47000122070312,315.2875671386719,95.24544525146484,194.51467895507812,491.2481384277344,68.69062042236328,79.79742431640625,345.05169677734375,45.02893829345703,83.63999938964844,4.199999809265137,51.687110900878906,626.3671875,94.19585418701172,177.82000732421875,175.53170776367188,144.86721801757812,154.1932830810547,346.3441467285156,581.2321166992188,55.3479118347168,326.27069091796875,274.3399963378906,19.440000534057617,310.3999938964844,120.12385559082031
2026-01-05,316.1285095214844,119.82006072998047,58.91681671142578,300.4100036621094,160.7899932861328,184.52566528320312,104.38668823242188,164.72000122070312,216.62547302246094,187.89083862304688,55.648014068603516,353.9151306152344,46.201019287109375,67.04318237304688,137.2371368408203,248.4884796142578,566.7432861328125,135.8699951171875,331.55999755859375,230.89999389648438,89.33999633789062,39.369998931884766,154.8379669189453,159.01087951660156,120.61843872070312,1223.8988037109375,494.19000244140625,48.709999084472656,250.7010040283203,174.4171142578125,330.8468322753906,194.38999938964844,10.59000015258789,430.2894592285156,147.60000610351562,309.0470275878906,85.48517608642578,254.9199981689453,761.1761474609375,316.1257629394531,9.369999885559082,873.278076171875,105.88860321044922,377.5695495605469,77.94000244140625,103.08020782470703,1.9800000190734863,114.88999938964844,657.616943359375,30.06999969482422,119.35176086425781,138.3386993408203,149.67999267578125,320.5937194824219,78.13999938964844,186.85841369628906,34.0,123.23999786376953,123.0889892578125,89.93000030517578,25.010000228881836,119.12000274658203,135.6469268798828,28.629344940185547,14.789999961853027,1.9900000095367432,297.4100036621094,451.6700134277344,39.81121063232422,283.61328125,174.0399932861328,939.3348999023438,162.48049926757812,254.962646484375,123.69042205810547,144.26837158203125,134.89730834960938,24.353328704833984,233.05999755859375,277.2379150390625,320.3728942871094,90.91999816894531,100.16999816894531,187.74118041992188,36.02366256713867,182.1199951171875,1037.9876708984375,167.14801025390625,43.31611633300781,117.07087707519531,222.75999450683594,76.38703155517578,337.4541931152344,188.50711059570312,266.7643737792969,174.5405731201172,42.134490966796875,104.37830352783203,34.34000015258789,90.1200180053711,137.19000244140625,7321.2099609375,175.13121032714844,448.79998779296875,26.84000015258789,289.119140625,202.0675048828125,213.6689910888672,470.7536315917969,141.3300018310547,350.93170166015625,55.150001525878906,30.639999389648438,89.5999984741211,114.13749694824219,16.799114227294922,114.83123779296875,309.81866455078125,18.360000610351562,684.0845336914062,112.26490783691406,18.780000686645508,221.0800018310547,312.0189208984375,97.70783996582031,191.41371154785156,505.57830810546875,71.43586730957031,80.18197631835938,352.34149169921875,46.2520637512207,87.70999908447266,4.369999885559082,54.15550994873047,630.7256469726562,95.36341094970703,174.6300048828125,173.87242126464844,145.6227569580078,153.7272491455078,342.15960693359375,606.6981811523438,56.277793884277344,330.60986328125,272.0,18.31999969482422,301.2200012207031,116.86392211914062
2026-01-06,313.9313659667969,120.58699035644531,59.43354415893555,311.8900146484375,153.6165008544922,185.72259521484375,103.20718383789062,157.97000122070312,220.31492614746094,187.0119171142578,55.91569900512695,353.55615234375,47.1135368347168,66.94449615478516,136.29554748535156,255.85853576660156,578.4755249023438,138.02000427246094,335.989990234375,254.19000244140625,95.5999984741211,40.040000915527344,149.52674865722656,161.16949462890625,125.12456512451172,1237.8499755859375,508.7699890136719,50.7599983215332,255.1650848388672,179.8539581298828,332.90625,206.5668182373047,10.3100004196167,434.3230895996094,148.80999755859375,312.1138610839844,86.12480163574219,250.55999755859375,774.4503173828125,325.4403991699219,9.729999542236328,886.6004638671875,107.29795837402344,381.30743408203125,78.44000244140625,108.72557830810547,2.0799999237060547,117.52999877929688,659.4437255859375,30.540000915527344,120.63629150390625,137.88536071777344,146.4199981689453,325.7471008300781,86.02999877929688,188.98248291015625,34.75,121.69999694824219,123.00958251953125,91.93000030517578,25.3799991607666,122.66000366210938,135.58714294433594,28.58106803894043,14.979999542236328,2.140000104904175,317.0299987792969,432.9599914550781,40.07707977294922,295.27423095703125,179.7100067138672,946.2974243164062,169.0623016357422,261.5690002441406,119.43782043457031,146.29344177246094,139.14137268066406,24.60489273071289,240.92999267578125,294.6444396972656,331.0201721191406,97.48999786376953,102.08999633789062,219.21791076660156,37.72916030883789,185.86000061035156,1060.441650390625,168.3608856201172,43.14799499511719,116.65330505371094,222.02999877929688,76.50554656982422,344.3114013671875,194.77008056640625,261.8734436035156,180.6189422607422,42.34170913696289,105.32899475097656,36.869998931884766,88.12245178222656,132.5800018310547,7239.72998046875,189.889404296875,468.3800048828125,28.34000015258789,329.6095886230469,202.542236328125,212.91342163085938,476.3885192871094,147.11000061035156,356.0146789550781,58.189998626708984,31.270000457763672,91.51000213623047,114.58000183105469,17.064207077026367,115.74549102783203,320.6064758300781,18.81999969482422,688.1529541015625,113.88846588134766,19.56999969482422,214.35000610351562,343.2857666015625,95.64928436279297,192.56663513183594,515.9256591796875,71.83373260498047,79.91575622558594,356.08599853515625,45.019065856933594,90.36000061035156,4.550000190734863,55.88737869262695,644.0199584960938,95.37330627441406,182.61000061035156,174.8719940185547,143.6543426513672,156.75144958496094,342.50830078125,605.9934692382812,56.63391876220703,338.46209716796875,268.7799987792969,18.299999237060547,314.6400146484375,119.88677215576172
2026-01-07,321.56146240234375,120.41767120361328,58.1417236328125,322.9700012207031,152.30152893066406,182.7945556640625,100.79901885986328,161.8300018310547,229.65171813964844,188.87962341308594,55.13248062133789,337.6522216796875,46.300209045410156,66.64846801757812,134.38291931152344,251.20635986328125,578.0568237304688,137.0399932861328,338.1000061035156,259.2699890136719,97.5999984741211,42.630001068115234,145.41452026367188,158.13551330566406,122.61229705810547,1224.1778564453125,519.7000122070312,49.779998779296875,258.6317138671875,181.2978057861328,325.3250732421875,202.69419860839844,10.079999923706055,431.32269287109375,150.89999389648438,307.4391784667969,84.89473724365234,245.92999267578125,810.084228515625,336.74609375,10.130000114440918,880.098876953125,107.03185272216797,375.99884033203125,80.0199966430664,107.5407485961914,2.130000114440918,116.5999984741211,647.5349731445312,30.010000228881836,116.79266357421875,136.0424041748047,146.80999755859375,317.04205322265625,84.08000183105469,184.3472442626953,34.689998626708984,116.97000122070312,119.1782455444336,91.44000244140625,25.209999084472656,120.97000122070312,134.3019256591797,28.030689239501953,15.270000457763672,2.1600000858306885,318.4800109863281,431.4100036621094,39.5256462097168,291.4736633300781,181.67999267578125,931.9861450195312,154.17349243164062,264.772705078125,116.91191101074219,146.17373657226562,135.61944580078125,24.459758758544922,241.55999755859375,299.2657470703125,320.780517578125,85.7300033569336,103.94000244140625,199.73231506347656,37.56059265136719,193.89999389648438,1104.3426513671875,163.84739685058594,41.901912689208984,116.41468048095703,231.16000366210938,75.66612243652344,337.13848876953125,191.7183837890625,259.8471984863281,178.3816375732422,41.31548309326172,102.92254638671875,36.54999923706055,84.53681945800781,130.0800018310547,7146.4501953125,183.5729522705078,484.1499938964844,28.93000030517578,307.50396728515625,205.21261596679688,216.7880096435547,481.3265075683594,150.13999938964844,341.140869140625,57.9900016784668,30.200000762939453,88.80999755859375,119.72750091552734,16.51438331604004,114.22175598144531,318.0166320800781,18.6200008392334,685.9347534179688,112.27487182617188,19.469999313354492,210.02000427246094,339.40740966796875,92.52696990966797,191.6621856689453,491.05047607421875,71.26677703857422,77.27325439453125,354.4129333496094,44.51601028442383,93.83999633789062,4.860000133514404,55.240413665771484,647.9505615234375,93.29546356201172,186.91000366210938,171.4635009765625,138.4947052001953,158.3081512451172,342.2392883300781,572.6475830078125,55.04124450683594,329.8236389160156,241.11000061035156,17.360000610351562,320.5400085449219,122.8404769897461
2026-01-08,325.0169372558594,122.42960357666016,57.903236389160156,286.25,156.27589416503906,182.6857452392578,103.76744842529297,166.97000122070312,220.51170349121094,184.81459045410156,55.41999053955078,321.6086730957031,47.1135368347168,68.45431518554688,136.69766235351562,253.61676025390625,578.2063598632812,138.66000366210938,339.0400085449219,225.2100067138672,97.5999984741211,41.11000061035156,153.06427001953125,159.32920837402344,123.39987182617188,1190.147216796875,514.489990234375,50.45000076293945,257.98974609375,185.6791534423828,328.11083984375,200.57823181152344,10.4399995803833,436.836669921875,146.19000244140625,323.2994079589844,85.82958984375,245.58999633789062,798.8544921875,325.3812561035156,10.520000457763672,912.73681640625,109.38734436035156,380.7308654785156,78.05000305175781,106.42561340332031,2.0399999618530273,115.47000122070312,644.9096069335938,29.899999618530273,122.63777923583984,139.48190307617188,141.25999450683594,316.37554931640625,83.08000183105469,185.7765350341797,35.43000030517578,115.38999938964844,117.61991119384766,104.04000091552734,25.25,121.5999984741211,135.05911254882812,28.648656845092773,15.130000114440918,2.140000104904175,344.9599914550781,435.79998779296875,39.8210563659668,280.93994140625,176.86000061035156,925.8555297851562,150.18453979492188,259.2110290527344,121.27305603027344,143.88931274414062,132.11949157714844,24.46943473815918,246.2899932861328,301.1557922363281,318.7027282714844,90.55999755859375,105.76000213623047,187.5413055419922,37.74898910522461,190.8000030517578,1081.52001953125,166.8994598388672,43.93915557861328,116.80243682861328,220.32000732421875,77.46347045898438,342.2197265625,192.67576599121094,258.55963134765625,180.04476928710938,41.433895111083984,108.48807525634766,34.7400016784668,83.34827423095703,123.72000122070312,7385.580078125,186.28140258789062,469.67999267578125,28.0,283.7723083496094,203.49169921875,216.75936889648438,475.9902648925781,145.8300018310547,346.8653564453125,56.400001525878906,29.280000686645508,89.22000122070312,115.96749877929688,17.005298614501953,115.33260345458984,323.6446228027344,19.6299991607666,685.8651123046875,112.62348937988281,19.670000076293945,204.67999267578125,326.8826599121094,97.23506164550781,188.49166870117188,512.3678588867188,70.90869903564453,78.37757873535156,350.7779846191406,45.91668701171875,93.93000030517578,4.699999809265137,53.96640396118164,649.542724609375,94.59164428710938,186.0,160.70831298828125,145.046142578125,156.78118896484375,331.2597351074219,586.3233642578125,55.575435638427734,339.3975830078125,246.25999450683594,18.299999237060547,318.79998779296875,119.20513916015625
2026-01-09,328.14288330078125,123.91366577148438,57.29707717895508,306.19000244140625,159.08248901367188,184.30804443359375,103.12854766845703,157.3300018310547,216.52708435058594,184.63479614257812,55.25144958496094,341.5309753417969,47.86735153198242,69.57926177978516,137.22731018066406,247.18905639648438,574.5526123046875,139.27000427246094,333.95001220703125,230.55999755859375,105.30999755859375,45.54999923706055,149.58621215820312,161.0799560546875,124.35692596435547,1269.4293212890625,525.1799926757812,49.45000076293945,260.4588317871094,190.329345703125,327.5138854980469,217.94515991210938,10.220000267028809,441.19818115234375,141.8000030517578,333.2542724609375,85.62294006347656,240.77999877929688,794.406494140625,321.4287109375,10.380000114440918,922.2799682617188,108.9339828491211,373.40411376953125,79.22000122070312,108.51648712158203,1.940000057220459,117.31999969482422,651.8970947265625,30.15999984741211,131.63943481445312,139.81698608398438,143.5399932861328,321.9666442871094,84.8499984741211,187.0966339111328,35.220001220703125,115.2699966430664,119.72415924072266,113.69999694824219,24.719999313354492,120.55000305175781,145.11045837402344,28.43623161315918,15.319999694824219,2.069999933242798,364.989990234375,445.010009765625,39.88014221191406,300.4313659667969,177.49000549316406,929.9656982421875,165.9110107421875,258.6239929199219,122.95040893554688,145.79466247558594,139.6400909423828,24.653270721435547,247.3800048828125,308.25103759765625,322.6097412109375,97.66999816894531,107.55999755859375,200.3118896484375,38.671146392822266,189.02000427246094,1059.96337890625,162.8134765625,44.70064926147461,117.2299575805664,216.72999572753906,78.26338195800781,339.3880310058594,200.91336059570312,258.8890075683594,175.99581909179688,41.94700241088867,118.09403991699219,35.31999969482422,83.1783676147461,122.88999938964844,7581.669921875,188.12001037597656,463.8599853515625,27.549999237060547,303.2643737792969,202.14663696289062,218.63475036621094,477.15509033203125,141.07000732421875,349.2834777832031,53.84000015258789,28.110000610351562,91.16999816894531,117.65249633789062,16.73038673400879,114.8214111328125,326.90185546875,18.559999465942383,690.4010009765625,114.07772827148438,20.510000228881836,203.1699981689453,344.9450988769531,96.04326629638672,197.82907104492188,536.5610961914062,71.9232406616211,78.77198028564453,348.3280944824219,46.03505325317383,92.2300033569336,4.659999847412109,56.265594482421875,644.9070434570312,94.93795013427734,187.6199951171875,163.50704956054688,156.35955810546875,155.97804260253906,343.70391845703125,614.1414794921875,55.24898147583008,351.58892822265625,238.66000366210938,18.09000015258789,327.30999755859375,119.62992095947266
2026-01-12,331.4285888671875,124.0232162475586,56.929405212402344,309.260009765625,159.3081817626953,184.5553436279297,103.63967895507812,162.22999572753906,216.4877166748047,184.71470642089844,54.81522750854492,334.89019775390625,48.12523651123047,69.56939697265625,138.64952087402344,231.31817626953125,565.3085327148438,138.50999450683594,327.6499938964844,234.25999450683594,102.5,44.060001373291016,164.7965087890625,162.31344604492188,128.03558349609375,1276.7535400390625,533.4199829101562,50.95000076293945,263.73779296875,193.5058135986328,322.8377990722656,219.9812774658203,10.649999618530273,440.7510986328125,142.63999938964844,338.12750244140625,85.35724639892578,242.97999572753906,765.9332885742188,320.876708984375,11.430000305175781,940.4287719726562,107.61333465576172,357.4782409667969,78.66000366210938,112.46923828125,2.009999990463257,115.29000091552734,640.826904296875,30.1200008392334,132.66506958007812,141.3839874267578,152.25999450683594,330.0647888183594,87.9000015258789,192.4068145751953,36.68000030517578,117.5199966430664,119.57527923583984,117.86000061035156,25.530000686645508,118.7300033569336,146.6775360107422,29.672168731689453,16.450000762939453,2.130000114440918,370.67999267578125,448.9599914550781,39.99829864501953,306.4762878417969,179.41000366210938,940.4342041015625,172.10389709472656,258.0867614746094,122.37812805175781,146.43310546875,142.44985961914062,24.450084686279297,246.47000122070312,297.98919677734375,327.1728515625,98.38999938964844,109.79000091552734,211.98324584960938,42.46885681152344,188.8800048828125,1077.3441162109375,165.00062561035156,44.65120315551758,116.87203216552734,216.6300048828125,79.18180847167969,335.9643859863281,206.05935668945312,259.76739501953125,167.5712432861328,42.016082763671875,119.7280502319336,38.040000915527344,82.84852600097656,123.41999816894531,7591.75,186.894287109375,460.5899963378906,33.689998626708984,320.6915283203125,207.41812133789062,214.63037109375,475.06439208984375,145.5500030517578,356.24169921875,55.29999923706055,28.799999237060547,99.08000183105469,116.74749755859375,17.339120864868164,114.73294067382812,322.0906982421875,19.200000762939453,691.4852294921875,117.50414276123047,19.719999313354492,207.69000244140625,345.7247619628906,94.0634994506836,203.96762084960938,544.78369140625,70.65009307861328,79.98477172851562,341.7851867675781,45.70954895019531,93.56999969482422,4.809999942779541,58.435401916503906,633.4823608398438,93.95838928222656,185.6300048828125,169.95419311523438,158.7753448486328,156.04745483398438,350.9173278808594,624.56201171875,54.59608840942383,355.9181213378906,237.8300018310547,18.899999618530273,325.510009765625,121.1117172241211
2026-01-13,335.5332336425781,123.71446228027344,56.20399856567383,298.2699890136719,160.80960083007812,180.78648376464844,106.19528198242188,172.99000549316406,217.186279296875,185.58364868164062,53.76432800292969,332.5669250488281,48.333526611328125,70.29962921142578,140.72886657714844,229.54261779785156,544.0550537109375,140.07000732421875,309.92999267578125,246.4199981689453,97.08999633789062,47.290000915527344,165.49014282226562,163.14903259277344,130.3983154296875,1265.722412109375,511.79998779296875,48.939998626708984,262.888427734375,198.23565673828125,309.3169860839844,213.9727325439453,10.949999809265137,440.0258483886719,138.19000244140625,338.68328857421875,86.15433502197266,252.69000244140625,756.86767578125,319.65447998046875,11.739999771118164,939.281982421875,106.69676208496094,355.8975830078125,78.33000183105469,114.1319808959961,2.130000114440918,114.41000366210938,629.96630859375,28.600000381469727,133.09326171875,142.15269470214844,149.35000610351562,329.5076599121094,86.58000183105469,192.63510131835938,36.369998931884766,120.23999786376953,118.77129364013672,119.72000122070312,24.469999313354492,112.31999969482422,148.53408813476562,28.85142707824707,16.75,2.0899999141693115,363.8599853515625,447.20001220703125,40.30355453491211,304.1121826171875,178.9600067138672,929.1437377929688,170.94708251953125,239.839599609375,124.85469818115234,146.1238555908203,143.8113555908203,24.33397674560547,242.60000610351562,288.6773376464844,330.43365478515625,92.72000122070312,108.91999816894531,213.8418731689453,41.328548431396484,190.85000610351562,1073.5469970703125,168.49012756347656,45.39291763305664,116.21583557128906,216.84500122070312,80.10022735595703,329.47216796875,209.9687042236328,260.5658874511719,163.63116455078125,42.282501220703125,122.12458801269531,40.220001220703125,83.00845336914062,129.92999267578125,7673.31982421875,186.3604736328125,454.6700134277344,34.54999923706055,317.65899658203125,211.3049774169922,211.57264709472656,468.5832824707031,146.99000549316406,358.5709533691406,56.18000030517578,28.81999969482422,100.23999786376953,117.00499725341797,16.73038673400879,115.40142059326172,321.70220947265625,17.56999969482422,690.1026000976562,119.88469696044922,19.229999542236328,220.97000122070312,337.9880065917969,95.0090560913086,201.5859375,551.760986328125,68.95918273925781,80.49749755859375,326.5283508300781,46.36056900024414,94.06999969482422,4.690000057220459,59.06245422363281,603.415283203125,92.57315826416016,178.3000030517578,172.6429901123047,159.90866088867188,155.41287231445312,353.3085021972656,620.7709350585938,53.95308303833008,354.28594970703125,241.36000061035156,18.520000457763672,323.05999755859375,120.28192138671875
2026-01-14,335.4034118652344,121.76228332519531,57.29707717895508,307.57000732421875,164.11666870117188,178.82785034179688,108.84917449951172,179.3300018310547,218.307861328125,182.91688537597656,53.68501663208008,329.426025390625,48.353363037109375,70.49698638916016,143.12208557128906,232.5283203125,545.8818969726562,132.7899932861328,304.44000244140625,238.3800048828125,95.97000122070312,48.720001220703125,168.3538360595703,163.40768432617188,132.73114013671875,1259.3048095703125,505.3399963378906,50.880001068115234,263.9451904296875,196.44329833984375,306.30242919921875,208.39334106445312,11.109999656677246,437.12481689453125,134.61000061035156,340.28125,87.01045989990234,255.86000061035156,752.110595703125,324.2575988769531,12.020000457763672,948.3065185546875,109.40705871582031,356.15606689453125,76.38999938964844,113.65406799316406,2.359999895095825,110.75,614.4240112304688,28.270000457763672,130.1756591796875,144.232177734375,150.5,325.4287414550781,91.80000305175781,197.35964965820312,36.130001068115234,119.66999816894531,117.8084945678711,121.5,25.719999313354492,107.8499984741211,144.65130615234375,28.803150177001953,17.309999465942383,2.2200000286102295,381.79998779296875,439.20001220703125,40.75651550292969,301.1396179199219,178.39999389648438,923.71630859375,168.50384521484375,238.35714721679688,128.4659423828125,144.3481903076172,143.0812225341797,24.750024795532227,236.64999389648438,276.41656494140625,329.200927734375,95.22000122070312,110.79000091552734,214.84112548828125,39.48423385620117,190.92999267578125,1069.660400390625,171.28369140625,46.45109558105469,115.96727752685547,214.27000427246094,81.20629119873047,330.4884338378906,203.5262451171875,259.4779052734375,162.88868713378906,42.598262786865234,120.21329498291016,40.029998779296875,81.16936492919922,125.08999633789062,7580.759765625,191.223876953125,449.5299987792969,35.40999984741211,311.51409912109375,216.15121459960938,206.48947143554688,457.34332275390625,143.97000122070312,361.23583984375,56.88999938964844,30.149999618530273,94.70999908447266,115.17500305175781,17.005298614501953,116.66956329345703,318.4349670410156,19.760000228881836,686.7106323242188,119.56596374511719,19.829999923706055,223.60000610351562,333.21002197265625,98.83069610595703,192.9361572265625,565.9923706054688,68.1236801147461,80.8327407836914,327.8130187988281,47.40614700317383,93.3499984741211,4.849999904632568,60.06772994995117,564.8544311523438,88.30862426757812,169.30999755859375,170.7838134765625,158.3677215576172,156.5233917236328,338.642578125,648.2019653320312,51.915252685546875,352.6538391113281,236.4499969482422,18.420000076293945,313.1700134277344,122.56387329101562
2026-01-15,332.347412109375,122.21048736572266,56.38286590576172,306.1000061035156,163.05685424804688,189.16502380371094,106.17562103271484,170.91000366210938,213.25083923339844,186.8221435546875,53.90312576293945,340.21478271484375,48.56165313720703,69.5496597290039,143.75961303710938,235.05775451660156,541.7191162109375,132.60000610351562,304.0899963378906,243.7899932861328,91.44999694824219,48.31999969482422,169.3744659423828,164.9097442626953,135.08387756347656,1326.9476318359375,508.19000244140625,47.560001373291016,262.6908874511719,199.5699920654297,307.68536376953125,217.05685424804688,10.65999984741211,437.1844177246094,131.1699981689453,337.8694763183594,87.3647232055664,239.27999877929688,739.9234619140625,325.3023986816406,11.869999885559082,954.060302734375,109.36763000488281,355.2712707519531,76.31999969482422,113.71381378173828,2.3499999046325684,116.0199966430664,619.694580078125,29.420000076293945,132.30657958984375,142.53704833984375,149.39999389648438,339.88409423828125,90.76000213623047,198.34228515625,35.36000061035156,110.3499984741211,118.77129364013672,124.55999755859375,24.700000762939453,107.45999908447266,148.76365661621094,28.397607803344727,16.56999969482422,2.0899999141693115,378.57000732421875,438.57000732421875,41.06177520751953,318.2868347167969,177.07000732421875,966.4916381835938,179.6829071044922,232.34771728515625,127.41020965576172,145.10635375976562,154.0988311767578,25.04996681213379,238.17999267578125,275.20928955078125,331.50732421875,101.25,112.83999633789062,221.93589782714844,39.751956939697266,187.72999572753906,1029.4765625,173.76910400390625,46.055511474609375,115.53976440429688,210.5800018310547,81.34454345703125,334.4350280761719,212.67137145996094,257.73114013671875,159.7703094482422,43.032440185546875,121.0649642944336,41.27000045776367,80.33978271484375,130.58999633789062,7623.009765625,186.94369506835938,438.9200134277344,32.04999923706055,319.53436279296875,217.16001892089844,206.7299041748047,454.6353759765625,145.3000030517578,363.89080810546875,54.209999084472656,28.719999313354492,98.6500015258789,113.75,17.23111915588379,116.8858413696289,324.52117919921875,19.5,688.5806884765625,118.72927856445312,18.899999618530273,227.9199981689453,336.4886474609375,97.44190216064453,189.18923950195312,571.12158203125,70.95843505859375,81.039794921875,326.39886474609375,46.9622688293457,91.94000244140625,4.639999866485596,59.8282585144043,552.8714599609375,88.02167510986328,168.57000732421875,172.46304321289062,160.05776977539062,155.6310272216797,341.76104736328125,649.660888671875,52.02406692504883,354.42529296875,243.63999938964844,18.260000228881836,320.6000061035156,119.7879867553711
2026-01-16,329.5710144042969,121.81208801269531,56.53192138671875,331.0299987792969,163.15496826171875,187.04812622070312,104.50856018066406,173.7100067138672,212.58636474609375,186.0031280517578,53.9725227355957,306.82147216796875,48.283931732177734,69.51018524169922,143.51441955566406,237.21023559570312,538.564453125,130.66000366210938,296.1199951171875,243.4199981689453,94.94999694824219,46.959999084472656,163.89479064941406,166.02386474609375,134.93435668945312,1353.8233642578125,516.3099975585938,50.79999923706055,264.2217102050781,196.64244079589844,310.8789978027344,222.5364227294922,11.359999656677246,436.1114196777344,127.30999755859375,343.86419677734375,87.4828109741211,241.14999389648438,731.0673217773438,325.6769714355469,12.5,960.9010620117188,107.25853729248047,362.647705078125,75.37999725341797,113.62419891357422,2.2100000381469727,113.48999786376953,619.1455688476562,32.63999938964844,129.67779541015625,142.43849182128906,149.52999877929688,340.64013671875,96.30000305175781,200.41673278808594,34.97999954223633,108.73999786376953,119.63482666015625,130.72000122070312,25.6200008392334,106.76000213623047,146.4080352783203,27.905162811279297,19.239999771118164,2.0299999713897705,392.8599853515625,437.5,41.563968658447266,326.1971740722656,170.9600067138672,952.7647094726562,166.140380859375,225.96022033691406,128.1600799560547,145.2659454345703,156.3789520263672,24.817752838134766,239.1199951171875,273.1312255859375,341.737060546875,115.7699966430664,116.44000244140625,221.3463134765625,41.556610107421875,187.66000366210938,1034.8883056640625,173.37144470214844,46.2137451171875,114.50575256347656,213.97999572753906,81.08777618408203,326.6010437011719,217.29876708984375,255.05613708496094,157.82008361816406,42.81535339355469,117.44044494628906,41.40999984741211,80.41974639892578,129.8300018310547,7561.5400390625,189.37539672851562,441.3599853515625,31.219999313354492,325.42987060546875,216.260009765625,203.6586456298828,457.8211669921875,141.64999389648438,364.0791015625,53.5099983215332,28.829999923706055,96.36000061035156,113.47000122070312,17.113300323486328,117.20042419433594,324.61083984375,21.579999923706055,688.0037231445312,119.22730255126953,20.190000534057617,231.8300018310547,362.5976867675781,96.7130355834961,190.4249267578125,575.6083374023438,70.05330657958984,82.45964050292969,326.94659423828125,47.04117965698242,89.55000305175781,4.670000076293945,58.58100509643555,543.6100463867188,87.44779205322266,164.4199981689453,176.85110473632812,155.0472869873047,154.4213409423828,350.4191589355469,661.8579711914062,52.39997863769531,356.1171569824219,243.72999572753906,18.229999542236328,317.45001220703125,123.3936767578125
2026-01-20,321.5814208984375,118.64476776123047,54.73331832885742,315.9200134277344,162.21290588378906,180.1336212158203,105.3917007446289,160.22999572753906,212.27890014648438,177.8530731201172,52.7431755065918,294.5470275878906,47.79792022705078,70.80289459228516,144.82872009277344,226.8743133544922,530.8277587890625,130.72999572753906,290.3699951171875,241.2100067138672,89.93000030517578,48.560001373291016,160.9121856689453,162.6715545654297,141.24490356445312,1321.4368896484375,510.9700012207031,50.65999984741211,254.98733520507812,208.20321655273438,301.19854736328125,221.98748779296875,10.369999885559082,430.339111328125,125.4000015258789,339.7651062011719,87.40408325195312,227.72999572753906,731.8053588867188,326.25848388671875,12.829999923706055,961.5492553710938,107.86957550048828,350.1217041015625,75.45999908447266,118.42326354980469,2.359999895095825,108.56999969482422,603.0443115234375,31.40999984741211,126.27229309082031,144.8727569580078,150.02000427246094,325.4784851074219,89.16000366210938,194.8981170654297,34.52000045776367,105.77999877929688,110.7273941040039,128.67999267578125,24.989999771118164,104.45999908447266,143.60324096679688,27.40306282043457,18.100000381469727,2.0199999809265137,330.8900146484375,419.25,40.76636505126953,317.4389953613281,168.52999877929688,934.3135986328125,156.37738037109375,218.9558563232422,128.72250366210938,141.49514770507812,148.23594665527344,24.691972732543945,231.0,267.19378662109375,335.6131286621094,112.44000244140625,115.80000305175781,222.80523681640625,41.784671783447266,184.05999755859375,1037.7685546875,173.4708709716797,45.93684005737305,112.81555938720703,206.32000732421875,81.33466339111328,333.912109375,205.5108642578125,246.2425079345703,152.52377319335938,42.391048431396484,114.04369354248047,41.650001525878906,79.76007843017578,127.5199966430664,7536.27978515625,187.40829467773438,442.0799865722656,30.96500015258789,325.1904602050781,215.81495666503906,200.11924743652344,452.5048828125,147.1699981689453,355.94287109375,52.61000061035156,27.040000915527344,96.27999877929688,110.68250274658203,17.290029525756836,117.52482604980469,312.61773681640625,21.190000534057617,673.9981689453125,118.24121856689453,19.0,231.9199981689453,364.84674072265625,94.08319091796875,179.29379272460938,569.31298828125,67.09918975830078,82.34132385253906,324.4768371582031,46.9524040222168,87.70999908447266,4.400000095367432,59.938018798828125,527.3204345703125,85.74594116210938,165.3800048828125,175.10186767578125,152.29348754882812,154.08421325683594,331.3793029785156,652.3305053710938,51.53934097290039,345.2991943359375,242.11000061035156,16.790000915527344,307.0,122.63301849365234
2026-01-21,327.953125,120.9156723022461,55.53821563720703,303.94000244140625,163.61619567871094,181.34043884277344,107.217529296875,163.80999755859375,214.3715362548828,183.09669494628906,53.000938415527344,293.52001953125,48.83938217163086,71.05946350097656,143.92636108398438,229.1458282470703,526.6649169921875,133.58999633789062,294.2300109863281,231.88999938964844,90.77999877929688,54.25,167.13504028320312,165.48670959472656,137.18739318847656,1355.3380126953125,521.9500122070312,48.33000183105469,259.8563537597656,204.4790802001953,300.50213623046875,227.95611572265625,10.5600004196167,436.4988708496094,125.30000305175781,345.2040710449219,87.72882843017578,226.92999267578125,747.3135375976562,338.67803955078125,14.029999732971191,980.096923828125,109.50560760498047,357.49810791015625,75.75,118.39339447021484,2.4200000762939453,110.95999908447266,611.8685913085938,32.2400016784668,129.4188995361328,143.9463653564453,162.27999877929688,324.44384765625,87.81999969482422,196.02963256835938,35.970001220703125,105.91999816894531,112.91063690185547,120.58999633789062,23.670000076293945,105.91999816894531,148.26458740234375,28.069311141967773,17.25,2.119999885559082,319.6300048828125,431.44000244140625,40.91407012939453,324.4315490722656,165.3300018310547,943.861083984375,159.5785369873047,220.45822143554688,131.83055114746094,143.46034240722656,151.6092529296875,25.04996681213379,231.30999755859375,274.8728332519531,335.98095703125,103.5,122.33000183105469,241.72125244140625,42.31019973754883,181.47000122070312,1074.87255859375,179.17733764648438,47.983970642089844,113.96886444091797,208.66000366210938,81.4136734008789,343.1076965332031,208.9514923095703,247.1907501220703,154.80068969726562,42.450252532958984,116.85615539550781,43.650001525878906,82.50870513916016,127.29000091552734,7796.75,192.17283630371094,461.1400146484375,31.1200008392334,343.3757629394531,215.6171417236328,205.5575408935547,442.1410217285156,152.47999572753906,361.50244140625,54.72999954223633,26.040000915527344,100.31999969482422,111.47000122070312,17.839855194091797,117.34788513183594,319.3115539550781,19.600000381469727,681.77685546875,118.8886489868164,19.75,249.8000030517578,388.94659423828125,95.68868255615234,173.2748260498047,579.3638305664062,68.58121490478516,82.67655944824219,323.9390563964844,48.08675765991211,88.94000244140625,4.610000133514404,60.4468994140625,523.3027954101562,85.21163940429688,172.6199951171875,181.3890838623047,157.1846923828125,156.9199981689453,327.5932312011719,659.1386108398438,51.50966262817383,354.60443115234375,243.72000122070312,17.81999969482422,313.8399963378906,127.54269409179688
2026-01-22,330.11029052734375,122.13080596923828,56.790287017822266,302.3699951171875,163.54750061035156,181.0733642578125,105.5008544921875,160.97999572753906,216.31541442871094,184.6148223876953,53.34793472290039,286.520263671875,49.11709976196289,70.92131042480469,141.6312255859375,233.17308044433594,531.9458618164062,133.8000030517578,299.7300109863281,230.02999877929688,90.93000030517578,54.31999969482422,175.5675811767578,164.63121032714844,143.25869750976562,1390.1260986328125,509.4700012207031,49.33000183105469,260.7748718261719,212.78370666503906,302.0840148925781,220.2807159423828,10.289999961853027,442.74810791015625,128.55999755859375,353.0845947265625,86.11497497558594,223.13999938964844,753.4768676757812,342.0982971191406,15.899999618530273,973.4257202148438,107.60347747802734,365.85870361328125,77.62000274658203,121.16131591796875,2.6700000762939453,110.4000015258789,646.476806640625,32.45000076293945,127.22822570800781,147.76034545898438,162.52000427246094,325.6874084472656,87.9800033569336,194.87826538085938,40.47999954223633,106.25,116.80857849121094,113.8499984741211,24.959999084472656,106.0199966430664,147.28640747070312,28.96729850769043,17.079999923706055,2.380000114440918,312.1199951171875,449.3599853515625,40.51034164428711,317.9975891113281,165.89999389648438,945.4853515625,159.91758728027344,226.9352569580078,131.8601531982422,144.5277557373047,149.6143798828125,25.25315284729004,234.33999633789062,282.5716857910156,332.0839538574219,116.37000274658203,121.87000274658203,243.11021423339844,43.48025131225586,182.27000427246094,1083.70263671875,179.21710205078125,48.77513122558594,115.57952880859375,208.30999755859375,81.24578094482422,349.7380065917969,205.7701416015625,247.8894500732422,156.21633911132812,42.14435958862305,113.59805297851562,45.150001525878906,83.05841827392578,138.41000366210938,7762.31005859375,192.74615478515625,467.3500061035156,34.2599983215332,345.6800842285156,216.0918731689453,205.0515594482422,449.1398620605469,153.9499969482422,362.54302978515625,60.810001373291016,27.43000030517578,105.18000030517578,113.44249725341797,17.86931037902832,115.71599578857422,320.417236328125,20.610000610351562,685.3379516601562,117.36469268798828,20.639999389648438,253.72999572753906,397.41302490234375,95.42273712158203,177.55984497070312,586.9539184570312,68.58121490478516,83.8794937133789,325.0146179199219,48.24458312988281,91.45999908447266,4.960000038146973,58.72069549560547,546.002685546875,87.11138153076172,173.8000030517578,181.0392303466797,154.8285675048828,156.94973754882812,324.2953796386719,665.3712158203125,51.88557434082031,348.9516296386719,239.67999267578125,18.760000228881836,317.0899963378906,129.54803466796875
2026-01-23,327.5036926269531,122.6387710571289,56.26361846923828,296.19000244140625,163.60638427734375,177.0670928955078,107.49537658691406,163.11000061035156,217.45594787597656,187.44137573242188,52.614288330078125,288.2253112792969,49.56344223022461,71.91797637939453,141.80776977539062,215.5464630126953,523.8397827148438,132.14999389648438,301.07000732421875,229.13999938964844,87.62999725341797,45.06999969482422,171.65353393554688,163.35794067382812,145.7111358642578,1384.18701171875,501.3900146484375,47.25,258.1181640625,213.63009643554688,296.2041015625,217.52597045898438,10.5,448.63958740234375,133.11000061035156,352.0722351074219,86.14449310302734,216.9499969482422,751.5221557617188,339.8115234375,14.630000114440918,980.48583984375,106.61791229248047,359.56591796875,81.63999938964844,123.76992797851562,2.5799999237060547,107.73999786376953,657.5870361328125,31.700000762939453,124.6292953491211,149.02780151367188,161.44000244140625,333.14886474609375,88.9000015258789,194.4713134765625,39.459999084472656,106.98999786376953,115.07394409179688,110.38999938964844,23.450000762939453,106.37999725341797,144.65130615234375,28.81280517578125,17.280000686645508,2.1600000858306885,307.75,449.05999755859375,40.61865997314453,321.57867431640625,169.60000610351562,910.0586547851562,159.67825317382812,226.8954620361328,133.17242431640625,144.73724365234375,150.88909912109375,25.233476638793945,239.16000366210938,283.1258544921875,329.2804260253906,113.56999969482422,124.04000091552734,236.21533203125,42.74649429321289,180.17999267578125,1060.6907958984375,180.5890350341797,48.60701370239258,116.28543090820312,209.6199951171875,81.87782287597656,351.5041198730469,207.18629455566406,247.58001708984375,154.2562255859375,41.99634552001953,110.75586700439453,42.939998626708984,80.18986511230469,136.33999633789062,7645.14990234375,191.08547973632812,468.4100036621094,31.559999465942383,345.2511291503906,217.7237548828125,202.96559143066406,463.8841857910156,150.27999877929688,360.0060119628906,55.52000045776367,25.6299991607666,105.0,113.12249755859375,17.888944625854492,115.44074249267578,318.45489501953125,20.030000686645508,685.5865478515625,117.26509094238281,19.770000457763672,259.67999267578125,399.482177734375,96.8706283569336,176.5434112548828,583.9000854492188,67.59651184082031,83.62312316894531,324.8353576660156,48.52077102661133,90.76000213623047,4.730000019073486,60.27727127075195,562.2324829101562,86.04277801513672,171.58999633789062,182.40863037109375,149.62916564941406,156.1466064453125,318.8753356933594,667.8621826171875,51.163429260253906,346.8517150878906,242.14999389648438,19.5,318.32000732421875,134.27989196777344
2026-01-26,332.8267822265625,121.83200073242188,56.24374771118164,281.70001220703125,164.371826171875,179.91598510742188,106.77099609375,160.5800018310547,218.9535369873047,186.2428436279297,52.95137023925781,284.4462585449219,49.622947692871094,71.60220336914062,143.0730438232422,218.40322875976562,526.4552612304688,133.38999938964844,304.7200012207031,232.22999572753906,82.30999755859375,42.4900016784668,169.8104705810547,163.51712036132812,147.4059295654297,1408.4119873046875,503.010009765625,43.369998931884766,259.3724060058594,214.4964141845703,299.5072021484375,222.44659423828125,9.979999542236328,452.0771484375,136.33999633789062,351.54620361328125,86.75460815429688,213.47999572753906,760.5977172851562,344.6807861328125,13.949999809265137,974.9215087890625,105.84918212890625,361.11676025390625,83.06999969482422,125.37294006347656,2.5199999809265137,107.76000213623047,671.1627807617188,30.799999237060547,124.5396728515625,148.3727569580078,156.0800018310547,330.9999694824219,80.4800033569336,192.68472290039062,39.41999816894531,107.0,115.57240295410156,111.31999969482422,21.760000228881836,106.86000061035156,143.67312622070312,28.754871368408203,16.229999542236328,2.059999942779541,302.6700134277344,435.20001220703125,40.58911895751953,318.6659240722656,167.47000122070312,922.9140625,158.3718719482422,228.23861694335938,133.0441436767578,145.72483825683594,153.90631103515625,25.459741592407227,238.4199981689453,290.0924377441406,330.334228515625,104.77999877929688,121.26000213623047,240.6720428466797,43.728145599365234,184.22000122070312,1059.156005859375,176.62234497070312,49.150936126708984,117.09075927734375,214.5500030517578,81.74943542480469,346.9457702636719,205.48092651367188,254.9363555908203,152.96925354003906,42.3022346496582,109.50808715820312,42.459999084472656,81.72908782958984,143.72000122070312,7664.47998046875,194.32772827148438,476.8399963378906,30.950000762939453,357.4112548828125,219.05894470214844,203.3151092529297,468.19500732421875,153.0,360.2735900878906,54.650001525878906,23.75,107.27999877929688,117.0824966430664,17.830036163330078,116.76787567138672,315.4665832519531,18.420000076293945,689.0680541992188,117.17544555664062,18.399999618530273,251.30999755859375,388.9266052246094,96.96912384033203,181.80503845214844,574.8473510742188,67.13896942138672,84.27389526367188,327.13580322265625,48.55036544799805,91.29000091552734,4.590000152587891,61.03559875488281,560.039306640625,87.12128448486328,173.1199951171875,181.14918518066406,149.12216186523438,156.76136779785156,323.6577453613281,655.9727172851562,51.460201263427734,346.6626281738281,242.97000122070312,20.010000228881836,322.0199890136719,136.10743713378906
2026-01-27,334.1150817871094,122.20052337646484,55.16060256958008,309.3900146484375,165.89288330078125,180.68756103515625,107.75336456298828,161.5800018310547,222.0875244140625,188.29034423828125,52.544891357421875,287.9262390136719,49.57335662841797,72.57913208007812,145.92724609375,215.35801696777344,519.5172119140625,132.22000122070312,297.4200134277344,247.52000427246094,85.2699966430664,43.93000030517578,171.14817810058594,164.1935272216797,148.9212646484375,1449.5079345703125,502.70001220703125,45.4900016784668,255.91571044921875,215.24322509765625,298.7809143066406,238.00698852539062,10.520000457763672,450.0901184082031,131.8000030517578,357.8387145996094,87.42375946044922,210.8300018310547,769.174560546875,346.2874450683594,14.829999923706055,967.5523071289062,106.3616714477539,357.33905029296875,81.70999908447266,126.44824981689453,2.569999933242798,104.04000091552734,671.7716674804688,31.200000762939453,123.3547134399414,147.23133850097656,157.63999938964844,336.60101318359375,87.0,199.781494140625,39.93000030517578,105.23999786376953,114.30632019042969,118.05999755859375,22.309999465942383,106.91000366210938,142.8047332763672,28.484508514404297,17.549999237060547,2.109999895095825,309.57000732421875,430.8999938964844,40.61865997314453,331.8829650878906,165.6999969482422,920.7946166992188,163.80682373046875,227.37303161621094,135.00765991210938,147.69004821777344,161.2174835205078,26.06967544555664,244.67999267578125,287.5492248535156,339.1920471191406,111.33999633789062,125.97000122070312,252.4733123779297,50.71870040893555,183.5,1035.99462890625,172.56617736816406,50.10032653808594,116.22578430175781,219.6699981689453,82.12470245361328,278.92608642578125,211.82366943359375,257.791015625,151.5041046142578,42.85482406616211,109.0030288696289,42.599998474121094,82.88851165771484,146.69000244140625,7499.759765625,194.36727905273438,474.1700134277344,30.700000762939453,370.84820556640625,221.9765625,205.1514892578125,478.4493103027344,152.08999633789062,363.3258972167969,54.2599983215332,24.690000534057617,105.91000366210938,119.16500091552734,17.633668899536133,118.2522964477539,312.7273254394531,20.290000915527344,691.8134765625,116.47821044921875,19.200000762939453,252.02999877929688,410.0677185058594,98.3677749633789,174.291259765625,587.9817504882812,65.78623962402344,85.93038177490234,323.9191589355469,48.994239807128906,91.45999908447266,4.599999904632568,62.73186492919922,543.7197875976562,87.7743148803711,174.1199951171875,189.12564086914062,147.7204132080078,154.1337890625,331.568603515625,673.6083984375,51.608585357666016,344.4233703613281,235.0500030517578,20.719999313354492,318.3699951171875,139.25872802734375
2026-01-28,335.57318115234375,121.28419494628906,53.73960876464844,337.760009765625,166.7564239501953,180.3710174560547,110.16464233398438,158.4499969482422,216.8708038330078,191.2866973876953,52.534976959228516,287.1185607910156,49.543601989746094,72.09559631347656,145.65260314941406,216.6475067138672,520.4755859375,131.5500030517578,299.5799865722656,257.29998779296875,94.38999938964844,48.779998779296875,174.06143188476562,163.27835083007812,155.82000732421875,1417.9486083984375,511.3500061035156,45.79999923706055,252.7256622314453,222.04425048828125,299.2385559082031,239.12486267089844,10.369999885559082,448.5700378417969,129.6199951171875,357.6004943847656,86.9218978881836,209.42999267578125,749.108642578125,337.3177795410156,13.819999694824219,958.0790405273438,105.35639953613281,354.89349365234375,82.08000183105469,131.37673950195312,2.380000114440918,104.91000366210938,667.5392456054688,31.209999084472656,122.74729919433594,146.2388153076172,157.6699981689453,340.5406799316406,88.56999969482422,197.9750518798828,40.470001220703125,103.4000015258789,116.95811462402344,112.66999816894531,22.010000228881836,102.80999755859375,144.72117614746094,28.22380256652832,17.549999237060547,2.059999942779541,306.94000244140625,431.4599914550781,40.22478103637695,335.9129333496094,157.35000610351562,927.8165283203125,165.1830291748047,226.80592346191406,135.74766540527344,148.86717224121094,162.3016815185547,25.440067291259766,243.00999450683594,288.55859375,345.2861633300781,121.2300033569336,134.08999633789062,279.49334716796875,53.534751892089844,183.74000549316406,1020.337646484375,172.1685028076172,48.33010482788086,116.07664489746094,213.9499969482422,81.295166015625,290.094970703125,215.71310424804688,255.96446228027344,151.16751098632812,42.75614547729492,109.71604919433594,42.0099983215332,83.57816314697266,150.14999389648438,7626.080078125,213.6824188232422,477.9100036621094,29.020000457763672,441.8436584472656,225.22056579589844,202.43692016601562,479.49468994140625,149.86000061035156,353.4752197265625,53.689998626708984,24.969999313354492,119.97000122070312,117.29750061035156,18.360225677490234,118.20314025878906,310.8546142578125,22.809999465942383,691.7438354492188,116.10967254638672,20.479999542236328,252.74000549316406,435.09722900390625,99.86489868164062,172.19857788085938,590.2745971679688,65.47791290283203,86.3445053100586,325.632080078125,49.36907196044922,90.73999786376953,4.46999979019165,63.490196228027344,537.0404052734375,87.10149383544922,174.8300018310547,193.67359924316406,149.29115295410156,153.00343322753906,332.0169372558594,683.9198608398438,51.25246047973633,347.9265441894531,249.41000366210938,21.40999984741211,320.489990234375,138.02389526367188
2026-01-29,337.810302734375,120.70650482177734,52.77571487426758,301.5,167.99290466308594,180.43035888671875,111.21648406982422,143.19000244140625,218.61631774902344,192.27548217773438,53.09016799926758,286.6199951171875,49.59319305419922,72.4607162475586,145.83895874023438,217.5402374267578,542.7971801757812,131.77000427246094,291.6499938964844,253.52999877929688,86.04000091552734,48.65999984741211,172.6642608642578,164.98931884765625,152.23106384277344,1450.0760498046875,480.0,43.2400016784668,252.85403442382812,214.59597778320312,304.8598327636719,247.6985321044922,9.859999656677246,452.0473327636719,116.7300033569336,353.3525390625,87.71897888183594,199.17999267578125,747.4232788085938,338.0274658203125,13.899999618530273,950.211181640625,106.77560424804688,356.3946228027344,81.51000213623047,126.37854766845703,2.369999885559082,103.94000244140625,736.995361328125,30.1200008392334,126.72039031982422,148.77967834472656,157.50999450683594,337.8048095703125,85.68000030517578,198.39190673828125,38.25,101.23999786376953,118.12450408935547,108.16000366210938,19.850000381469727,102.69999694824219,146.7973175048828,28.069311141967773,16.969999313354492,2.059999942779541,293.2200012207031,416.55999755859375,40.736820220947266,340.4915466308594,151.86000061035156,931.0947875976562,162.1314697265625,212.99618530273438,138.63864135742188,146.51290893554688,168.0378875732422,25.676170349121094,241.72999572753906,342.37139892578125,352.2948913574219,122.08999633789062,133.6699981689453,278.20428466796875,53.07862854003906,176.1999969482422,1020.676513671875,178.8592071533203,47.91474533081055,119.09911346435547,200.6300048828125,81.1075210571289,288.3880920410156,209.6096954345703,257.801025390625,150.6923370361328,42.75614547729492,110.15178680419922,41.58000183105469,81.29930114746094,148.14999389648438,7623.759765625,216.45021057128906,475.67999267578125,29.290000915527344,445.4747619628906,224.79527282714844,203.55555725097656,431.57806396484375,149.69000244140625,346.80572509765625,53.349998474121094,23.219999313354492,121.08000183105469,111.15499877929688,18.988595962524414,118.84212493896484,318.5246276855469,20.989999771118164,690.3711547851562,116.94635772705078,18.920000076293945,252.17999267578125,435.6070251464844,101.25369262695312,168.42176818847656,615.2189331054688,66.1841049194336,86.94597625732422,330.4321594238281,49.82281494140625,85.69000244140625,4.320000171661377,64.98690032958984,501.4304504394531,89.6839599609375,176.17999267578125,195.0130157470703,149.53970336914062,152.51759338378906,329.51617431640625,690.0928344726562,52.50879669189453,352.8826904296875,224.00999450683594,19.760000228881836,302.6700134277344,137.85595703125
2026-01-30,337.56060791015625,120.68659210205078,52.35835647583008,278.2799987792969,173.59625244140625,181.82289123535156,111.2660903930664,149.7100067138672,221.1750946044922,190.8971710205078,52.981109619140625,279.8695068359375,48.86913299560547,73.82250213623047,150.6842498779297,217.16331481933594,537.8656616210938,129.3699951171875,293.25,251.80999755859375,79.62000274658203,46.470001220703125,168.01693725585938,164.571533203125,131.46502685546875,1418.0283203125,465.1199951171875,39.97999954223633,269.1302490234375,189.69204711914062,304.33251953125,233.01649475097656,9.5,454.0045471191406,117.01000213623047,340.28125,87.88626861572266,194.74000549316406,739.4547729492188,336.982666015625,13.149999618530273,938.8876342773438,108.677734375,350.1018371582031,81.26000213623047,111.86189270019531,2.259999990463257,102.31999969482422,715.2241821289062,29.110000610351562,124.55958557128906,150.63571166992188,153.17999267578125,328.86102294921875,80.06999969482422,199.43409729003906,36.97999954223633,99.4800033569336,114.08699798583984,103.01000213623047,18.170000076293945,101.05000305175781,144.22210693359375,27.49962043762207,15.470000267028809,1.9900000095367432,278.3900146484375,430.4100036621094,40.79590606689453,321.5188293457031,146.58999633789062,926.4299926757812,157.91314697265625,211.21524047851562,139.51678466796875,143.5301971435547,142.4269256591797,26.010648727416992,239.3000030517578,321.2638854980469,349.3621520996094,111.20999908447266,123.38999938964844,250.04510498046875,51.41279602050781,176.97000122070312,1033.642578125,176.6820068359375,47.84552001953125,119.38744354248047,200.00999450683594,82.47035217285156,283.099609375,204.87257385253906,258.9988098144531,150.0686492919922,42.67720413208008,108.29000854492188,41.06999969482422,78.8805160522461,141.74000549316406,7635.72998046875,214.46031188964844,469.8999938964844,27.6200008392334,406.6900939941406,224.75572204589844,199.11764526367188,428.38232421875,144.80999755859375,347.9354553222656,49.959999084472656,21.219999313354492,117.08999633789062,110.35124969482422,18.379859924316406,119.2943344116211,314.0720520019531,18.989999771118164,688.3120727539062,118.66951751708984,17.479999542236328,236.72999572753906,414.7057800292969,102.66218566894531,164.00718688964844,626.791748046875,65.53758239746094,86.66988372802734,320.5032653808594,50.355464935302734,84.4800033569336,4.190000057220459,60.09766387939453,497.3829345703125,89.5355453491211,179.88999938964844,186.0969696044922,147.9689483642578,153.42982482910156,330.0840759277344,687.0261840820312,52.62750244140625,352.94244384765625,225.52000427246094,19.0,296.3599853515625,140.22682189941406
2026-02-02,343.2431945800781,121.48340606689453,52.0006217956543,267.2099914550781,170.77984619140625,184.110595703125,107.57476043701172,139.6300048828125,223.78346252441406,185.38389587402344,53.566043853759766,270.09783935546875,49.24604415893555,74.33563995361328,152.22413635253906,221.87498474121094,554.417236328125,131.30999755859375,293.3800048828125,268.489990234375,73.62000274658203,48.810001373291016,166.8575897216797,166.6505584716797,131.80398559570312,1436.35400390625,457.8900146484375,38.560001373291016,267.638916015625,190.01071166992188,306.5710754394531,237.04879760742188,9.119999885559082,457.1738586425781,118.0,337.6907958984375,86.78413391113281,187.86000061035156,752.9882202148438,339.7425231933594,13.0600004196167,966.9569091796875,111.73297882080078,350.7579345703125,81.29000091552734,112.3597183227539,2.059999942779541,107.3499984741211,705.152099609375,29.709999084472656,126.53118896484375,152.0450897216797,148.57000732421875,339.6054992675781,74.1500015258789,199.59291076660156,36.470001220703125,89.91000366210938,118.79244232177734,96.16000366210938,17.709999084472656,103.44999694824219,145.2102508544922,27.547901153564453,15.319999694824219,2.009999990463257,269.989990234375,421.80999755859375,40.33309555053711,327.5837097167969,147.75999450683594,937.2451782226562,153.8344268798828,209.74273681640625,136.55674743652344,144.9068145751953,140.6824188232422,26.227075576782227,242.9600067138672,330.5658264160156,357.335205078125,104.55000305175781,120.20999908447266,270.03033447265625,50.857521057128906,175.4199981689453,1040.5989990234375,179.903076171875,47.519161224365234,118.97980499267578,200.61000061035156,83.4480209350586,281.77752685546875,205.48092651367188,269.5093078613281,151.08831787109375,42.055545806884766,107.74534606933594,46.810001373291016,78.62065124511719,138.3699951171875,7718.3798828125,223.8724822998047,472.010009765625,27.920000076293945,431.8881530761719,228.21730041503906,203.91102600097656,421.49298095703125,141.1300048828125,343.25787353515625,51.310001373291016,20.969999313354492,115.5999984741211,109.7125015258789,18.065675735473633,117.4658432006836,318.0465087890625,17.84000015258789,691.7339477539062,123.5700912475586,16.479999542236328,246.27000427246094,437.61614990234375,100.25888061523438,159.50291442871094,628.5509033203125,68.71052551269531,85.12186431884766,332.4637756347656,49.36907196044922,88.12999725341797,4.179999828338623,60.62649917602539,485.6192932128906,91.29676818847656,179.08999633789062,189.92526245117188,148.8935089111328,154.37176513671875,329.8947448730469,679.8409423828125,53.44856643676758,354.6541748046875,230.5500030517578,18.190000534057617,289.19000244140625,141.15541076660156
2026-02-03,339.26837158203125,120.5073013305664,41.437530517578125,280.4700012207031,174.7149658203125,181.9322967529297,109.57919311523438,133.25999450683594,223.8032989501953,180.12030029296875,53.070335388183594,267.67486572265625,50.28750228881836,75.87504577636719,159.7274627685547,221.53773498535156,549.7752075195312,122.07499694824219,271.92999267578125,276.5199890136719,78.0,49.25,162.1607208251953,168.05316162109375,136.35995483398438,1391.0030517578125,419.1400146484375,38.470001220703125,274.522705078125,196.51300048828125,313.24688720703125,229.66287231445312,9.050000190734863,460.56170654296875,109.7699966430664,348.9359130859375,88.69319915771484,179.66000366210938,757.1370239257812,333.7397766113281,13.050000190734863,976.5030517578125,114.16730499267578,347.57672119140625,79.30000305175781,116.6310806274414,2.0399999618530273,110.86000061035156,690.4683227539062,29.670000076293945,129.90682983398438,154.1591796875,144.86000061035156,334.0243225097656,81.2699966430664,201.98497009277344,37.279998779296875,87.06999969482422,116.78864288330078,103.37000274658203,18.209999084472656,103.31999969482422,146.18844604492188,27.07476806640625,15.34000015258789,2.059999942779541,285.4100036621094,421.9599914550781,40.18539810180664,317.8778991699219,157.8800048828125,929.9755859375,152.57791137695312,195.38580322265625,141.81576538085938,141.73455810546875,135.20553588867188,25.351530075073242,238.6199951171875,322.88677978515625,360.4071044921875,115.76000213623047,126.1500015258789,290.0255126953125,52.25563049316406,166.24000549316406,1000.0664672851562,185.4107208251953,49.210269927978516,117.0609359741211,188.0500030517578,84.80096435546875,280.3863220214844,210.3078155517578,268.98028564453125,145.70291137695312,42.66733932495117,111.43917846679688,46.31999969482422,75.50220489501953,139.38999938964844,7770.85986328125,224.0714874267578,465.6099853515625,27.889999389648438,443.3599548339844,230.54151916503906,184.89791870117188,409.3868713378906,135.42999267578125,352.1175231933594,52.0,21.399999618530273,119.8499984741211,105.43250274658203,17.672943115234375,119.60891723632812,317.1799011230469,19.610000610351562,685.885009765625,127.20567321777344,17.8799991607666,242.11000061035156,419.2638854980469,103.33195495605469,154.13168334960938,620.9015502929688,70.06324768066406,87.57701873779297,327.57403564453125,50.9670295715332,82.30999755859375,4.099999904632568,64.52790832519531,432.7526550292969,91.33634185791016,176.75999450683594,190.06520080566406,152.92974853515625,152.7952423095703,319.1543273925781,699.6500244140625,53.864051818847656,357.91851806640625,239.0399932861328,18.469999313354492,268.5,141.54067993164062
2026-02-04,332.6070861816406,119.62085723876953,40.77174758911133,251.42999267578125,177.84539794921875,179.11741638183594,113.7865219116211,129.08999633789062,215.32363891601562,173.97779846191406,53.496646881103516,249.73680114746094,51.46781921386719,76.32897186279297,162.99359130859375,223.64064025878906,552.5704345703125,124.61000061035156,279.7099914550781,253.5,68.2300033569336,48.599998474121094,157.6917724609375,168.5008087158203,139.79934692382812,1334.4512939453125,418.9800109863281,35.34000015258789,283.0459899902344,197.69793701171875,315.654541015625,209.38145446777344,8.279999732971191,470.25836181640625,111.06999969482422,336.5295715332031,88.85065460205078,168.6199951171875,772.9743041992188,360.95428466796875,12.359999656677246,976.9324340820312,116.6213607788086,351.593017578125,81.12000274658203,116.34234619140625,1.9500000476837158,109.4800033569336,667.7987670898438,33.7599983215332,133.99940490722656,155.6975860595703,137.9499969482422,324.0657958984375,73.11000061035156,195.27529907226562,51.66999816894531,80.62000274658203,121.66355895996094,91.33000183105469,17.190000534057617,102.12999725341797,150.20098876953125,26.601634979248047,14.140000343322754,1.9500000476837158,257.29998779296875,406.010009765625,40.825443267822266,296.8602600097656,139.5399932861328,904.5322265625,142.12681579589844,198.4302978515625,145.6243438720703,137.7841796875,130.38595581054688,26.345129013061523,232.99000549316406,325.2221374511719,362.8626403808594,103.5,114.81999969482422,269.2109375,51.04591751098633,166.72000122070312,1103.3758544921875,188.84056091308594,50.7827033996582,116.12635803222656,185.7899932861328,85.90702056884766,272.2366027832031,189.5841827392578,275.97723388671875,147.395751953125,42.50946044921875,114.66209411621094,48.119998931884766,73.693115234375,130.27999877929688,8025.83984375,221.79306030273438,470.5199890136719,26.950000762939453,417.603271484375,231.89646911621094,183.40469360351562,412.3536682128906,134.19000244140625,350.1949768066406,50.16999816894531,20.110000610351562,116.72000122070312,103.83999633789062,17.98712921142578,120.1397705078125,323.2959899902344,16.610000610351562,682.5626831054688,127.4945297241211,16.200000762939453,200.19000244140625,379.2406921386719,105.97164154052734,146.15951538085938,595.7003173828125,70.48100280761719,88.71092224121094,328.5898132324219,52.11125183105469,83.41999816894531,3.9000000953674316,61.72408676147461,444.26708984375,92.1575927734375,185.4499969482422,182.4785919189453,157.29405212402344,154.70889282226562,306.91937255859375,684.53515625,54.78404235839844,367.1441345214844,238.05999755859375,20.729999542236328,271.4200134277344,144.45486450195312
2026-02-05,330.81939697265625,117.04119110107422,39.648860931396484,242.08999633789062,175.8827362060547,174.90008544921875,111.62332153320312,106.98999786376953,217.21792602539062,171.6706085205078,52.832401275634766,246.34661865234375,50.08912658691406,77.47366333007812,164.31771850585938,215.179443359375,550.9432373046875,121.2699966430664,269.3900146484375,252.97999572753906,62.13999938964844,48.2400016784668,156.32432556152344,167.4861602783203,130.49801635742188,1345.4427490234375,410.44000244140625,30.43000030517578,279.9942321777344,188.64649963378906,308.5807800292969,212.90475463867188,6.730000019073486,456.7068786621094,102.62999725341797,339.6559753417969,89.62805938720703,146.1199951171875,764.5670166015625,362.5313415527344,11.09000015258789,987.8565673828125,118.0208511352539,352.53741455078125,78.93000030517578,108.05848693847656,1.7200000286102295,106.08999633789062,669.0166015625,30.850000381469727,133.48159790039062,157.42459106445312,138.9600067138672,329.0301513671875,66.31999969482422,194.5110321044922,47.27000045776367,72.68000030517578,115.03406524658203,85.25,14.975000381469727,101.5199966430664,150.32077026367188,26.379552841186523,12.0600004196167,1.6649999618530273,236.8800048828125,397.2099914550781,40.59896469116211,303.2343444824219,130.00999450683594,881.8619995117188,142.67530822753906,189.0082550048828,144.13446044921875,135.3002471923828,132.7608184814453,26.059837341308594,222.69000244140625,322.6888427734375,352.5931396484375,93.2699966430664,109.27999877929688,259.99774169921875,49.925445556640625,154.77000427246094,1017.3876953125,185.4107208251953,48.96303176879883,115.53976440429688,169.38999938964844,85.837890625,264.9649963378906,186.9114532470703,275.3983459472656,134.93211364746094,42.52919006347656,114.7615737915039,47.099998474121094,74.17286682128906,128.6699981689453,8044.7900390625,222.8477020263672,458.80999755859375,24.729999542236328,404.4555969238281,235.18002319335938,176.88758850097656,391.9246520996094,133.61000061035156,348.8868103027344,45.880001068115234,17.209999084472656,114.44000244140625,94.29000091552734,18.085311889648438,121.31945037841797,325.1786193847656,14.789999961853027,674.0379638671875,126.438720703125,14.84000015258789,192.5,382.729248046875,103.4009017944336,136.00498962402344,602.0450439453125,69.40677642822266,87.96155548095703,327.773193359375,51.49968719482422,82.1500015258789,3.559999942779541,59.08988571166992,433.57012939453125,91.03951263427734,185.36000061035156,177.6707305908203,157.65296936035156,153.52896118164062,309.3703918457031,691.234130859375,54.34877395629883,359.3117980957031,234.36000061035156,18.969999313354492,270.1400146484375,147.55674743652344
2026-02-06,322.4402770996094,117.51927185058594,40.165584564208984,263.4700012207031,177.48231506347656,178.99806213378906,112.8239974975586,134.92999267578125,221.5916290283203,185.1841278076172,53.794071197509766,260.6651611328125,51.09090805053711,77.98680114746094,167.22096252441406,220.99217224121094,547.798583984375,122.18000030517578,268.3800048828125,271.32000732421875,71.0999984741211,50.59000015258789,161.03109741210938,172.27090454101562,135.56240844726562,1408.0731201171875,426.8800048828125,34.9900016784668,279.6189270019531,195.7661895751953,320.7584533691406,230.57113647460938,8.239999771118164,445.3311767578125,100.73999786376953,347.0402526855469,88.64400482177734,165.1199951171875,783.3961791992188,378.814697265625,12.279999732971191,999.7093505859375,120.16937255859375,357.0408020019531,82.76000213623047,114.8189926147461,1.8200000524520874,115.91000366210938,660.2822265625,34.380001068115234,134.51719665527344,157.9803924560547,145.92999267578125,347.0570373535156,72.31999969482422,197.18099975585938,49.79999923706055,82.81999969482422,120.6766128540039,94.41000366210938,17.709999084472656,105.2300033569336,152.9958038330078,27.103734970092773,14.449999809265137,1.8200000524520874,257.20001220703125,411.1099853515625,41.34733581542969,321.7083435058594,135.89999389648438,919.8339233398438,149.2371368408203,190.3812713623047,147.06491088867188,140.786865234375,143.92404174804688,26.777982711791992,210.32000732421875,344.3703308105469,371.6309814453125,101.79000091552734,113.62999725341797,282.37115478515625,54.853538513183594,159.32000732421875,1054.6014404296875,191.71368408203125,50.139888763427734,115.09235382080078,167.3300018310547,86.84519958496094,272.95684814453125,196.6549530029297,277.6042175292969,135.961669921875,42.77587890625,113.41868591308594,49.2400016784668,80.23983001708984,137.49000549316406,8009.83984375,220.32054138183594,477.9200134277344,26.520000457763672,428.26702880859375,237.35589599609375,177.43495178222656,399.3615417480469,119.72000122070312,356.83477783203125,48.7400016784668,20.719999313354492,121.37000274658203,98.875,18.370040893554688,119.79569244384766,331.942138671875,17.520000457763672,686.96923828125,130.66197204589844,17.530000686645508,208.44000244140625,394.5242614746094,106.00119018554688,142.32293701171875,616.2764282226562,74.94698333740234,88.2179183959961,330.21307373046875,52.52553939819336,86.73999786376953,3.9800000190734863,60.53669738769531,442.40283203125,93.4358139038086,201.17999267578125,195.49278259277344,155.798583984375,156.37466430664062,331.6981506347656,703.748779296875,55.92166519165039,360.247314453125,218.72999572753906,19.93000030517578,283.5199890136719,150.64874267578125
2026-02-09,323.8984069824219,117.0810317993164,40.890995025634766,276.239990234375,179.1898193359375,181.3752899169922,112.99269104003906,138.44000244140625,221.42303466796875,189.80848693847656,53.4768180847168,271.3641662597656,51.75545883178711,76.94078826904297,163.27804565429688,220.96240234375,534.41162109375,121.30999755859375,266.8999938964844,289.67999267578125,75.05000305175781,50.2400016784668,161.51663208007812,172.7881622314453,142.34152221679688,1424.49560546875,438.8999938964844,35.47999954223633,282.8287353515625,208.9500274658203,320.4599914550781,228.84442138671875,8.0600004196167,453.3786315917969,103.87000274658203,347.97320556640625,87.95515441894531,167.25,778.1802368164062,370.4364929199219,12.489999771118164,996.1445922851562,115.95117950439453,357.5478210449219,85.93000030517578,120.20549011230469,1.840000033378601,116.19999694824219,676.0140991210938,33.529998779296875,131.8087158203125,156.15415954589844,146.97000122070312,353.5832824707031,75.83999633789062,194.72938537597656,50.29999923706055,86.55999755859375,120.53704833984375,98.80999755859375,17.59000015258789,105.56999969482422,151.97769165039062,27.045801162719727,14.970000267028809,1.809999942779541,274.3500061035156,417.32000732421875,41.60335159301758,329.748291015625,142.91000366210938,934.5612182617188,152.54798889160156,193.04769897460938,149.19615173339844,143.00148010253906,143.64578247070312,26.610742568969727,208.72000122070312,344.4000244140625,374.8520202636719,102.12000274658203,120.68000030517578,285.7786560058594,63.59916687011719,166.0,1041.1370849609375,191.95228576660156,49.98165512084961,116.20588684082031,170.17999267578125,86.34154510498047,272.01953125,202.4491729736328,274.3672180175781,137.53570556640625,42.90415954589844,113.47837829589844,47.470001220703125,82.30879974365234,141.74000549316406,7882.25,217.66404724121094,470.8699951171875,27.280000686645508,423.9576416015625,236.0207061767578,168.67221069335938,411.76629638671875,117.25,356.864501953125,49.70000076293945,21.209999084472656,121.87000274658203,102.01000213623047,18.350406646728516,119.65806579589844,329.9200439453125,19.450000762939453,690.2816772460938,128.51051330566406,17.68000030517578,216.0,383.3389587402344,107.06494140625,156.0449981689453,630.8140869140625,74.59886169433594,88.227783203125,324.2378234863281,52.91023254394531,88.18000030517578,3.9800000190734863,63.47024154663086,436.15216064453125,94.07217407226562,193.80999755859375,201.90992736816406,153.0369415283203,154.99644470214844,342.67767333984375,692.74267578125,55.802955627441406,358.8739013671875,222.1300048828125,20.40999984741211,291.0,149.8386993408203
2026-02-10,318.16583251953125,117.85791778564453,41.22885513305664,264.989990234375,178.8561553955078,176.9391326904297,111.83170318603516,133.0,220.6097869873047,188.31031799316406,53.09016799926758,270.3570861816406,52.47951889038086,75.79609680175781,163.76846313476562,218.15524291992188,539.4629516601562,120.31999969482422,264.6700134277344,298.70001220703125,69.47000122070312,47.130001068115234,164.99468994140625,172.99708557128906,144.15594482421875,1410.5390625,437.45001220703125,35.189998626708984,287.17431640625,210.9913330078125,316.659423828125,226.1794891357422,7.659999847412109,457.5216064453125,106.4800033569336,342.4945068359375,89.27379608154297,162.50999450683594,752.8784790039062,359.4264831542969,11.90999984741211,969.82275390625,115.4583969116211,361.0670471191406,85.52999877929688,121.00200653076172,1.809999942779541,116.36000061035156,669.5256958007812,33.33000183105469,136.74769592285156,157.8910675048828,147.66000366210938,360.0498962402344,72.02999877929688,193.73683166503906,50.25,85.5999984741211,125.6213150024414,93.4800033569336,16.969999313354492,105.43000030517578,160.9709930419922,27.374095916748047,14.829999923706055,1.7799999713897705,263.260009765625,425.2099914550781,42.184326171875,328.2520446777344,139.50999450683594,939.879638671875,159.15969848632812,192.4706268310547,149.57107543945312,142.20343017578125,142.71615600585938,27.161649703979492,206.9600067138672,343.6776123046875,375.2596130371094,96.2699966430664,118.08999633789062,262.365966796875,62.06223678588867,165.50999450683594,1021.5336303710938,190.86865234375,49.76408386230469,116.90185546875,174.33999633789062,86.06503295898438,269.5726623535156,199.28778076171875,273.4280700683594,138.68406677246094,43.6146240234375,118.77032470703125,49.060001373291016,81.9689712524414,143.4499969482422,8094.27978515625,219.80316162109375,463.4800109863281,26.950000762939453,395.2582092285156,235.73388671875,170.42739868164062,411.437744140625,119.31999969482422,355.60589599609375,48.83000183105469,20.440000534057617,117.94000244140625,103.34750366210938,18.14422035217285,121.54553985595703,357.95050048828125,18.6200008392334,688.4613037109375,126.19966888427734,16.739999771118164,213.57000732421875,373.09326171875,105.88299560546875,159.33351135253906,622.1864013671875,74.0617446899414,89.55888366699219,327.4910888671875,52.85104751586914,88.44999694824219,3.8499999046325684,63.12100601196289,420.091796875,91.38752746582031,188.99000549316406,199.53097534179688,161.7904510498047,154.0148162841797,339.1905212402344,679.8211059570312,54.79393768310547,362.9045104980469,226.24000549316406,20.65999984741211,299.0,145.44271850585938
2026-02-11,310.55572509765625,117.29019927978516,40.2053337097168,210.16000366210938,182.3496856689453,175.73558044433594,117.30917358398438,126.06999969482422,219.07254028320312,189.8184814453125,52.28712463378906,276.05059814453125,53.183738708496094,77.56246948242188,165.9066619873047,212.6599578857422,536.5379638671875,119.55000305175781,257.1600036621094,297.25,66.2300033569336,48.290000915527344,162.8246307373047,173.92218017578125,148.65208435058594,1432.5010986328125,438.2099914550781,33.61000061035156,289.5150451660156,216.26885986328125,309.2374267578125,234.67332458496094,7.559999942779541,464.4761657714844,100.58000183105469,337.74041748046875,89.41156768798828,153.1999969482422,776.8737182617188,361.3288269042969,12.0,976.7227783203125,117.58719635009766,351.9309997558594,87.81999969482422,124.05867004394531,1.840000033378601,113.94000244140625,667.4993286132812,32.040000915527344,138.72926330566406,158.80419921875,145.1199951171875,372.1672668457031,69.62000274658203,195.04701232910156,48.22999954223633,77.97000122070312,123.77702331542969,87.77999877929688,16.43000030517578,104.56999969482422,161.17062377929688,27.296850204467773,14.800000190734863,1.7699999809265137,243.4199981689453,428.2699890136719,42.144935607910156,339.03515625,135.67999267578125,935.5219116210938,159.70816040039062,184.0634002685547,153.4882049560547,142.62240600585938,147.56964111328125,27.279701232910156,204.0800018310547,330.2689514160156,393.77056884765625,96.91999816894531,119.18000030517578,273.5377197265625,62.339874267578125,165.3000030517578,1011.7767333984375,193.28445434570312,51.291080474853516,116.06670379638672,171.0,87.29946899414062,275.18670654296875,197.9613800048828,275.24639892578125,139.62452697753906,43.99946212768555,120.35193634033203,49.63999938964844,81.29930114746094,140.66000366210938,8097.25,225.41465759277344,461.239990234375,25.989999771118164,406.2511901855469,238.21633911132812,171.6734161376953,402.57720947265625,116.37999725341797,343.2281188964844,48.31999969482422,19.639999389648438,119.9000015258789,103.95249938964844,18.4976806640625,123.07911682128906,357.3528137207031,17.040000915527344,688.3021850585938,128.26148986816406,15.569999694824219,213.5800018310547,410.1676940917969,109.53719329833984,156.61302185058594,621.33642578125,71.03800201416016,90.08146667480469,328.558837890625,54.231998443603516,88.18000030517578,3.7100000381469727,65.31617736816406,398.4586486816406,88.44434356689453,191.1999969482422,248.39918518066406,163.355712890625,154.92701721191406,341.50201416015625,673.69775390625,53.270503997802734,365.2134094238281,227.74000549316406,19.15999984741211,299.6499938964844,153.90869140625
2026-02-12,308.59832763671875,115.66669464111328,38.83402633666992,185.1999969482422,178.99354553222656,167.1616668701172,116.94202423095703,123.0,225.62815856933594,186.7122802734375,51.24613952636719,275.32269287109375,52.40017318725586,77.95719146728516,163.99403381347656,205.22047424316406,526.5551147460938,115.95999908447266,262.5,292.9599914550781,63.91999816894531,46.47999954223633,157.28549194335938,171.84315490722656,138.74261474609375,1403.8038330078125,423.3500061035156,31.299999237060547,287.8952941894531,204.33966064453125,301.09906005859375,230.85060119628906,7.25,469.7914123535156,103.29000091552734,337.3533630371094,91.08445739746094,141.08999633789062,781.5411987304688,360.95428466796875,11.619999885559082,997.4127197265625,117.5182113647461,340.8663635253906,84.26000213623047,117.60682678222656,1.840000033378601,109.30000305175781,648.6529541015625,30.43000030517578,138.3010711669922,160.00515747070312,138.3800048828125,366.2080993652344,66.01000213623047,199.6425323486328,44.13999938964844,71.12000274658203,112.47199249267578,87.05000305175781,14.989999771118164,100.22000122070312,162.30850219726562,26.572668075561523,14.199999809265137,1.6799999475479126,235.1199951171875,417.07000732421875,42.2138671875,327.57373046875,129.1300048828125,895.8662109375,162.65005493164062,184.49122619628906,148.91920471191406,138.87155151367188,144.71202087402344,27.023921966552734,199.60000610351562,329.328857421875,388.0442810058594,82.22000122070312,116.38999938964844,283.89007568359375,57.213470458984375,162.80999755859375,1034.7587890625,187.70721435546875,50.375877380371094,113.97881317138672,170.89999389648438,88.0993881225586,280.57379150390625,196.36573791503906,261.4891052246094,137.08033752441406,44.650718688964844,120.19277954101562,47.65999984741211,78.19086456298828,135.1199951171875,8096.16015625,221.87265014648438,465.0199890136719,26.93000030517578,430.1125183105469,241.8658447265625,165.56912231445312,400.05841064453125,114.44000244140625,337.6883850097656,48.93000030517578,18.81999969482422,114.23999786376953,102.88500213623047,17.407848358154297,123.97370147705078,353.6971130371094,15.720000267028809,677.668701171875,133.1122589111328,13.989999771118164,205.94000244140625,413.7961730957031,109.16290283203125,155.9353790283203,629.9641723632812,69.1282730102539,90.64349365234375,323.50933837890625,53.245601654052734,84.91000366210938,3.5799999237060547,61.903690338134766,396.73394775390625,85.79946899414062,195.5,236.40452575683594,164.09347534179688,154.67913818359375,329.9545593261719,689.8050537109375,51.95481872558594,370.81646728515625,220.4499969482422,18.200000762939453,288.3299865722656,149.96713256835938
2026-02-13,305.32257080078125,115.71649932861328,40.03640365600586,199.19000244140625,180.30853271484375,170.2351531982422,119.79984283447266,133.8800048828125,229.59524536132812,182.58731079101562,51.206485748291016,287.59716796875,52.87626647949219,77.64141845703125,162.75820922851562,205.69659423828125,517.470703125,121.3499984741211,263.9700012207031,303.9200134277344,65.69000244140625,46.790000915527344,154.3127899169922,173.25570678710938,145.45193481445312,1403.5443115234375,437.0899963378906,34.11000061035156,276.2807312011719,215.67140197753906,301.0094909667969,235.08253479003906,7.920000076293945,477.87860107421875,107.08000183105469,342.9114074707031,93.43636322021484,164.32000732421875,801.0086669921875,366.4229736328125,11.869999885559082,1017.0042724609375,119.6568832397461,335.5179748535156,85.55999755859375,125.25345611572266,1.7100000381469727,109.29000091552734,638.630859375,30.540000915527344,141.95550537109375,158.87368774414062,137.00999450683594,364.4770202636719,67.44000244140625,198.57057189941406,43.4900016784668,75.97000122070312,117.1275863647461,89.05999755859375,16.09000015258789,100.27999877929688,165.81198120117188,26.205747604370117,15.220000267028809,1.7599999904632568,243.8699951171875,417.44000244140625,42.834224700927734,354.0278015136719,131.41000366210938,896.4506225585938,171.01690673828125,188.759521484375,147.44918823242188,139.22068786621094,146.03660583496094,27.132137298583984,198.7899932861328,316.27642822265625,386.97064208984375,82.51000213623047,112.9000015258789,281.3719177246094,60.39640426635742,166.9499969482422,1038.2127685546875,182.15980529785156,50.12717819213867,113.91915893554688,177.72000122070312,88.3956527709961,289.2760314941406,199.85623168945312,255.5445556640625,139.28794860839844,45.8841667175293,121.6351318359375,49.11000061035156,78.57067108154297,141.58999633789062,7507.43017578125,225.0166778564453,491.4700012207031,27.920000076293945,424.9451904296875,240.7779083251953,164.8326416015625,399.5407409667969,116.80999755859375,344.5164489746094,53.06999969482422,19.670000076293945,116.44000244140625,107.41000366210938,17.23111915588379,127.10166931152344,352.5117492675781,16.1299991607666,678.1461181640625,133.36126708984375,14.3100004196167,207.32000732421875,411.4871520996094,109.75387573242188,159.5826416015625,644.936767578125,68.63095092773438,92.48731994628906,313.4302062988281,53.61056900024414,87.26000213623047,3.490000009536743,62.70193099975586,398.1695251464844,86.48554992675781,196.52000427246094,234.4254150390625,167.2738494873047,156.3350067138672,323.9765930175781,697.2582397460938,51.9844970703125,367.12420654296875,225.64999389648438,19.09000015258789,299.4599914550781,153.09864807128906
2026-02-17,301.6273498535156,115.57705688476562,40.553131103515625,199.35000610351562,178.91131591796875,170.62306213378906,118.82738494873047,128.6699981689453,230.94406127929688,184.7446746826172,51.75175857543945,302.13507080078125,52.2712287902832,78.50979614257812,158.81529235839844,205.07168579101562,521.0346069335938,124.2300033569336,260.45001220703125,302.3299865722656,67.63999938964844,46.18000030517578,154.01551818847656,174.16091918945312,141.89291381835938,1416.6856689453125,421.95001220703125,33.18000030517578,274.256103515625,212.05679321289062,305.5661926269531,235.1324462890625,7.510000228881836,479.0906982421875,105.91000366210938,343.99322509765625,91.24451446533203,166.02000427246094,791.3945922851562,370.56170654296875,12.220000267028809,1010.5836181640625,119.81456756591797,342.5066833496094,81.69000244140625,121.77861785888672,1.5800000429153442,114.0199966430664,638.151611328125,30.110000610351562,140.9796600341797,158.35755920410156,137.3300018310547,362.328125,69.88999938964844,201.98497009277344,45.63999938964844,75.44000244140625,115.73190307617188,91.97000122070312,15.59000015258789,101.83000183105469,163.5262451171875,26.38920783996582,14.649999618530273,1.7400000095367432,262.989990234375,410.6300048828125,43.267486572265625,358.2373352050781,133.02000427246094,907.2459106445312,173.20083618164062,183.35699462890625,145.20443725585938,139.14088439941406,146.8315887451172,26.925548553466797,201.14999389648438,320.3534851074219,389.197509765625,83.02999877929688,112.94000244140625,283.9000549316406,58.19512176513672,163.5,1034.2696533203125,182.56741333007812,49.580047607421875,113.74019622802734,172.58999633789062,87.10195922851562,285.23077392578125,200.5443572998047,263.6371154785156,141.19857788085938,45.76575469970703,120.799560546875,52.880001068115234,78.97047424316406,142.5800018310547,7421.0,224.54905700683594,477.32000732421875,27.489999771118164,414.91986083984375,240.6592254638672,164.81472778320312,395.1004943847656,116.51000213623047,339.4424743652344,53.16999816894531,18.440000534057617,122.58999633789062,103.57125091552734,16.867843627929688,125.62444305419922,358.5381774902344,16.6200008392334,679.2402954101562,128.34117126464844,14.270000457763672,203.0800018310547,399.61212158203125,107.14373779296875,153.43411254882812,641.9718627929688,70.47105407714844,91.4125747680664,318.8390197753906,53.018733978271484,82.45999908447266,3.4600000381469727,60.95577621459961,378.0018615722656,86.90316009521484,195.6199951171875,243.42140197753906,165.78834533691406,156.03753662109375,331.31951904296875,695.8192138671875,52.172454833984375,366.17877197265625,226.0500030517578,19.34000015258789,283.4599914550781,153.38511657714844
2026-02-18,302.9356689453125,116.55313873291016,41.18910598754883,206.6699981689453,182.20118713378906,175.6460723876953,121.32796478271484,125.19999694824219,226.83811950683594,187.75099182128906,52.13841247558594,293.200927734375,52.588623046875,78.44071960449219,161.23793029785156,208.1863555908203,527.07421875,124.2699966430664,263.1700134277344,310.9599914550781,67.38999938964844,45.459999084472656,154.35243225097656,174.1211395263672,144.37527465820312,1465.5189208984375,442.30999755859375,33.34000015258789,278.8979797363281,219.7042236328125,307.2077941894531,239.63388061523438,7.5,482.1308288574219,107.80999755859375,349.4817810058594,90.29239654541016,164.0500030517578,790.0282592773438,376.88397216796875,12.479999542236328,994.6367797851562,119.90327453613281,344.20660400390625,80.69000244140625,124.14828491210938,1.6299999952316284,116.93000030517578,642.0746459960938,29.709999084472656,141.49746704101562,155.6876678466797,137.8699951171875,360.3981018066406,74.41999816894531,203.28521728515625,46.040000915527344,75.20999908447266,116.4197769165039,97.20999908447266,16.18000030517578,102.91999816894531,159.70333862304688,26.466453552246094,15.489999771118164,1.7200000286102295,265.4599914550781,411.32000732421875,42.686519622802734,368.3820495605469,135.3800048828125,924.76611328125,170.0994415283203,186.8392791748047,149.66415405273438,140.56741333007812,147.84130859375,26.925548553466797,204.7899932861328,315.49468994140625,378.152587890625,84.43000030517578,116.5,296.3408508300781,57.28287887573242,152.35000610351562,1018.8062133789062,183.462158203125,51.3209228515625,113.9291000366211,172.1300048828125,86.9439468383789,284.3526916503906,201.7012176513672,264.106689453125,141.80245971679688,45.005950927734375,120.62051391601562,54.91999816894531,79.05042266845703,139.5399932861328,7523.1201171875,222.1910400390625,470.30999755859375,27.559999465942383,423.0997619628906,242.30101013183594,169.98353576660156,397.828369140625,120.08999633789062,346.3498229980469,53.52000045776367,19.06999969482422,124.48999786376953,103.94000244140625,16.907115936279297,124.16703033447266,354.613525390625,17.739999771118164,682.662109375,126.11998748779297,14.199999809265137,200.1199951171875,420.77325439453125,109.70470428466797,155.62646484375,642.19921875,70.72966003417969,89.94342803955078,319.6373596191406,54.03472137451172,82.93000030517578,3.5299999713897705,62.412567138671875,388.36981201171875,88.05656433105469,194.1300048828125,243.10154724121094,166.74545288085938,156.3350067138672,332.28594970703125,719.3499755859375,52.78578186035156,364.00921630859375,238.57000732421875,20.139999389648438,305.010009765625,150.88584899902344
2026-02-19,302.456298828125,115.77625274658203,41.467342376708984,208.8800048828125,183.10292053222656,173.4379425048828,122.9156494140625,129.4499969482422,222.5040740966797,187.6710968017578,51.70219039916992,290.8178405761719,52.40017318725586,77.86837768554688,161.43408203125,204.18353271484375,519.3674926757812,125.80999755859375,259.2099914550781,318.4100036621094,67.63999938964844,44.619998931884766,152.8660888671875,175.41432189941406,144.89366149902344,1455.7503662109375,442.44000244140625,33.43000030517578,277.2486267089844,223.51797485351562,306.48150634765625,236.93902587890625,7.960000038146973,486.9294738769531,107.37000274658203,356.0124816894531,94.26947021484375,165.94000244140625,780.2745971679688,372.6856689453125,13.039999961853027,986.3887329101562,120.10037994384766,340.6376953125,81.66999816894531,124.85519409179688,1.6799999475479126,110.05000305175781,643.6318969726562,32.15999984741211,139.0180206298828,157.3749542236328,137.11000061035156,358.5377197265625,76.58000183105469,203.88075256347656,44.25,75.6500015258789,118.69274139404297,105.66999816894531,16.600000381469727,101.94999694824219,159.90296936035156,26.331274032592773,16.219999313354492,1.809999942779541,281.6700134277344,411.7099914550781,42.538814544677734,369.37078857421875,134.88999938964844,907.85009765625,172.02410888671875,184.35194396972656,149.95220947265625,139.86911010742188,146.80264282226562,26.423830032348633,204.86000061035156,307.113037109375,375.1104736328125,86.4000015258789,119.02999877929688,284.4596862792969,58.175289154052734,150.99000549316406,1021.4616088867188,178.98843383789062,51.271183013916016,114.4759292602539,168.99000549316406,86.57855987548828,286.0595703125,208.50271606445312,260.3401184082031,139.85223388671875,45.49932861328125,115.50762176513672,52.4900016784668,79.5701675415039,137.22999572753906,7526.14013671875,216.9476776123047,469.2699890136719,27.8799991607666,407.96697998046875,244.19992065429688,159.5321044921875,397.5988464355469,120.0,351.15625,54.63999938964844,19.3799991607666,116.05000305175781,105.53500366210938,16.80893325805664,125.287353515625,348.52734375,18.190000534057617,680.8616333007812,124.37689208984375,14.640000343322754,203.3699951171875,417.17474365234375,110.76681518554688,155.9951629638672,658.7035522460938,67.07929992675781,90.35755157470703,318.2701721191406,54.42927932739258,81.80000305175781,3.7200000286102295,62.432525634765625,380.36456298828125,87.07218933105469,192.0800018310547,242.9516143798828,163.28591918945312,155.928466796875,332.7641906738281,731.2989501953125,52.20213317871094,355.898193359375,233.3000030517578,20.040000915527344,296.5899963378906,149.28549194335938
2026-02-20,314.570556640625,116.9814224243164,41.387847900390625,203.72999572753906,182.26063537597656,174.47238159179688,122.13172912597656,131.0500030517578,222.9602813720703,189.58877563476562,52.03927230834961,293.9886474609375,52.529109954833984,78.78610229492188,161.7773895263672,207.5291748046875,525.5068969726562,127.88999938964844,258.6099853515625,334.95001220703125,63.83000183105469,44.11000061035156,153.04444885253906,176.29965209960938,149.91818237304688,1466.3870849609375,439.94000244140625,31.899999618530273,277.7029113769531,227.29190063476562,309.20758056640625,244.45469665527344,7.96999979019165,493.2879638671875,104.2699966430664,353.4716796875,93.525634765625,171.35000610351562,778.5072021484375,371.9412841796875,12.640000343322754,983.8424072265625,120.49461364746094,344.1470031738281,80.0,121.59940338134766,1.6100000143051147,113.02999877929688,654.4924926757812,32.41999816894531,139.42628479003906,159.578369140625,135.86000061035156,368.63555908203125,70.86000061035156,204.0699462890625,46.560001373291016,76.11000061035156,121.8928451538086,96.08000183105469,15.920000076293945,104.94000244140625,161.6996307373047,26.466453552246094,15.680000305175781,1.7899999618530273,264.6300048828125,411.82000732421875,42.89330291748047,374.9139099121094,135.24000549316406,913.3864135742188,170.92713928222656,184.22259521484375,146.28707885742188,140.53749084472656,149.40931701660156,26.217239379882812,210.11000061035156,311.8035888671875,371.1935729980469,80.19999694824219,121.3499984741211,285.3089904785156,58.52352523803711,148.6999969482422,1007.7852172851562,178.9586181640625,50.584781646728516,116.12635803222656,159.75,86.79581451416016,286.1286315917969,205.87985229492188,264.3364562988281,141.44607543945312,45.71641540527344,115.8458251953125,48.59000015258789,79.44023895263672,132.7899932861328,7580.60009765625,218.6191864013672,476.8999938964844,27.59000015258789,410.1017150878906,239.8284454345703,162.29244995117188,396.37152099609375,117.66999816894531,348.26251220703125,53.459999084472656,18.059999465942383,119.33999633789062,97.1500015258789,16.956207275390625,125.69384002685547,346.574951171875,17.549999237060547,685.7855834960938,122.50431823730469,13.4399995803833,200.14999389648438,427.9902038574219,109.71463775634766,147.5646209716797,650.5501708984375,69.06859588623047,90.8899917602539,320.2860107421875,54.13336181640625,74.29000091552734,3.4200000762939453,64.1986312866211,379.3775939941406,88.19576263427734,192.02999877929688,243.6413116455078,163.62489318847656,155.49220275878906,331.4291076660156,718.0895385742188,52.489009857177734,358.9037780761719,241.8800048828125,20.280000686645508,296.2799987792969,149.56210327148438
2026-02-23,311.0850524902344,114.53124237060547,43.77273941040039,200.99000549316406,183.23175048828125,165.90841674804688,121.36766052246094,123.70999908447266,227.59185791015625,191.31666564941406,50.29438018798828,292.95166015625,52.529109954833984,79.49659729003906,165.0925750732422,189.18789672851562,495.1790466308594,122.95999908447266,246.67999267578125,344.8399963378906,63.09000015258789,43.630001068115234,151.3896484375,173.91224670410156,155.38136291503906,1482.7513427734375,420.82000732421875,30.780000686645508,279.747314453125,239.47003173828125,296.1543884277344,241.8097381591797,7.880000114440918,494.95703125,100.80000305175781,352.4791564941406,94.39839935302734,160.24000549316406,785.8662109375,376.5763244628906,13.15999984741211,984.5913696289062,122.0320816040039,319.35345458984375,75.5999984741211,123.71019744873047,1.5800000429153442,107.16999816894531,636.1152954101562,30.709999084472656,139.615478515625,163.93556213378906,133.94000244140625,368.1380920410156,70.20999908447266,201.0823974609375,47.400001525878906,71.77999877929688,118.77249908447266,94.30999755859375,16.020000457763672,105.76000213623047,158.146240234375,26.29265022277832,15.649999618530273,1.8899999856948853,261.3299865722656,399.8299865722656,42.942543029785156,373.086181640625,130.60000610351562,883.7437133789062,167.33706665039062,177.25804138183594,149.74362182617188,138.1832275390625,148.5763702392578,26.620580673217773,205.27000427246094,299.48345947265625,359.92987060546875,83.9000015258789,118.75,280.2127990722656,56.69280242919922,144.13999938964844,1056.740966796875,177.80540466308594,50.972747802734375,114.69466400146484,143.27999877929688,87.86237335205078,278.5708923339844,197.8417205810547,265.9349670410156,139.00086975097656,46.0617790222168,115.58719635009766,48.09000015258789,77.75108337402344,127.43000030517578,7456.830078125,218.74851989746094,481.010009765625,28.329999923706055,406.4007873535156,243.14166259765625,154.09341430664062,383.6390686035156,120.54000091552734,345.84442138671875,53.97999954223633,18.049999237060547,116.98999786376953,87.5824966430664,16.583110809326172,126.6951904296875,341.28564453125,18.139999389648438,678.7827758789062,125.31317901611328,12.600000381469727,196.60000610351562,420.7932434082031,109.06942749023438,140.81817626953125,652.882568359375,66.52229309082031,92.74368286132812,305.8858642578125,54.399688720703125,69.51000213623047,3.4100000858306885,65.4059829711914,358.4422912597656,84.66595458984375,196.33999633789062,245.31056213378906,163.75450134277344,157.1976318359375,329.1275939941406,722.21142578125,50.520423889160156,362.52630615234375,242.14999389648438,19.989999771118164,279.79998779296875,148.01116943359375
2026-02-24,310.495849609375,116.27426147460938,46.72404479980469,207.1699981689453,183.6578369140625,167.88775634765625,122.7469482421875,124.61000061035156,226.5604248046875,192.61508178710938,50.542236328125,311.7372741699219,52.92585754394531,79.65449523925781,166.28916931152344,195.71986389160156,497.1456604003906,125.66000366210938,255.1699981689453,342.70001220703125,65.05999755859375,46.119998931884766,151.71664428710938,176.0509490966797,156.89669799804688,1494.53564453125,440.7200012207031,31.6200008392334,276.0140686035156,243.10455322265625,295.7862243652344,243.78598022460938,8.050000190734863,500.7293395996094,102.48999786376953,351.61566162109375,95.02322387695312,162.02999877929688,771.0383911132812,380.00042724609375,13.579999923706055,996.9833374023438,122.14049530029297,318.597900390625,75.2300033569336,123.5508804321289,1.659999966621399,112.58999633789062,638.16162109375,31.1299991607666,140.30255126953125,164.04473876953125,133.6300048828125,383.7673645019531,69.97000122070312,197.6367645263672,49.7400016784668,73.38999938964844,119.4105224609375,90.68000030517578,16.479999542236328,106.87999725341797,159.3340301513672,26.572668075561523,16.5,2.109999895095825,262.25,409.3800048828125,43.060699462890625,377.46075439453125,128.83999633789062,893.608154296875,171.1465301513672,184.48129272460938,148.25372314453125,139.97885131835938,150.4729461669922,26.699281692504883,208.55999755859375,313.1988830566406,372.36663818359375,85.81999969482422,121.08000183105469,270.3700866699219,56.67290115356445,141.6699981689453,1040.359130859375,174.1269989013672,51.57956314086914,115.49005126953125,149.36000061035156,88.62278747558594,270.29290771484375,203.67584228515625,271.8895263671875,143.32701110839844,46.574893951416016,115.78614044189453,48.540000915527344,78.35077667236328,128.77000427246094,7504.7900390625,212.2714385986328,487.42999267578125,32.290000915527344,395.0487060546875,244.87173461914062,161.96482849121094,388.1593017578125,122.9000015258789,348.0246276855469,56.77000045776367,18.65999984741211,120.58000183105469,87.5625,16.789297103881836,127.35945129394531,341.8135681152344,18.899999618530273,683.7164916992188,126.24946594238281,13.430000305175781,213.83999633789062,417.83447265625,109.7741928100586,145.63136291503906,656.64794921875,68.85972595214844,94.34101104736328,306.58441162109375,54.350364685058594,71.13999938964844,3.5299999713897705,67.7308578491211,357.6048889160156,84.08924865722656,195.1300048828125,253.037109375,163.45541381835938,156.53329467773438,324.2953796386719,724.5411376953125,49.867523193359375,362.984130859375,243.2100067138672,20.100000381469727,290.6300048828125,145.84774780273438
2026-02-25,312.4932556152344,116.62286376953125,47.02215576171875,210.6300048828125,182.54800415039062,172.80136108398438,121.55619812011719,135.64999389648438,225.0529327392578,195.32176208496094,51.42459487915039,324.8991394042969,52.628299713134766,79.40779113769531,165.92626953125,204.910400390625,508.5161437988281,132.02000427246094,257.80999755859375,353.3299865722656,66.31999969482422,46.880001068115234,150.89419555664062,174.67820739746094,156.946533203125,1523.18310546875,449.1700134277344,33.59000015258789,276.83380126953125,239.52978515625,301.75567626953125,249.00604248046875,8.569999694824219,504.97161865234375,104.2300033569336,338.4947204589844,95.13232421875,183.94000244140625,783.1103515625,381.4494934082031,13.420000076293945,993.3186645507812,120.69171905517578,325.1690979003906,77.3499984741211,124.30758666992188,1.6299999952316284,112.87000274658203,652.5260620117188,33.599998474121094,134.03921508789062,162.16885375976562,132.64999389648438,385.7371826171875,70.19999694824219,195.1670379638672,48.4900016784668,77.52999877929688,123.09911346435547,88.2300033569336,17.6299991607666,106.9000015258789,156.81869506835938,26.59197998046875,17.079999923706055,2.130000114440918,255.22000122070312,417.3999938964844,42.775142669677734,394.4596252441406,134.19000244140625,912.53466796875,174.87620544433594,190.77923583984375,148.05508422851562,142.66229248046875,154.47084045410156,26.650094985961914,210.63999938964844,309.73541259765625,371.3426513671875,82.36000061035156,119.72000122070312,290.7350158691406,55.89683532714844,144.83999633789062,1027.06201171875,174.455078125,51.39055633544922,115.82808685302734,155.6999969482422,87.9018783569336,280.40606689453125,207.7048797607422,273.97760009765625,144.35658264160156,46.73277282714844,110.14604949951172,49.58000183105469,80.87950897216797,132.88999938964844,7283.14013671875,212.8186492919922,483.04998779296875,29.610000610351562,420.81536865234375,243.76808166503906,165.724365234375,399.7342224121094,121.87000274658203,340.0569152832031,55.20000076293945,19.649999618530273,116.51000213623047,90.82749938964844,17.299848556518555,127.8254165649414,346.0868835449219,15.890000343322754,689.4859008789062,125.25341796875,13.180000305175781,210.86000061035156,428.8198547363281,109.19847869873047,147.37527465820312,639.916259765625,69.00891876220703,93.77899169921875,312.34246826171875,54.123497009277344,73.00499725341797,3.7699999809265137,68.66879272460938,380.0555114746094,86.26679992675781,190.72999572753906,262.0730895996094,156.98500061035156,156.49365234375,331.0903625488281,700.5667114257812,51.133750915527344,355.5399475097656,210.1199951171875,19.549999237060547,301.8399963378906,145.3340606689453
2026-02-26,306.98040771484375,116.58302307128906,45.24342346191406,210.9600067138672,182.48855590820312,176.54127502441406,120.1967544555664,133.39999389648438,222.84127807617188,184.66476440429688,52.0491828918457,322.625732421875,52.56878662109375,79.43739318847656,164.36676025390625,207.57896423339844,513.8869018554688,136.97000122070312,259.0400085449219,341.1600036621094,69.06999969482422,45.459999084472656,146.70269775390625,175.77243041992188,160.52552795410156,1460.6097412109375,426.0,40.880001068115234,272.81414794921875,245.35496520996094,304.5712890625,238.61582946777344,8.449999809265137,495.27496337890625,109.30000305175781,352.4990234375,95.55879211425781,181.05999755859375,769.6404418945312,376.4869689941406,14.279999732971191,985.310302734375,117.57735443115234,333.35076904296875,79.19999694824219,126.91619873046875,1.7799999713897705,116.43000030517578,655.8401489257812,32.279998779296875,135.0847625732422,162.5261688232422,125.1500015258789,374.8733215332031,72.6500015258789,196.81019592285156,45.77000045776367,79.44999694824219,121.07537078857422,92.13999938964844,18.639999389648438,105.38999938964844,158.3558349609375,26.05125617980957,17.09000015258789,2.180000066757202,259.6199951171875,408.5799865722656,42.96223449707031,375.2535095214844,135.94000244140625,920.08154296875,176.3321990966797,198.46014404296875,147.53857421875,140.6671600341797,152.2366943359375,26.659931182861328,207.9199981689453,315.6134338378906,372.396484375,85.76000213623047,118.18000030517578,282.04144287109375,56.0958251953125,149.39999389648438,1020.2637329101562,174.58432006835938,51.22144317626953,116.04682159423828,167.36000061035156,87.75374603271484,282.8332214355469,206.6776885986328,272.6987609863281,144.12887573242188,46.55516052246094,111.40934753417969,48.709999084472656,79.25032806396484,130.25,7434.14013671875,211.55508422851562,480.1300048828125,28.920000076293945,408.6652526855469,242.0778045654297,169.19810485839844,400.851806640625,127.4000015258789,347.56878662109375,61.7400016784668,20.139999389648438,106.86000061035156,95.2750015258789,16.327835083007812,128.1228485107422,349.87939453125,17.670000076293945,685.6561889648438,123.92867279052734,13.329999923706055,203.67999267578125,415.385498046875,109.88337707519531,149.78684997558594,634.1150512695312,70.32343292236328,90.70265197753906,316.0448303222656,54.301048278808594,75.25,3.7699999809265137,68.2297592163086,393.20489501953125,85.80941772460938,188.02000427246094,259.1144104003906,158.4904327392578,156.08712768554688,320.5193176269531,707.784912109375,51.73719024658203,358.7743835449219,200.10000610351562,20.420000076293945,297.6000061035156,142.02471923828125
2026-02-27,311.354736328125,116.39378356933594,45.91913986206055,202.58999633789062,185.06495666503906,165.6199493408203,123.12403106689453,129.5,230.17047119140625,176.97415161132812,50.988372802734375,328.927490234375,52.97544860839844,80.48339080810547,166.4853515625,194.80380249023438,516.32275390625,135.11000061035156,262.4100036621094,348.70001220703125,62.95000076293945,45.61000061035156,142.7985382080078,176.21011352539062,163.14743041992188,1447.398681640625,414.0,38.369998931884766,272.2610778808594,250.53292846679688,298.7709655761719,233.44566345214844,8.9399995803833,504.7828674316406,108.01000213623047,361.8087463378906,96.58032989501953,175.85000610351562,780.5042114257812,385.25079345703125,13.779999732971191,1009.325439453125,122.0320816040039,307.0859069824219,79.02999877929688,129.43521118164062,1.6799999475479126,106.30000305175781,647.02587890625,32.38999938964844,136.6182403564453,165.95037841796875,124.44000244140625,372.6547546386719,69.0999984741211,201.7794952392578,42.27000045776367,75.8499984741211,147.62322998046875,86.18000030517578,17.420000076293945,103.7300033569336,156.94845581054688,25.61674690246582,16.290000915527344,2.200000047683716,252.25,402.510009765625,43.16902160644531,371.8377380371094,137.19000244140625,851.3180541992188,173.4102783203125,193.80384826660156,151.47189331054688,138.42262268066406,152.2606658935547,27.201000213623047,210.0,307.7166442871094,373.7187194824219,79.19000244140625,118.4000015258789,279.49334716796875,57.18033218383789,148.9199981689453,1050.18212890625,175.84689331054688,51.072227478027344,117.36915588378906,146.99000549316406,88.8894271850586,289.3549499511719,205.4210968017578,263.93682861328125,140.93128967285156,47.09787368774414,113.75689697265625,46.91999816894531,81.64913177490234,133.5,7517.7900390625,211.03770446777344,496.8299865722656,28.459999084472656,406.8397216796875,247.00942993164062,168.76377868652344,391.8912048339844,134.4600067138672,353.8418884277344,60.13999938964844,18.780000686645508,105.0999984741211,92.99500274658203,16.151107788085938,129.72897338867188,341.0567932128906,16.479999542236328,682.3637084960938,127.4447250366211,12.850000381469727,200.2100067138672,412.19683837890625,112.6230239868164,144.89393615722656,650.3723754882812,65.52615356445312,93.08817291259766,319.4776916503906,55.159210205078125,72.5,3.6700000762939453,67.930419921875,407.7698669433594,80.98697662353516,191.82000732421875,254.77633666992188,159.90614318847656,158.8435821533203,318.377197265625,721.2058715820312,49.29376983642578,360.8543701171875,197.1999969482422,13.25,301.3999938964844,147.14183044433594
2026-03-02,306.12152099609375,114.95952606201172,45.342796325683594,207.99000549316406,187.87918090820312,166.10733032226562,127.6588134765625,137.64999389648438,232.33253479003906,182.25770568847656,50.85948944091797,326.21533203125,52.81675338745117,79.16108703613281,164.072509765625,193.48944091796875,520.106201171875,133.25999450683594,260.8800048828125,353.7300109863281,64.68000030517578,45.5,141.2626495361328,177.96087646484375,165.21109008789062,1420.4375,424.6600036621094,38.34000015258789,273.01165771484375,251.5703582763672,296.044921875,230.56114196777344,9.449999809265137,506.0346984863281,109.41999816894531,375.644287109375,96.43157196044922,185.24000549316406,789.630615234375,382.8092346191406,15.4399995803833,1001.3170776367188,119.6568832397461,305.6245422363281,79.18000030517578,128.1707305908203,1.6200000047683716,103.20999908447266,652.396240234375,31.829999923706055,133.1529998779297,162.2879638671875,123.55999755859375,367.2128601074219,70.97000122070312,211.27992248535156,44.709999084472656,78.77999877929688,153.0763702392578,90.72000122070312,17.690000534057617,102.81999969482422,153.9939422607422,25.442943572998047,16.43000030517578,2.1500000953674316,208.32000732421875,403.32000732421875,43.24779510498047,371.7178955078125,145.1699981689453,857.9190063476562,165.53207397460938,191.97314453125,153.1802978515625,139.2007293701172,153.29933166503906,26.817333221435547,208.38999938964844,297.70220947265625,375.19000244140625,86.91999816894531,125.73999786376953,269.8804016113281,56.57340621948242,150.14999389648438,1016.2206420898438,179.51535034179688,51.00259017944336,117.19019317626953,148.5800018310547,87.6056137084961,290.9928283691406,215.8826446533203,264.476318359375,139.61463928222656,46.74264144897461,110.02667999267578,45.88999938964844,80.81954193115234,129.3000030517578,7415.75,208.75929260253906,486.0299987792969,28.690000534057617,378.58917236328125,247.13868713378906,166.39236450195312,397.6886291503906,132.88999938964844,361.50244140625,60.77000045776367,18.940000534057617,103.72000122070312,96.21499633789062,16.524202346801758,130.50228881835938,329.8189697265625,17.989999771118164,682.751708984375,126.59809112548828,13.050000190734863,198.6199951171875,412.4967346191406,117.36775970458984,148.7305450439453,672.2987670898438,64.07999420166016,92.03588104248047,319.846923828125,56.26397705078125,73.97000122070312,3.630000114440918,68.13996124267578,417.7689514160156,82.11056518554688,188.0500030517578,257.6350402832031,153.93421936035156,157.18771362304688,317.6498718261719,764.6546630859375,49.273983001708984,355.1790771484375,199.86000061035156,12.520000457763672,303.3599853515625,148.208740234375
2026-03-03,303.1853332519531,113.90375518798828,46.08807373046875,197.35000610351562,187.0567169189453,165.0629425048828,127.02374267578125,132.67999267578125,231.93582153320312,179.83065795898438,50.770263671875,323.9319152832031,51.51741027832031,78.2927017211914,161.74795532226562,192.90196228027344,523.4205322265625,133.0399932861328,270.989990234375,333.07000732421875,63.29999923706055,43.099998474121094,134.3560791015625,174.51905822753906,150.87522888183594,1357.973876953125,424.32000732421875,37.04999923706055,269.66357421875,233.94378662109375,298.7311706542969,216.85723876953125,8.65999984741211,498.4244079589844,113.19000244140625,365.2427978515625,95.99517822265625,182.36000061035156,765.5166015625,374.1744384765625,13.604999542236328,1006.309814453125,118.09970092773438,306.01226806640625,81.0999984741211,118.24390411376953,1.5199999809265137,102.54000091552734,653.91357421875,30.68000030517578,131.47015380859375,158.5262908935547,118.70999908447266,351.3150329589844,70.12999725341797,205.66331481933594,43.20000076293945,76.06999969482422,144.732177734375,88.94999694824219,16.959999084472656,100.70999908447266,153.37510681152344,24.757383346557617,15.289999961853027,2.0399999618530273,228.3000030517578,392.42999267578125,43.031166076660156,350.8837890625,147.22000122070312,858.795166015625,161.25390625,195.05747985839844,150.80641174316406,137.1656951904297,143.95126342773438,26.14837646484375,208.72999572753906,298.1673278808594,353.4779052734375,92.68000030517578,117.79000091552734,250.42481994628906,56.0958251953125,156.08999633789062,1005.9982299804688,176.36386108398438,48.326622009277344,117.2796630859375,154.6699981689453,86.6476821899414,285.34918212890625,205.27149963378906,263.5072326660156,136.74375915527344,46.446617126464844,107.8382797241211,46.650001525878906,77.47122192382812,124.5999984741211,7361.10009765625,201.6454315185547,474.2699890136719,27.219999313354492,356.7428894042969,245.3390350341797,165.3609161376953,403.0570068359375,129.55999755859375,361.4231872558594,58.060001373291016,18.239999771118164,101.16000366210938,97.8550033569336,16.278743743896484,130.3040008544922,335.2482604980469,18.200000762939453,676.7337036132812,127.40489196777344,12.529999732971191,190.9499969482422,379.52056884765625,117.64569091796875,148.4913787841797,663.4765625,64.42906188964844,91.91675567626953,320.166259765625,55.75104904174805,72.5199966430664,3.5399999618530273,65.42593383789062,432.01495361328125,82.06084442138672,184.02000427246094,244.33099365234375,152.14962768554688,155.41287231445312,312.68817138671875,755.7836303710938,49.4322624206543,347.9278564453125,197.52999877929688,11.539999961853027,300.6300048828125,146.0354461669922
2026-03-04,302.7359619140625,115.9256591796875,46.596397399902344,203.0800018310547,184.34158325195312,166.68423461914062,126.83521270751953,146.44000244140625,234.2466583251953,182.8170166015625,51.057769775390625,321.91778564453125,51.4975700378418,77.06907653808594,160.77694702148438,194.99298095703125,522.0228881835938,135.5399932861328,273.1199951171875,343.54998779296875,65.6500015258789,45.58000183105469,132.05718994140625,175.04624938964844,153.4772186279297,1396.3201904296875,430.9800109863281,37.130001068115234,270.8092346191406,232.15817260742188,297.8656311035156,222.83303833007812,9.289999961853027,495.9505615234375,113.86000061035156,365.9871826171875,96.82827758789062,208.92999267578125,786.3255615234375,376.4273986816406,13.819999694824219,1005.2813110351562,118.54319763183594,309.3823547363281,82.79000091552734,119.09192657470703,1.559999942779541,100.4800033569336,666.541015625,32.650001525878906,131.61952209472656,157.11691284179688,118.9800033569336,355.6028747558594,71.91000366210938,207.9537811279297,42.65999984741211,82.20999908447266,146.64625549316406,89.12999725341797,17.760000228881836,101.19000244140625,153.27528381347656,24.525644302368164,16.530000686645508,2.190000057220459,226.47999572753906,405.94000244140625,43.090240478515625,357.3157958984375,153.19000244140625,863.4446411132812,162.90933227539062,192.10250854492188,148.80996704101562,139.5,147.40286254882812,26.187726974487305,216.82000732421875,284.2143859863281,352.38433837890625,104.88999938964844,120.23999786376953,261.1069030761719,55.72768783569336,158.55999755859375,1001.8453979492188,175.0416259765625,47.640220642089844,118.1048812866211,156.2100067138672,86.07491302490234,288.0624694824219,205.01222229003906,262.2783508300781,138.10989379882812,46.64396667480469,105.96819305419922,48.060001373291016,78.0509262084961,134.8300018310547,7251.27001953125,201.36683654785156,477.8900146484375,27.440000534057617,374.0902404785156,243.8973388671875,169.33026123046875,404.32427978515625,128.97000122070312,362.8304138183594,60.0,18.90999984741211,103.87999725341797,101.91999816894531,16.740203857421875,130.75015258789062,335.2781982421875,18.6200008392334,681.5082397460938,127.3052749633789,12.539999961853027,202.07000732421875,400.6016845703125,114.79686737060547,151.8396759033203,660.1582641601562,63.66110610961914,91.92668151855469,319.8070068359375,55.425537109375,71.73999786376953,3.640000104904175,65.78514099121094,438.7840270996094,83.45288848876953,189.94000244140625,251.16795349121094,152.23934936523438,155.7202606201172,316.3646240234375,750.5368041992188,49.75871276855469,346.7709045410156,197.27000427246094,12.170000076293945,305.42999267578125,146.4207000732422
2026-03-05,300.4888916015625,116.08502960205078,47.48347473144531,194.27999877929688,188.17645263671875,161.68112182617188,130.02047729492188,139.80999755859375,230.43826293945312,183.1166534423828,50.79008865356445,331.11114501953125,50.41644287109375,76.01319122314453,157.61868286132812,193.4396514892578,523.7598876953125,135.85000610351562,281.739990234375,299.29998779296875,62.029998779296875,45.95000076293945,129.1637725830078,171.1567840576172,147.3760223388672,1365.377685546875,442.29998779296875,36.02000045776367,272.9326477050781,220.94580078125,292.0553283691406,214.52886962890625,8.770000457763672,486.8797912597656,120.37999725341797,357.4020080566406,96.40180969238281,205.7100067138672,763.7891845703125,364.8448791503906,13.149999618530273,981.1463623046875,114.39398956298828,305.4058532714844,84.41999816894531,115.81956481933594,1.5199999809265137,95.43000030517578,659.393798828125,32.2400016784668,129.10025024414062,152.83912658691406,117.93000030517578,352.041259765625,70.0,203.0143585205078,41.150001525878906,80.55999755859375,146.06805419921875,85.54000091552734,16.969999313354492,100.73999786376953,149.362548828125,24.59323501586914,15.600000381469727,1.8949999809265137,220.55999755859375,405.54998779296875,42.67667007446289,346.0997314453125,152.6699981689453,831.7941284179688,166.93817138671875,200.3704376220703,149.74362182617188,139.83917236328125,142.75379943847656,26.177888870239258,218.94000244140625,280.107666015625,352.7124328613281,93.86000061035156,114.23999786376953,258.9624938964844,54.32479476928711,163.16000366210938,981.5703125,171.09483337402344,47.15277862548828,117.75690460205078,161.9600067138672,84.3467025756836,284.9150390625,194.9695281982422,260.0504150390625,136.49586486816406,46.278865814208984,103.74995422363281,48.65999984741211,75.64213562011719,139.39999389648438,7074.83984375,196.97914123535156,460.82000732421875,25.520000457763672,366.43902587890625,238.259765625,183.64952087402344,409.79241943359375,128.24000549316406,357.4591064453125,57.33000183105469,18.829999923706055,103.40499877929688,106.54000091552734,16.00383186340332,130.4824676513672,332.3839111328125,17.670000076293945,677.70849609375,122.82305145263672,12.180000305175781,199.4499969482422,396.8832702636719,115.95823669433594,154.25125122070312,650.7399291992188,61.14777374267578,90.46736907958984,319.13836669921875,55.71159362792969,79.6500015258789,3.5399999618530273,62.5223274230957,465.3519287109375,81.64323425292969,188.0800018310547,249.6386260986328,149.4278564453125,152.60684204101562,331.54864501953125,736.767333984375,49.273983001708984,334.5824890136719,191.8000030517578,11.789999961853027,299.8399963378906,143.3780975341797
2026-03-06,298.1319274902344,113.98343658447266,46.815677642822266,188.88999938964844,188.21609497070312,159.41331481933594,130.39755249023438,133.52999877929688,228.2166748046875,177.60337829589844,50.13575744628906,318.13873291015625,49.4543342590332,76.02306365966797,157.77008056640625,186.90769958496094,521.4439086914062,133.22999572753906,283.6199951171875,294.1700134277344,58.25,43.41999816894531,129.59976196289062,169.04791259765625,146.39903259277344,1289.982421875,437.4100036621094,35.72999954223633,268.814208984375,220.45700073242188,288.0060729980469,199.18968200683594,8.010000228881836,481.5943298339844,124.33999633789062,365.13067626953125,96.67951965332031,197.22000122070312,758.7267456054688,366.7604064941406,13.4399995803833,996.65380859375,114.11803436279297,299.2322998046875,83.66999816894531,116.01909637451172,1.3799999952316284,92.06999969482422,643.7117309570312,31.309999465942383,127.29792022705078,152.4818115234375,119.05000305175781,337.1482238769531,70.11000061035156,208.88987731933594,40.22999954223633,77.08999633789062,146.02816772460938,87.0,17.010000228881836,101.97000122070312,147.4061737060547,26.09953498840332,14.164999961853027,2.0,229.8000030517578,396.7300109863281,42.233558654785156,324.3367919921875,157.16000366210938,817.8157348632812,158.21231079101562,201.0867919921875,150.1905975341797,136.95620727539062,134.2836151123047,26.610742568969727,213.2100067138672,276.6455993652344,345.7136535644531,89.4749984741211,109.68000030517578,245.1860809326172,52.155784606933594,165.0500030517578,988.628173828125,167.76438903808594,46.6553840637207,116.78255462646484,164.05999755859375,84.71208190917969,282.6556396484375,194.70025634765625,257.2229919433594,135.190673828125,46.12098693847656,100.63645935058594,46.939998626708984,89.52518463134766,132.88999938964844,6958.830078125,192.25314331054688,456.69000244140625,26.540000915527344,351.9346923828125,239.0253448486328,181.56076049804688,408.0761413574219,124.62000274658203,360.22406005859375,56.5,18.59000015258789,101.43000030517578,107.24749755859375,16.367109298706055,131.36483764648438,323.162109375,17.6299991607666,668.82568359375,123.31112670898438,11.670000076293945,192.42999267578125,370.1445007324219,116.20639038085938,152.42764282226562,667.40087890625,58.85385513305664,90.35816955566406,316.70343017578125,55.80036926269531,80.72000122070312,3.4600000381469727,59.229576110839844,479.6876220703125,79.96283721923828,184.8699951171875,241.6721954345703,146.8157501220703,151.40708923339844,329.26708984375,752.8167114257812,48.38858413696289,329.0268859863281,189.2100067138672,11.34000015258789,296.94000244140625,142.18276977539062
2026-03-09,306.1770935058594,114.1328353881836,46.008338928222656,195.85000610351562,187.7206268310547,159.59234619140625,130.65554809570312,138.9499969482422,225.5785675048828,182.427490234375,49.89781951904297,322.48895263671875,49.583274841308594,76.77303314208984,159.8482208251953,184.9361572265625,516.831787109375,134.02999877929688,282.44000244140625,318.5400085449219,61.779998779296875,45.58000183105469,131.43292236328125,170.04266357421875,147.4956512451172,1354.461669921875,437.2200012207031,35.869998931884766,271.0067443847656,224.19778442382812,288.44384765625,211.00135803222656,8.65999984741211,480.4815673828125,121.93000030517578,369.7619323730469,96.45140075683594,199.7899932861328,780.434326171875,374.1446533203125,13.890000343322754,1003.8433837890625,115.4189682006836,303.58660888671875,83.80999755859375,116.68753814697266,1.3899999856948853,94.5199966430664,646.2373046875,31.979999542236328,126.12294006347656,154.05992126464844,122.4800033569336,346.9078063964844,71.4800033569336,207.36622619628906,40.86000061035156,79.3499984741211,146.05807495117188,92.47000122070312,17.600000381469727,102.63999938964844,146.85720825195312,26.52438735961914,14.699999809265137,2.319999933242798,227.2899932861328,398.67999267578125,42.322181701660156,338.5191650390625,156.42999267578125,828.3792114257812,163.16859436035156,197.78359985351562,149.42578125,139.42019653320312,142.7278289794922,26.3746395111084,213.49000549316406,289.05126953125,351.79779052734375,89.76000213623047,116.13999938964844,261.99169921875,49.847476959228516,165.10000610351562,1006.6571655273438,168.4801788330078,46.943870544433594,116.88197326660156,162.6199951171875,84.89972686767578,283.550537109375,199.8462677001953,259.6407775878906,137.60177612304688,46.229530334472656,99.41294860839844,48.33000183105469,92.60364532470703,137.1699981689453,6872.02978515625,195.2081298828125,460.8699951171875,27.6200008392334,373.4118957519531,241.20281982421875,177.1821746826172,408.5251770019531,124.27999877929688,358.72760009765625,58.779998779296875,19.040000915527344,108.12999725341797,108.53250122070312,16.318017959594727,129.95700073242188,328.2121276855469,18.079999923706055,674.6845703125,123.84898376464844,12.15999984741211,202.67999267578125,389.1565246582031,116.16668701171875,151.03250122070312,659.8304443359375,60.41970443725586,91.34097290039062,315.3163146972656,55.553768157958984,79.70999908447266,3.509999990463257,60.35709762573242,472.2107238769531,78.38188171386719,188.24000549316406,264.2321472167969,147.2444610595703,152.95387268066406,344.48101806640625,744.0652465820312,47.652408599853516,332.53778076171875,195.3800048828125,11.329999923706055,298.04998779296875,144.8500213623047
2026-03-10,306.8567199707031,113.98343658447266,44.8720817565918,200.83999633789062,184.59921264648438,159.8907470703125,126.90467071533203,138.4600067138672,225.14218139648438,184.544921875,49.63013458251953,316.5981140136719,49.47417449951172,76.85197448730469,159.1060333251953,184.07981872558594,513.8369750976562,132.44000244140625,275.1300048828125,337.3599853515625,61.380001068115234,46.779998779296875,135.6046142578125,169.1274871826172,150.36680603027344,1380.385009765625,432.6499938964844,35.119998931884766,271.71783447265625,226.3824005126953,287.2598876953125,215.0784912109375,8.569999694824219,474.8384704589844,116.61000061035156,360.2604064941406,95.47944641113281,196.52000427246094,770.878662109375,372.6161804199219,13.470000267028809,995.9148559570312,115.39925384521484,301.36968994140625,84.19999694824219,118.6230239868164,1.3700000047683716,91.0999984741211,652.9053344726562,31.790000915527344,123.862548828125,154.84400939941406,125.5,345.3060607910156,68.93000030517578,206.14132690429688,43.59000015258789,78.52999877929688,143.35643005371094,88.95999908447266,16.989999771118164,104.86000061035156,145.37994384765625,26.77543830871582,14.640000343322754,2.640000104904175,221.57000732421875,399.239990234375,42.263099670410156,345.4505615234375,151.13999938964844,830.1513671875,163.9464569091797,193.92324829101562,147.13136291503906,139.42019653320312,145.10879516601562,26.718957901000977,214.3300018310547,283.55975341796875,360.0649719238281,87.52999877929688,120.08000183105469,266.1506042480469,50.39470672607422,165.5800018310547,999.6292114257812,169.4345703125,47.859073638916016,116.70301055908203,156.61000061035156,84.65283203125,280.736572265625,195.37841796875,260.58990478515625,134.70248413085938,45.9433708190918,98.19937896728516,45.400001525878906,93.25332641601562,139.6199951171875,6783.240234375,196.46177673339844,499.1700134277344,26.079999923706055,383.3475036621094,242.31643676757812,174.4322967529297,404.8830871582031,122.3499984741211,352.39501953125,52.79999923706055,18.760000228881836,113.7300033569336,109.0824966430664,16.42601776123047,128.57891845703125,325.3577880859375,17.68000030517578,673.6002807617188,124.62590789794922,12.029999732971191,203.22999572753906,402.9407043457031,113.30793762207031,148.88002014160156,646.9844970703125,59.1131706237793,90.8743896484375,313.77947998046875,54.843563079833984,79.61000061035156,3.440000057220459,62.262901306152344,452.5514831542969,77.85489654541016,188.41000366210938,269.9395751953125,144.84173583984375,151.85325622558594,341.3226318359375,731.7593994140625,48.308998107910156,329.4757080078125,197.8000030517578,12.149999618530273,293.2900085449219,146.75657653808594
2026-03-11,308.5157470703125,113.68463134765625,45.4202766418457,200.35000610351562,190.04930114746094,160.02999877929688,131.48907470703125,138.3300018310547,225.80667114257812,185.8134307861328,49.213741302490234,300.2235412597656,49.43449783325195,76.60527801513672,158.4825897216797,181.2420196533203,503.1353759765625,133.38999938964844,273.7099914550781,339.95001220703125,62.7599983215332,47.97999954223633,135.04969787597656,168.60028076171875,148.21343994140625,1383.6578369140625,432.9800109863281,34.27000045776367,274.256103515625,222.26254272460938,286.0560302734375,218.71592712402344,8.550000190734863,480.0320129394531,115.62999725341797,362.7901916503906,95.46953582763672,198.6300048828125,773.5046997070312,374.8096618652344,13.010000228881836,990.7922973632812,114.53196716308594,304.1929931640625,83.4800033569336,115.93928527832031,1.350000023841858,90.68000030517578,653.6939086914062,31.790000915527344,122.85684204101562,152.17413330078125,125.1500015258789,352.7376403808594,71.95999908447266,206.40023803710938,43.34000015258789,78.69000244140625,146.91542053222656,88.91999816894531,16.940000534057617,102.94000244140625,142.97442626953125,27.142358779907227,14.8100004196167,2.6600000858306885,207.72999572753906,407.82000732421875,41.76090621948242,350.6341247558594,151.60000610351562,820.1454467773438,158.72091674804688,193.14720153808594,150.55809020996094,140.08856201171875,146.31326293945312,26.8566837310791,212.64999389648438,285.04205322265625,354.8094787597656,88.20999908447266,115.38999938964844,268.73992919921875,50.215614318847656,164.92999267578125,998.121826171875,170.80650329589844,47.918758392333984,116.32520294189453,153.80999755859375,83.53689575195312,283.63006591796875,195.71795654296875,260.5699157714844,133.62644958496094,45.55853271484375,96.06071472167969,46.86000061035156,90.3947525024414,138.22999572753906,6610.91015625,197.6656494140625,492.3800048828125,26.079999923706055,385.02337646484375,241.6005401611328,172.46324157714844,404.0049743652344,121.5,350.6706848144531,49.93000030517578,18.90999984741211,116.69000244140625,110.50749969482422,16.72056770324707,128.91600036621094,325.7370300292969,18.450000762939453,672.7548217773438,123.0023422241211,12.380000114440918,204.8300018310547,418.5141906738281,116.16668701171875,162.55226135253906,645.245849609375,58.98351287841797,90.99352264404297,308.32080078125,56.20478820800781,80.8499984741211,3.450000047683716,61.404788970947266,439.09307861328125,76.44296264648438,190.47999572753906,268.140380859375,142.23960876464844,151.5558319091797,340.3163757324219,729.96728515625,48.269203186035156,321.90533447265625,200.25,12.630000114440918,294.1600036621094,144.2276611328125
2026-03-12,303.3687744140625,111.07508850097656,44.21425247192383,214.85000610351562,195.1822967529297,153.5448455810547,132.01498413085938,137.33999633789062,223.5156707763672,182.9268035888672,48.41069793701172,301.08221435546875,49.27579879760742,76.58554077148438,157.20602416992188,176.69154357910156,496.45684814453125,127.69999694824219,269.7799987792969,336.8299865722656,59.59000015258789,45.25,132.97872924804688,164.37258911132812,145.282470703125,1348.63427734375,418.7200012207031,33.029998779296875,286.8879089355469,217.7037811279297,281.44964599609375,209.34254455566406,8.760000228881836,488.8641052246094,112.97000122070312,356.4359130859375,97.03655242919922,193.22999572753906,745.4965209960938,365.0334777832031,12.850000381469727,1001.8662719726562,114.23629760742188,300.1170959472656,84.4000015258789,114.21331787109375,1.2699999809265137,86.52999877929688,637.0436401367188,30.899999618530273,119.94921875,149.3751983642578,123.16000366210938,334.9794006347656,68.37000274658203,202.19773864746094,42.599998474121094,76.12000274658203,149.4475860595703,89.45999908447266,16.06999969482422,101.62000274658203,137.76409912109375,26.97821044921875,14.5,2.5399999618530273,211.8800048828125,395.010009765625,41.49503707885742,336.8512268066406,153.5,784.0645141601562,159.13975524902344,198.27110290527344,152.4949493408203,137.50486755371094,140.77732849121094,26.423830032348633,209.52999877929688,265.1153869628906,347.67919921875,87.08999633789062,115.30000305175781,261.1119079589844,48.69332504272461,168.1199951171875,975.5706176757812,164.70236206054688,44.32759094238281,114.60517883300781,151.61000061035156,83.20113372802734,275.47662353515625,197.55551147460938,255.52456665039062,130.66737365722656,45.8841667175293,92.05197143554688,43.02000045776367,87.62613677978516,134.02999877929688,6439.0,189.0892333984375,478.1300048828125,25.59000015258789,373.0627746582031,240.6559600830078,168.28533935546875,400.9914855957031,115.55999755859375,352.03826904296875,48.869998931884766,17.829999923706055,115.9000015258789,110.38500213623047,16.151107788085938,130.690673828125,315.6868591308594,17.639999389648438,662.5390625,124.8350830078125,11.760000228881836,197.74000549316406,405.1797790527344,119.37286376953125,158.60606384277344,648.5840454101562,57.786685943603516,91.0630111694336,305.86590576171875,56.727577209472656,78.94999694824219,3.2899999618530273,59.07990646362305,433.7894592285156,74.82222747802734,184.89999389648438,265.26165771484375,138.62054443359375,148.8885955810547,334.7369384765625,733.0736083984375,46.886390686035156,316.8783874511719,197.55999755859375,11.970000267028809,290.32000732421875,143.44725036621094
2026-03-13,302.09954833984375,110.417724609375,44.752479553222656,209.63999938964844,195.03366088867188,154.04217529296875,132.5706787109375,139.6699981689453,217.87249755859375,180.0401611328125,48.470184326171875,301.3018493652344,48.7897834777832,76.8438720703125,158.2154083251953,179.0215301513672,497.13568115234375,126.30000305175781,249.32000732421875,337.3800048828125,58.369998931884766,45.77000045776367,133.9795379638672,163.78567504882812,139.44046020507812,1342.757080078125,412.6300048828125,32.97999954223633,284.4188537597656,207.03005981445312,281.996826171875,212.05062866210938,9.319999694824219,492.3630676269531,113.62000274658203,357.51153564453125,97.20516204833984,195.52999877929688,744.6577758789062,363.4653015136719,12.760000228881836,1006.9688720703125,113.94062805175781,298.1983947753906,83.44000244140625,109.3247299194336,1.3300000429153442,86.5999984741211,612.6171875,30.75,118.68460845947266,149.52407836914062,124.06999969482422,336.5711669921875,68.41000366210938,203.67161560058594,44.06999969482422,73.38999938964844,151.15231323242188,87.52999877929688,16.170000076293945,102.6500015258789,136.4365692138672,27.345129013061523,14.039999961853027,2.440000057220459,207.07000732421875,391.20001220703125,41.60335159301758,341.10595703125,150.9499969482422,778.7777709960938,158.511474609375,191.85377502441406,155.06747436523438,136.4674072265625,141.68316650390625,26.14837646484375,207.6699981689453,271.1341857910156,354.4205627441406,86.33999633789062,107.91999816894531,272.2190246582031,47.230735778808594,167.02000427246094,983.38720703125,162.52516174316406,44.48675537109375,113.78990936279297,153.75999450683594,83.68502807617188,280.4880065917969,193.8704376220703,249.8897705078125,129.34228515625,46.33807373046875,94.4592056274414,43.279998779296875,87.8160400390625,133.57000732421875,6466.56005859375,189.81553649902344,469.3399963378906,25.15999984741211,382.7688903808594,240.13894653320312,169.22499084472656,394.69512939453125,118.94000244140625,348.361572265625,48.75,17.549999237060547,119.63999938964844,110.44499969482422,16.42601776123047,132.00926208496094,313.1918029785156,17.600000381469727,658.7890014648438,126.02037811279297,11.800000190734863,193.38999938964844,425.9510803222656,120.99083709716797,154.5701446533203,641.7984619140625,58.62446594238281,92.10537719726562,306.5046081542969,56.91499328613281,79.16000366210938,3.4200000762939453,56.256126403808594,438.6045837402344,73.67876434326172,181.5500030517578,258.76458740234375,140.06619262695312,148.52171325683594,320.9776306152344,730.4949951171875,46.47850799560547,318.9530029296875,196.07000732421875,12.140000343322754,287.0299987792969,144.0433349609375
2026-03-16,305.3775939941406,111.75237274169922,45.27076721191406,212.83999633789062,195.053466796875,154.86773681640625,133.47366333007812,147.52000427246094,219.6279296875,183.0067138671875,48.87665939331055,305.10595703125,48.998077392578125,77.32079315185547,156.07789611816406,179.9973602294922,507.6276550292969,128.32000732421875,251.86000061035156,363.8800048828125,59.689998626708984,45.7599983215332,135.4658966064453,165.1882781982422,138.76254272460938,1372.5621337890625,425.8800048828125,33.290000915527344,285.5842590332031,209.6436309814453,284.7029724121094,219.24554443359375,9.229999542236328,495.842041015625,114.87999725341797,364.7322998046875,98.29612731933594,203.32000732421875,755.7811279296875,363.5050048828125,13.380000114440918,1000.2885131835938,114.60584259033203,296.4487609863281,84.48999786376953,109.93331146240234,1.3600000143051147,90.27999877929688,626.8690185546875,31.860000610351562,121.65196228027344,150.98309326171875,121.80000305175781,338.4813232421875,71.30999755859375,205.20521545410156,45.88999938964844,75.30999755859375,156.05712890625,89.52999877929688,16.139999389648438,103.83999633789062,141.90640258789062,27.50927734375,14.399999618530273,2.5399999618530273,211.8800048828125,395.55999755859375,41.928306579589844,345.7501525878906,152.72000122070312,791.2826538085938,161.54310607910156,197.3358612060547,156.1699981689453,138.44259643554688,143.6406707763672,26.177888870239258,211.74000549316406,279.3615417480469,360.0450134277344,89.11000061035156,110.30999755859375,286.1353759765625,46.48451614379883,167.4499969482422,987.4202270507812,161.7895050048828,44.725502014160156,114.66484069824219,153.69000244140625,83.92205047607422,283.8686828613281,204.39634704589844,252.58729553222656,128.9138641357422,46.634098052978516,95.44398498535156,45.0099983215332,91.5341796875,135.35000610351562,6565.93994140625,193.1486053466797,466.1000061035156,25.489999771118164,397.80194091796875,241.7993927001953,171.29017639160156,399.08563232421875,119.27999877929688,351.17608642578125,48.41999816894531,17.459999084472656,118.08999633789062,105.95999908447266,16.59292984008789,132.31661987304688,321.2059631347656,17.690000534057617,665.493408203125,125.49246978759766,11.970000267028809,196.5800018310547,441.6144714355469,120.42504119873047,155.42715454101562,641.003662109375,60.67901611328125,92.14508056640625,309.4684143066406,57.11227798461914,77.16000366210938,3.390000104904175,57.80271911621094,450.9165344238281,75.31938934326172,183.25999450683594,264.6219482421875,141.66134643554688,149.73138427734375,323.7275085449219,732.735107421875,46.81675338745117,321.87542724609375,199.47999572753906,12.779999732971191,292.7200012207031,144.26190185546875
2026-03-17,310.7344055175781,112.72846221923828,45.97843551635742,213.60000610351562,196.1732177734375,156.98635864257812,134.67434692382812,150.27999877929688,217.9518280029297,181.71820068359375,49.13443374633789,307.2126770019531,49.11709976196289,77.08233642578125,154.87059020996094,182.6360321044922,505.7109375,131.9499969482422,254.1999969482422,370.04998779296875,60.529998779296875,44.060001373291016,135.32716369628906,165.6259765625,136.76869201660156,1386.1324462890625,429.2900085449219,33.310001373291016,282.6114501953125,208.9353790283203,285.42926025390625,226.31057739257812,9.239999771118164,492.49261474609375,116.72000122070312,367.37158203125,97.46302032470703,210.22999572753906,757.91796875,358.4233703613281,13.479999542236328,994.7166137695312,115.04270935058594,298.506591796875,83.16000366210938,110.78132629394531,1.3799999952316284,93.19000244140625,622.0834350585938,31.510000228881836,121.70186614990234,150.34786987304688,120.69000244140625,345.1716613769531,78.58999633789062,202.48655700683594,44.70000076293945,77.3499984741211,152.53802490234375,95.30999755859375,16.219999313354492,104.37000274658203,141.2576141357422,27.55755615234375,14.680000305175781,2.4600000381469727,222.50999450683594,399.2699890136719,42.066162109375,352.0223693847656,155.0800018310547,803.498779296875,163.87664794921875,194.3212127685547,157.73934936523438,139.2007293701172,147.9461669921875,27.004249572753906,215.1999969482422,276.4665222167969,362.947021484375,95.69999694824219,111.5199966430664,313.72821044921875,47.648616790771484,169.19000244140625,928.751220703125,161.1333465576172,45.889400482177734,114.70460510253906,156.0,83.6455307006836,285.9368896484375,207.2025909423828,253.99598693847656,131.1057586669922,46.505821228027344,96.51829528808594,47.279998779296875,90.74457550048828,133.07000732421875,6596.75,193.46697998046875,462.489990234375,25.829999923706055,420.0572204589844,236.74844360351562,177.24761962890625,398.5467834472656,120.83999633789062,353.0887451171875,50.09000015258789,17.469999313354492,121.83999633789062,108.30000305175781,16.700931549072266,131.81097412109375,326.63525390625,18.899999618530273,667.2440185546875,124.58606719970703,12.4399995803833,196.30999755859375,461.4961242675781,121.96360778808594,154.151611328125,632.1913452148438,64.65846252441406,91.85719299316406,307.82183837890625,57.71397399902344,78.52999877929688,3.4200000762939453,57.96236801147461,457.86505126953125,75.79666137695312,185.2899932861328,268.3541564941406,141.71119689941406,148.37298583984375,320.1307373046875,720.857421875,47.035614013671875,319.8706359863281,200.4199981689453,13.289999961853027,293.75,143.45716857910156
2026-03-18,307.5063171386719,110.12887573242188,44.44349670410156,208.4600067138672,196.80740356445312,158.08045959472656,136.46047973632812,140.55999755859375,206.62579345703125,180.1899871826172,48.54949951171875,316.7279052734375,48.08556365966797,75.48265838623047,151.94140625,179.3700408935547,487.63201904296875,131.1300048828125,246.0,385.260009765625,56.70000076293945,45.029998779296875,133.20663452148438,164.31289672851562,128.35459899902344,1352.216552734375,428.6700134277344,32.380001068115234,277.9399719238281,195.6082000732422,286.27490234375,224.55181884765625,8.920000076293945,487.0299072265625,113.70999908447266,366.8935546875,95.74723815917969,202.2899932861328,743.01025390625,348.845703125,13.210000038146973,978.5001220703125,113.68248748779297,292.6611633300781,83.38999938964844,106.29181671142578,1.3300000429153442,92.51000213623047,615.1099243164062,30.350000381469727,116.83219146728516,145.613525390625,121.87000274658203,338.7766418457031,69.4800033569336,203.71144104003906,43.279998779296875,74.9000015258789,148.749755859375,93.04000091552734,15.670000076293945,100.72000122070312,136.68609619140625,27.22926139831543,14.100000381469727,2.3499999046325684,215.85000610351562,392.7799987792969,41.37687301635742,349.0361022949219,152.77000427246094,801.9456787109375,169.65066528320312,193.3561248779297,156.52757263183594,137.62457275390625,148.0470428466797,26.876358032226562,209.8699951171875,268.1297607421875,359.5464172363281,90.73999786376953,109.4000015258789,304.8205261230469,45.77809143066406,168.91000366210938,916.4723510742188,160.21871948242188,45.08362579345703,113.00447082519531,155.99000549316406,81.61117553710938,282.71527099609375,208.70057678222656,249.70994567871094,129.98988342285156,46.11111831665039,94.25032043457031,44.459999084472656,87.57616424560547,136.07000732421875,6482.81982421875,189.81553649902344,451.5899963378906,25.31999969482422,405.7723388671875,235.92318725585938,174.81613159179688,390.9432678222656,122.94999694824219,350.18505859375,47.689998626708984,16.489999771118164,115.37999725341797,108.95249938964844,16.239471435546875,129.62982177734375,321.8846130371094,18.110000610351562,657.9335327148438,121.49830627441406,12.029999732971191,199.4600067138672,461.5361328125,122.73785400390625,152.36782836914062,638.1026611328125,63.64115905761719,90.2986068725586,298.4013671875,57.63506317138672,78.43000030517578,3.319999933242798,55.32817077636719,445.4135437011719,75.75688934326172,182.30999755859375,264.6549377441406,136.83595275878906,145.8941650390625,314.77044677734375,721.6638793945312,46.58794021606445,311.31280517578125,197.80999755859375,12.789999961853027,289.6400146484375,140.3674774169922
2026-03-19,306.9466552734375,109.26234436035156,44.04480743408203,205.08999633789062,199.61172485351562,157.7025146484375,137.75047302246094,138.24000549316406,204.5331573486328,178.3521270751953,48.56932830810547,315.97906494140625,47.35158157348633,75.06536102294922,151.14974975585938,178.9617919921875,490.2974548339844,130.7899932861328,245.99000549316406,412.5799865722656,54.689998626708984,46.18000030517578,123.76336669921875,163.1987762451172,120.87763977050781,1363.4119873046875,428.25,31.899999618530273,280.6361999511719,184.32598876953125,286.5037536621094,233.82528686523438,9.220000267028809,488.2560119628906,113.2699966430664,362.2324523925781,95.43978118896484,202.91000366210938,736.3502197265625,347.29742431640625,13.149999618530273,973.3676147460938,113.38462829589844,293.1979675292969,83.12000274658203,98.96891021728516,1.399999976158142,94.1500015258789,606.1382446289062,30.790000915527344,117.6005630493164,143.7574920654297,119.01000213623047,337.99847412109375,71.93000030517578,199.89732360839844,44.63999938964844,74.16000366210938,156.27645874023438,92.77999877929688,15.40999984741211,97.43000030517578,136.31678771972656,27.055456161499023,14.140000343322754,2.3499999046325684,211.35000610351562,380.29998779296875,41.278404235839844,356.7664794921875,155.67999267578125,805.9480590820312,166.90826416015625,194.00283813476562,157.09373474121094,138.0934295654297,150.95932006835938,26.96489715576172,208.75999450683594,270.59698486328125,359.2372741699219,94.08999633789062,106.5999984741211,316.8473815917969,43.74837875366211,169.74000549316406,915.92333984375,161.0041046142578,47.57058334350586,112.48746490478516,155.39999389648438,80.94951629638672,278.8473815917969,209.83905029296875,248.73085021972656,130.79690551757812,45.92363357543945,93.22575378417969,44.79999923706055,89.4852066040039,136.25999450683594,6417.89990234375,187.33811950683594,458.04998779296875,25.170000076293945,433.5340881347656,236.24136352539062,171.3408660888672,388.1792297363281,126.58999633789062,346.48858642578125,46.95000076293945,16.100000381469727,118.73999786376953,107.04499816894531,15.846738815307617,128.6284942626953,324.2499694824219,18.90999984741211,656.3121948242188,120.61181640625,11.989999771118164,205.27000427246094,444.08343505859375,125.09036254882812,154.97872924804688,633.3637084960938,64.83798217773438,91.73806762695312,299.0899353027344,58.55241012573242,80.76000213623047,3.369999885559082,53.50218963623047,453.8374938964844,75.95574951171875,183.41000366210938,269.114013671875,137.56375122070312,145.36863708496094,318.6661376953125,711.0206909179688,46.767005920410156,309.57733154296875,199.64999389648438,13.079999923706055,287.3999938964844,140.18865966796875
2026-03-20,300.8203125,107.31016540527344,43.86539840698242,186.75999450683594,199.89907836914062,160.60690307617188,137.66114807128906,135.66000366210938,203.38272094726562,172.4989471435547,48.65855407714844,281.55255126953125,46.5977668762207,74.2704849243164,148.47784423828125,180.68441772460938,495.4685363769531,128.52000427246094,248.14999389648438,383.8900146484375,53.970001220703125,43.869998931884766,121.29602813720703,160.82131958007812,114.26800537109375,1314.379150390625,420.32000732421875,31.200000762939453,277.5350341796875,178.68988037109375,285.1009216308594,228.19924926757812,8.460000038146973,486.6112365722656,110.37999725341797,351.42620849609375,92.62310028076172,197.5,731.7770385742188,345.1932678222656,12.84000015258789,970.9212036132812,113.3647689819336,293.7646179199219,81.4000015258789,95.57683563232422,1.3300000429153442,89.94999694824219,593.1102905273438,20.530000686645508,114.30754852294922,143.20169067382812,114.26000213623047,328.47076416015625,67.2300033569336,197.33799743652344,44.11000061035156,70.88999938964844,157.18365478515625,84.62000274658203,14.880000114440918,96.19000244140625,131.7552490234375,26.331274032592773,13.380000114440918,2.3399999141693115,197.72000122070312,367.9599914550781,39.9687614440918,356.6166687011719,150.67999267578125,809.9603881835938,145.8157958984375,194.39085388183594,158.5935516357422,134.96107482910156,149.67596435546875,26.532041549682617,205.3699951171875,262.2900390625,355.8166809082031,89.93000030517578,101.55000305175781,293.02362060546875,42.046993255615234,162.9499969482422,905.1419067382812,157.65379333496094,46.38679122924805,111.58271789550781,151.47000122070312,80.27798461914062,274.0249328613281,199.48292541503906,247.76173400878906,129.42198181152344,44.05866622924805,90.07247161865234,42.06999969482422,87.86602020263672,131.22000122070312,6369.3798828125,186.24368286132812,454.0,24.6299991607666,410.221435546875,234.02410888671875,172.5278778076172,381.0447082519531,124.33000183105469,342.6731872558594,46.2400016784668,15.729999542236328,114.38999938964844,102.25,15.591463088989258,125.72357940673828,319.1300964355469,17.829999923706055,646.9034423828125,118.79328918457031,11.4399995803833,201.3300018310547,422.722412109375,125.98372650146484,149.15904235839844,623.3492431640625,63.272132873535156,88.84922790527344,300.9960021972656,58.503089904785156,78.41000366210938,3.25,51.97555160522461,454.1565246582031,77.15886688232422,181.4600067138672,255.8267822265625,132.71841430664062,144.0994873046875,309.3703918457031,703.8522338867188,46.91623306274414,302.7450256347656,192.82000732421875,12.220000267028809,283.8999938964844,136.3141326904297
2026-03-23,301.87969970703125,109.90100860595703,45.34054183959961,193.61000061035156,203.34750366210938,163.44166564941406,138.6038360595703,138.1999969482422,203.2438507080078,175.43553161621094,49.0980110168457,289.3105163574219,47.372867584228516,74.62818145751953,149.30911254882812,183.2135467529297,499.5215759277344,132.58999633789062,247.63999938964844,407.8999938964844,56.2599983215332,44.0099983215332,124.91280364990234,162.6498260498047,119.51184844970703,1366.635009765625,432.4800109863281,33.11000061035156,275.2140808105469,183.58779907226562,288.4338684082031,233.14576721191406,8.90999984741211,476.5430603027344,110.94999694824219,344.0859680175781,92.98014831542969,200.6199951171875,735.4315795898438,347.14849853515625,13.109999656677246,964.3306884765625,114.85405731201172,300.136962890625,82.7699966430664,97.911376953125,1.3899999856948853,93.95999908447266,603.5006713867188,21.579999923706055,118.3888931274414,142.9138641357422,114.52999877929688,337.6592712402344,68.0,194.01185607910156,40.7599983215332,72.48999786376953,164.08230590820312,83.69000244140625,15.880000114440918,96.25,137.7241668701172,26.59197998046875,14.369999885559082,2.4000000953674316,206.27000427246094,380.8500061035156,40.26714324951172,361.3407897949219,160.83999633789062,827.6224975585938,151.07843017578125,194.19186401367188,160.04371643066406,136.78689575195312,150.95034790039062,26.335290908813477,210.13999938964844,277.52105712890625,358.74859619140625,88.41999816894531,105.56999969482422,294.7131652832031,43.67873001098633,164.0500030517578,908.9852294921875,159.68186950683594,48.993125915527344,112.41754150390625,151.8000030517578,80.62060546875,268.00927734375,204.57611083984375,251.25851440429688,127.87769317626953,44.495872497558594,92.96711730957031,44.5,90.1148910522461,135.8800048828125,6530.68994140625,187.67640686035156,451.239990234375,25.170000076293945,403.0290832519531,234.07382202148438,175.43057250976562,382.1722717285156,123.79000091552734,344.2488708496094,46.880001068115234,16.309999465942383,116.91000366210938,103.32749938964844,15.13982105255127,126.24903869628906,325.8767395019531,20.309999465942383,653.6959228515625,120.49005889892578,11.699999809265137,202.67999267578125,404.1802062988281,126.25173950195312,153.80282592773438,612.241943359375,64.9576644897461,89.57392120361328,303.8101806640625,59.203041076660156,81.0999984741211,3.2300000190734863,54.81928634643555,455.61199951171875,77.83499908447266,183.63999938964844,255.94674682617188,138.40122985839844,144.13433837890625,322.0003967285156,677.0203247070312,47.27437210083008,313.1380920410156,189.9199981689453,12.350000381469727,292.5199890136719,136.44326782226562
2026-03-24,290.2666320800781,109.46187591552734,44.06474304199219,195.83999633789062,204.9131622314453,164.98336791992188,141.43186950683594,136.25,203.5116424560547,174.99603271484375,49.107975006103516,294.3926086425781,48.26951599121094,74.19100189208984,149.02212524414062,183.85081481933594,498.0740661621094,130.0,238.8699951171875,429.3800048828125,54.959999084472656,44.060001373291016,124.33808898925781,163.59750366210938,120.21966552734375,1396.3701171875,415.6199951171875,32.70000076293945,282.7102355957031,183.03916931152344,290.91119384765625,238.671875,8.25,478.3274230957031,104.6500015258789,350.0019836425781,93.20825958251953,181.0399932861328,740.5838623046875,345.81854248046875,12.8100004196167,972.4089965820312,115.53913879394531,300.2264404296875,79.33999633789062,98.7893295288086,1.3899999856948853,93.55999755859375,592.3709716796875,22.229999542236328,117.84004974365234,142.09005737304688,112.52999877929688,342.4480285644531,66.06999969482422,193.19525146484375,40.970001220703125,69.08000183105469,176.3643035888672,77.48999786376953,15.600000381469727,98.08999633789062,136.20700073242188,26.52438735961914,14.329999923706055,2.25,196.17999267578125,383.0299987792969,39.94001388549805,373.525634765625,154.77999877929688,832.052978515625,152.5064239501953,182.09344482421875,164.2650604248047,135.9878387451172,156.4193572998047,26.52220344543457,207.24000549316406,271.9798278808594,373.06903076171875,86.9800033569336,108.04000091552734,300.9715270996094,43.28074645996094,157.2100067138672,901.4682006835938,161.7895050048828,50.246551513671875,110.84164428710938,139.41000366210938,80.55108642578125,270.73370361328125,204.48622131347656,251.4083709716797,128.19650268554688,44.80390548706055,91.89281463623047,47.4900016784668,92.31378936767578,130.8000030517578,6499.93017578125,193.6460723876953,448.6199951171875,23.950000762939453,423.917724609375,233.9246826171875,171.1956329345703,371.9344177246094,125.9800033569336,343.119140625,46.43000030517578,15.930000305175781,124.86000061035156,98.24749755859375,15.159457206726074,126.2886962890625,323.6511535644531,17.920000076293945,651.5015869140625,121.8175277709961,11.430000305175781,205.3699951171875,395.3639221191406,128.39581298828125,146.57806396484375,606.2014770507812,66.47364044189453,90.95381164550781,303.131591796875,60.40437698364258,76.76000213623047,3.1700000762939453,56.35590362548828,431.11773681640625,79.15744018554688,183.94000244140625,270.83367919921875,137.91270446777344,144.15423583984375,317.78704833984375,679.1708374023438,47.89116668701172,312.88873291015625,192.85000610351562,12.75,284.32000732421875,137.208251953125
2026-03-25,290.7563171386719,110.50979614257812,44.702640533447266,193.25999450683594,203.2880401611328,164.76454162597656,142.1066436767578,139.1300048828125,205.475341796875,178.47198486328125,49.16776657104492,302.8494873046875,49.2259407043457,74.76728057861328,150.15025329589844,184.43829345703125,501.8974914550781,131.80999755859375,237.25,437.70001220703125,55.27000045776367,47.18000030517578,128.68812561035156,164.69480895996094,122.26337432861328,1390.85205078125,410.1300048828125,31.959999084472656,286.50274658203125,191.59808349609375,293.91583251953125,233.28565979003906,8.279999732971191,490.78802490234375,103.05999755859375,350.59954833984375,93.83308410644531,181.10000610351562,748.3522338867188,351.27734375,13.260000228881836,973.447509765625,118.51771545410156,298.4767761230469,78.88999938964844,101.28350067138672,1.3899999856948853,92.94999694824219,594.3391723632812,24.049999237060547,117.92986297607422,142.84437561035156,115.5999984741211,346.9375305175781,72.87999725341797,194.19110107421875,42.529998779296875,72.54000091552734,183.44239807128906,79.9800033569336,15.140000343322754,102.61000061035156,136.65615844726562,28.72590446472168,15.15999984741211,2.319999933242798,199.02000427246094,385.95001220703125,39.92018508911133,368.88140869140625,154.9600067138672,838.1461791992188,151.29811096191406,181.03880310058594,162.1593475341797,136.5971221923828,154.18521118164062,26.83700942993164,211.7100067138672,277.5708312988281,373.966552734375,96.05999755859375,109.0199966430664,296.0628356933594,42.9126091003418,153.22000122070312,914.7353515625,164.20530700683594,51.61935806274414,111.15084075927734,139.44000244140625,80.94833374023438,269.0135192871094,221.8330078125,252.38746643066406,129.87033081054688,44.962890625,91.70381927490234,48.63999938964844,98.40074157714844,135.00999450683594,6552.2001953125,195.77525329589844,454.9700012207031,23.1200008392334,412.9255676269531,238.5580291748047,169.08493041992188,370.2381286621094,126.19999694824219,349.3327941894531,47.09000015258789,16.190000534057617,130.4199981689453,96.46499633789062,15.434370994567871,127.06201934814453,326.146240234375,20.549999237060547,655.1322021484375,122.82559204101562,11.6899995803833,220.27000427246094,381.9295654296875,127.97889709472656,145.5117950439453,620.1402587890625,67.81009674072266,90.49716186523438,304.2792053222656,60.13631057739258,78.12000274658203,3.1700000762939453,56.96456527709961,425.544921875,79.80374908447266,189.17999267578125,276.1025695800781,137.27462768554688,145.59788513183594,318.30621337890625,688.1812133789062,48.498016357421875,321.1174011230469,193.50999450683594,13.039999961853027,281.3900146484375,137.35726928710938
2026-03-26,280.7523193359375,108.61357116699219,45.051490783691406,193.30999755859375,205.90408325195312,162.35748291015625,146.35366821289062,132.92999267578125,209.38291931152344,171.04066467285156,48.87877655029297,294.7320861816406,48.90713119506836,74.21087646484375,149.25962829589844,181.34158325195312,499.89093017578125,131.05999755859375,240.8800048828125,387.989990234375,51.810001373291016,44.099998474121094,124.26872253417969,160.87420654296875,118.58470916748047,1326.6024169921875,401.95001220703125,29.84000015258789,289.544677734375,187.09915161132812,290.1749572753906,211.4710235595703,8.579999923706055,493.9280700683594,103.63999938964844,347.93035888671875,94.63642883300781,173.3800048828125,755.6014404296875,350.51312255859375,13.239999771118164,978.2305908203125,118.08085632324219,297.63177490234375,81.02999877929688,99.1285400390625,1.350000023841858,92.69000244140625,547.032958984375,22.209999084472656,116.87210845947266,141.3555908203125,109.91000366210938,325.3480529785156,65.94000244140625,192.05003356933594,40.18000030517578,70.3499984741211,175.27767944335938,75.86000061035156,14.40999984741211,100.62000274658203,132.98297119140625,28.175525665283203,14.005000114440918,2.319999933242798,195.91000366210938,372.1099853515625,39.94001388549805,338.129638671875,147.55999755859375,819.0303955078125,152.08702087402344,184.70018005371094,164.31471252441406,132.34219360351562,144.9280242919922,27.122299194335938,207.5399932861328,272.586669921875,356.1158752441406,87.86000061035156,104.66999816894531,273.27874755859375,39.36060333251953,156.36000061035156,895.4585571289062,165.04039001464844,52.037166595458984,108.52766418457031,141.5,80.58087921142578,266.5277404785156,204.81578063964844,252.6572265625,130.0596160888672,45.04238510131836,90.6295166015625,46.75,97.6311264038086,122.55000305175781,6530.22021484375,192.4322509765625,453.739990234375,23.6200008392334,378.5201110839844,237.8719940185547,168.1277313232422,365.1790771484375,124.4000015258789,352.0877990722656,47.54999923706055,14.649999618530273,119.8499984741211,98.15499877929688,15.041638374328613,128.27157592773438,325.0982971191406,19.229999542236328,643.432373046875,121.94727325439453,10.989999771118164,203.77000427246094,355.31072998046875,132.26702880859375,142.31295776367188,623.2498779296875,66.68309020996094,90.49716186523438,304.8979187011719,61.07950973510742,79.37999725341797,3.1500000953674316,55.70733642578125,431.2174072265625,78.57079315185547,191.05999755859375,252.3474884033203,135.5498504638672,145.10008239746094,308.9310607910156,688.957763671875,47.99065399169922,318.7236022949219,185.8300018310547,12.399999618530273,280.6199951171875,135.9862823486328
2026-03-27,274.1762390136719,105.46983337402344,43.446781158447266,182.89999389648438,209.23358154296875,157.54336547851562,148.40771484375,126.02999877929688,207.6770782470703,167.32498168945312,47.64310836791992,301.0223083496094,48.72780227661133,75.22432708740234,151.4466094970703,175.34732055664062,483.4092712402344,122.87000274658203,234.83999633789062,401.6099853515625,50.22999954223633,43.130001068115234,121.57347869873047,158.8092803955078,124.3170394897461,1299.63134765625,380.4700012207031,27.510000228881836,288.5767822265625,192.9248046875,281.3998718261719,211.2611846923828,8.020000457763672,489.5718688964844,99.41000366210938,341.615966796875,94.76536560058594,161.13999938964844,736.6098022460938,346.156005859375,12.369999885559082,982.4344482421875,118.7758560180664,290.5535888671875,78.19999694824219,101.86215209960938,1.2599999904632568,88.44000244140625,525.233154296875,21.969999313354492,114.38737487792969,141.6434326171875,108.12000274658203,325.9765930175781,60.93000030517578,188.9230499267578,37.84000015258789,66.0199966430664,171.280029296875,71.94000244140625,13.319999694824219,99.80999755859375,130.8768768310547,27.71204948425293,12.800000190734863,2.2300000190734863,184.42999267578125,361.8299865722656,39.66244125366211,336.7513732910156,143.05999755859375,799.3670654296875,155.2625732421875,178.4022216796875,169.8372344970703,129.76527404785156,144.1370391845703,26.600906372070312,199.33999633789062,260.4495849609375,356.3751525878906,78.66999816894531,103.91999816894531,275.2682189941406,39.22130584716797,147.02000427246094,876.7307739257812,162.4158172607422,53.2209587097168,106.76226043701172,133.16000366210938,81.21646881103516,257.54901123046875,202.31912231445312,248.57098388671875,126.64225006103516,45.30073165893555,89.7740478515625,44.529998779296875,94.83252716064453,120.7699966430664,6450.759765625,189.36781311035156,433.07000732421875,22.190000534057617,379.7991943359375,239.07505798339844,162.07814025878906,355.9989318847656,117.66999816894531,343.6443786621094,45.75,13.899999618530273,120.02999877929688,92.3949966430664,15.041638374328613,128.8763427734375,316.9144592285156,17.520000457763672,632.4606323242188,122.65592193603516,10.300000190734863,201.99000549316406,357.07000732421875,132.81297302246094,139.17391967773438,611.8346557617188,64.65846252441406,90.73541259765625,294.9085998535156,62.112064361572266,73.2300033569336,2.940000057220459,56.11643600463867,415.15704345703125,76.75120544433594,183.83999633789062,251.0177764892578,133.78518676757812,142.63095092773438,300.2048645019531,676.0247192382812,46.72721862792969,314.5544128417969,190.2899932861328,12.600000381469727,271.7699890136719,133.3734588623047
2026-03-30,273.33673095703125,105.44987487792969,44.523231506347656,168.52000427246094,208.79759216308594,157.52346801757812,148.73516845703125,121.44000244140625,211.36647033691406,164.97772216796875,48.19118881225586,298.1467590332031,48.90713119506836,75.78073120117188,155.18727111816406,177.36863708496094,493.15252685546875,123.0999984741211,241.1300048828125,365.0,45.58000183105469,41.189998626708984,120.86994171142578,156.2256317138672,123.32012176513672,1251.22705078125,383.1400146484375,26.59000015258789,287.9545593261719,191.3885955810547,282.32513427734375,199.7892608642578,7.800000190734863,497.68621826171875,104.97000122070312,338.558349609375,96.134033203125,160.7899932861328,748.1724853515625,346.38427734375,11.649999618530273,995.1360473632812,117.25678253173828,295.742919921875,79.05000305175781,102.8797836303711,1.2599999904632568,85.20999908447266,535.8833618164062,21.059999465942383,113.47930908203125,143.63839721679688,106.5999984741211,315.7605285644531,57.380001068115234,186.3736572265625,35.63999938964844,65.16000366210938,164.152099609375,65.27999877929688,12.899999618530273,98.41999816894531,130.21812438964844,27.94378662109375,11.829999923706055,2.2300000190734863,176.97000122070312,355.2799987792969,39.8607063293457,322.71881103515625,137.5500030517578,804.0563354492188,147.3336639404297,184.09324645996094,170.31399536132812,127.34815216064453,138.08175659179688,27.31905174255371,200.9499969482422,260.02178955078125,342.5832824707031,73.81999969482422,102.83999633789062,251.60440063476562,37.78856658935547,154.35000610351562,885.1063842773438,163.78775024414062,51.261234283447266,107.67987060546875,137.25999450683594,81.31578063964844,260.3033142089844,191.33383178710938,246.40298461914062,126.60240173339844,45.62863540649414,84.43236541748047,43.2599983215332,87.76606750488281,116.12999725341797,6499.33984375,185.47756958007812,443.1600036621094,21.899999618530273,362.1717529296875,241.10340881347656,164.28738403320312,358.1842041015625,120.80999755859375,337.72802734375,44.34000015258789,12.979999542236328,112.51000213623047,95.01499938964844,14.737271308898926,130.58160400390625,318.68096923828125,16.350000381469727,630.3460693359375,123.26475524902344,10.25,196.0399932861328,321.79998779296875,131.90968322753906,138.31692504882812,594.6769409179688,63.022796630859375,91.38068389892578,298.9203186035156,61.516357421875,75.47000122070312,2.8399999141693115,54.52992630004883,427.708251953125,76.36341857910156,187.57000732421875,234.17127990722656,132.13018798828125,143.18850708007812,292.94635009765625,668.647216796875,46.985870361328125,315.0830383300781,184.6999969482422,12.140000343322754,270.8800048828125,135.44979858398438
2026-03-31,287.3883361816406,108.76327514648438,45.08139419555664,173.58999633789062,205.02215576171875,163.69033813476562,143.45616149902344,124.80000305175781,215.7005157470703,174.1969757080078,49.197662353515625,278.8168029785156,49.78385543823242,75.56214904785156,153.67318725585938,181.65025329589844,498.8028259277344,126.27999877929688,243.0800018310547,388.2300109863281,49.59000015258789,44.130001068115234,124.31826782226562,161.33306884765625,130.8138885498047,1317.9512939453125,396.4800109863281,28.829999923706055,286.89776611328125,202.48126220703125,292.6622314453125,213.5095977783203,8.15999984741211,494.1972351074219,104.55000305175781,343.75726318359375,95.7273941040039,174.61000061035156,771.4877319335938,349.21295166015625,12.819999694824219,994.9862060546875,119.43114471435547,300.70361328125,81.72000122070312,107.9978256225586,1.3200000524520874,92.06999969482422,571.6002197265625,22.770000457763672,117.36106872558594,143.36048889160156,111.41999816894531,337.1604309082031,64.22000122070312,192.0998077392578,37.810001373291016,69.30000305175781,163.6237335205078,70.51000213623047,14.039999961853027,102.18000030517578,136.2169647216797,28.552099227905273,12.359999656677246,2.4700000286102295,183.0500030517578,371.75,40.47532272338867,341.3656311035156,146.27999877929688,842.2778930664062,150.11976623535156,185.72494506835938,168.51620483398438,132.74171447753906,147.05331420898438,27.6240177154541,208.27000427246094,273.76055908203125,356.684326171875,82.87000274658203,108.61000061035156,270.41949462890625,39.87798309326172,160.32000732421875,918.189453125,168.68572998046875,51.12196350097656,110.57234191894531,140.2899932861328,81.41510009765625,269.0533142089844,204.2165985107422,253.55638122558594,128.3061065673828,45.59882736206055,86.38202667236328,47.52000045776367,99.00044250488281,122.77999877929688,6589.830078125,193.15855407714844,446.5400085449219,23.829999923706055,391.4808654785156,243.04225158691406,167.990478515625,369.3699951171875,123.26000213623047,340.13616943359375,47.56999969482422,14.430000305175781,120.55000305175781,97.60250091552734,14.697998046875,129.81820678710938,326.4256896972656,18.559999465942383,648.6688842773438,124.04327392578125,10.84000015258789,203.42999267578125,337.8399963378906,131.02626037597656,146.59799194335938,600.4591064453125,66.30409240722656,92.20464324951172,301.6147155761719,60.82136917114258,78.70999908447266,3.069999933242798,58.65085220336914,431.0479431152344,79.15744018554688,183.3300018310547,250.5278778076172,136.80604553222656,145.96624755859375,309.02093505859375,679.25048828125,48.498016357421875,319.72100830078125,197.25999450683594,13.5600004196167,277.8699951171875,138.46002197265625
2026-04-01,297.2124938964844,109.5816421508789,44.48336410522461,183.16000366210938,195.61830139160156,165.28176879882812,139.338134765625,122.77999877929688,213.21116638183594,175.54541015625,49.267417907714844,279.0264587402344,50.27202606201172,75.59195709228516,153.0398406982422,183.71141052246094,490.8065490722656,125.19000244140625,241.3699951171875,415.3900146484375,48.06999969482422,48.029998779296875,122.60401153564453,164.02642822265625,136.59523010253906,1356.7965087890625,396.739990234375,27.790000915527344,287.6431579589844,209.56382751464844,293.87603759765625,221.8537139892578,8.039999961853027,492.2733154296875,104.04000091552734,352.48193359375,96.14395141601562,172.99000549316406,776.0908203125,350.6322021484375,13.270000457763672,995.1160278320312,119.97721862792969,299.6796875,81.1500015258789,113.5249252319336,1.350000023841858,95.08000183105469,578.6936645507812,22.510000228881836,116.90204620361328,143.0131072998047,111.9000015258789,340.692138671875,65.5199966430664,193.91226196289062,38.279998779296875,70.11000061035156,168.85752868652344,67.69999694824219,13.5,101.77999877929688,136.5962677001953,27.876197814941406,12.550000190734863,2.609999895095825,183.5,381.260009765625,40.59428024291992,353.3606872558594,146.49000549316406,856.435546875,153.7447052001953,185.29713439941406,159.69607543945312,134.74932861328125,151.79025268554688,28.086383819580078,210.57000732421875,280.6050720214844,364.55255126953125,83.98999786376953,111.12999725341797,297.65240478515625,41.599266052246094,160.6699981689453,952.8796997070312,173.29440307617188,49.76905822753906,110.95135498046875,136.6699981689453,80.89867401123047,272.424072265625,212.5254669189453,255.3946990966797,126.8116226196289,45.81743240356445,84.98941802978516,49.540000915527344,106.65660858154297,124.8499984741211,6664.18994140625,195.30763244628906,447.260009765625,24.219999313354492,422.8185119628906,242.7240753173828,166.96266174316406,368.57171630859375,126.62999725341797,347.3804931640625,48.810001373291016,13.699999809265137,120.37999725341797,98.32749938964844,14.57036018371582,129.77853393554688,332.8030700683594,20.239999771118164,653.5562744140625,124.50239562988281,10.260000228881836,210.2100067138672,367.8500061035156,127.43296813964844,144.7245330810547,613.6229248046875,67.42112731933594,92.17486572265625,297.8924560546875,58.547767639160156,79.1449966430664,3.059999942779541,61.06553649902344,424.5579833984375,80.11198425292969,183.77999877929688,259.3160400390625,137.83294677734375,147.08132934570312,312.99462890625,693.94580078125,49.01532745361328,324.8576965332031,199.4199981689453,14.149999618530273,280.19000244140625,139.3839569091797
2026-04-02,295.59344482421875,107.93492126464844,45.19103240966797,183.2100067138672,197.1641387939453,164.92369079589844,141.54103088378906,119.83000183105469,207.12168884277344,177.18348693847656,49.35710144042969,272.39678955078125,50.22221374511719,76.22785186767578,155.37527465820312,181.14244079589844,492.5934753417969,124.94999694824219,242.9199981689453,447.760009765625,48.130001068115234,50.380001068115234,120.93930053710938,163.36807250976562,135.35707092285156,1314.359130859375,395.95001220703125,29.299999237060547,291.7377014160156,208.02760314941406,293.1000061035156,218.28623962402344,8.710000038146973,501.01568603515625,102.0,354.5635070800781,96.6497573852539,171.4600067138672,760.7138061523438,345.3322448730469,13.130000114440918,1013.4894409179688,120.00701141357422,299.36053466796875,82.52999877929688,113.78431701660156,1.340000033378601,92.20999908447266,573.9281005859375,23.219999313354492,117.041748046875,142.05035400390625,110.95999908447266,338.2478942871094,67.7300033569336,195.39608764648438,34.91999816894531,68.9000015258789,173.83213806152344,67.30999755859375,14.1899995803833,100.87000274658203,135.57815551757812,27.480308532714844,12.859999656677246,2.6700000762939453,184.36000061035156,360.5899963378906,41.2485466003418,348.0373229980469,148.4600067138672,859.2531127929688,150.9685821533203,186.23236083984375,159.60667419433594,135.8280487060547,151.4906463623047,27.86012077331543,209.77000427246094,272.17877197265625,360.1048583984375,92.62000274658203,112.56999969482422,294.89312744140625,41.06198501586914,163.2100067138672,933.9722290039062,172.03749084472656,49.182132720947266,111.41016387939453,138.55999755859375,81.32571411132812,275.6854553222656,214.6925506591797,255.68443298339844,126.3333969116211,46.04597473144531,86.03387451171875,50.209999084472656,107.05641174316406,126.68000030517578,6663.14013671875,193.88485717773438,438.7099914550781,24.65999984741211,429.0540466308594,241.65025329589844,167.3516845703125,372.6528625488281,127.37999725341797,345.95343017578125,49.5099983215332,14.319999694824219,113.08000183105469,99.77999877929688,14.540904998779297,131.0872344970703,331.2760925292969,23.989999771118164,654.144775390625,125.55039978027344,10.149999618530273,217.5,366.239990234375,129.5571746826172,145.87054443359375,618.7393798828125,66.5833511352539,92.47268676757812,300.17767333984375,58.82576370239258,80.19000244140625,3.109999895095825,61.245140075683594,421.1784362792969,80.14181518554688,177.33999633789062,261.23565673828125,139.2686004638672,146.16537475585938,314.0529479980469,699.4216918945312,49.124759674072266,317.1776123046875,195.32000732421875,13.5,278.7200012207031,138.7978057861328
2026-04-06,299.8109130859375,108.82315063476562,45.330570220947266,183.52999877929688,197.0551300048828,165.6597442626953,141.9478759765625,127.69000244140625,204.9893798828125,177.43319702148438,49.70588302612305,274.733154296875,50.03292465209961,76.72463989257812,155.0981903076172,183.4226531982422,500.6396484375,126.80999755859375,244.36000061035156,434.260009765625,48.7599983215332,50.779998779296875,121.19692993164062,164.2060089111328,133.8892822265625,1301.16796875,397.07000732421875,29.239999771118164,292.30419921875,207.9877166748047,295.45001220703125,220.4946746826172,8.850000381469727,497.8955383300781,102.41999816894531,357.2825012207031,96.14395141601562,174.7899932861328,761.9019775390625,340.00250244140625,13.300000190734863,1017.0741577148438,119.98714447021484,304.8953857421875,82.29000091552734,112.5671615600586,1.4199999570846558,90.97000122070312,572.4894409179688,22.049999237060547,119.57637786865234,141.70297241210938,111.27999877929688,340.9615173339844,67.66999816894531,197.5869598388672,33.63999938964844,69.77999877929688,172.6457977294922,74.08999633789062,14.199999809265137,100.91000366210938,137.55447387695312,27.528589248657227,13.520000457763672,2.7200000286102295,189.25999450683594,352.82000732421875,41.397239685058594,352.1821594238281,147.92999267578125,862.2498779296875,151.3780059814453,184.09324645996094,162.2686004638672,136.61709594726562,153.80967712402344,27.378076553344727,212.7899932861328,274.27789306640625,362.8871765136719,94.80999755859375,110.4800033569336,304.0707092285156,42.36538314819336,161.9499969482422,925.4668579101562,169.1745147705078,49.520362854003906,111.47000885009766,139.52000427246094,82.09041595458984,279.76214599609375,215.69122314453125,258.6217041015625,125.267333984375,45.877052307128906,88.1029052734375,51.18000030517578,109.45521545410156,126.25,6715.4501953125,198.41184997558594,434.29998779296875,24.229999542236328,452.9770202636719,239.5920867919922,175.74818420410156,372.0741271972656,127.73999786376953,348.2327880859375,49.150001525878906,14.140000343322754,108.05999755859375,99.65249633789062,14.815817832946777,130.2841796875,337.3341369628906,22.920000076293945,657.23681640625,126.54849243164062,10.170000076293945,220.17999267578125,377.760009765625,130.66891479492188,145.033447265625,633.7511596679688,66.6032943725586,92.05574035644531,302.70245361328125,59.252685546875,80.55999755859375,3.1500000953674316,60.915863037109375,416.0741882324219,81.38470458984375,172.33999633789062,258.6761779785156,141.29248046875,145.6376953125,313.9331359863281,692.7410888671875,49.801246643066406,315.57177734375,195.57000732421875,13.229999542236328,279.3900146484375,139.21507263183594
2026-04-07,305.27764892578125,107.55567169189453,44.72257614135742,173.47000122070312,199.71080017089844,167.52969360351562,143.1187744140625,123.72000122070312,204.67201232910156,177.89266967773438,49.70588302612305,272.1571350097656,49.8934440612793,75.42304992675781,151.61485290527344,180.37571716308594,497.4251708984375,124.97000122070312,240.13999938964844,447.8800048828125,46.59000015258789,52.90999984741211,118.63050079345703,163.87681579589844,135.76646423339844,1303.6026611328125,397.8999938964844,28.489999771118164,290.58489990234375,209.10494995117188,297.3999938964844,224.19207763671875,8.960000038146973,493.0309143066406,100.55000305175781,352.5715637207031,96.02493286132812,175.17999267578125,759.1361694335938,337.4517517089844,13.550000190734863,1011.741943359375,118.42835235595703,306.19183349609375,83.72000122070312,114.38291931152344,1.440000057220459,89.29000091552734,574.5175170898438,22.670000076293945,114.84640502929688,140.24395751953125,110.61000061035156,344.5132141113281,66.31999969482422,197.09898376464844,32.040000915527344,69.6500015258789,177.14190673828125,71.95999908447266,13.84000015258789,99.54000091552734,132.84323120117188,27.480308532714844,14.1899995803833,2.740000009536743,186.85000610351562,346.6499938964844,41.35758972167969,353.8700866699219,150.07000732421875,860.3582763671875,153.46507263183594,182.03375244140625,162.8049774169922,137.2663116455078,154.68756103515625,26.659931182861328,213.77000427246094,266.3291015625,367.83349609375,92.56999969482422,110.2300033569336,311.8786926269531,43.25089645385742,169.8699951171875,929.489990234375,172.8355255126953,50.08738708496094,111.52985382080078,142.08999633789062,80.70005798339844,305.982421875,214.15328979492188,253.26666259765625,123.61344146728516,45.976417541503906,85.16847229003906,50.119998931884766,109.32527160644531,133.63999938964844,6492.240234375,198.73023986816406,431.8599853515625,24.489999771118164,468.3860168457031,237.04673767089844,172.97515869140625,371.48541259765625,126.44000244140625,345.2993469238281,49.70000076293945,13.739999771118164,109.18000030517578,105.80750274658203,14.913999557495117,130.690673828125,330.278076171875,22.729999542236328,657.5260009765625,122.25668334960938,9.15999984741211,221.52999877929688,377.5799865722656,130.79795837402344,142.6717071533203,623.6174926757812,65.44637298583984,92.98889923095703,301.924072265625,59.729248046875,79.33999633789062,3.190000057220459,60.62649917602539,408.97613525390625,81.2852783203125,175.61000061035156,262.24542236328125,136.65650939941406,145.9264373779297,333.4422607421875,687.4743041992188,50.02010726928711,313.1480407714844,192.30999755859375,13.220000267028809,279.4800109863281,137.8937530517578
2026-04-08,317.1305847167969,110.599609375,45.69935607910156,190.1300048828125,191.13931274414062,175.07913208007812,137.97869873046875,128.3000030517578,209.84906005859375,181.8680419921875,51.02127456665039,283.8290100097656,51.55722427368164,76.79419708251953,153.18829345703125,191.63739013671875,506.25,131.39999389648438,239.30999755859375,494.010009765625,50.209999084472656,58.95000076293945,124.1795425415039,170.02169799804688,139.9302215576172,1417.9530029296875,410.1600036621094,28.989999771118164,294.77880859375,215.06028747558594,307.9700012207031,246.31649780273438,9.5,498.9023742675781,97.47000122070312,360.5093994140625,96.37205505371094,175.08999633789062,774.3734130859375,347.188232421875,13.869999885559082,1028.7772216796875,122.3005142211914,315.4764099121094,83.51000213623047,117.87477111816406,1.4700000286102295,96.30000305175781,611.8529052734375,23.3700008392334,120.1850814819336,143.81704711914062,113.51000213623047,365.04510498046875,69.08000183105469,202.63592529296875,32.560001373291016,71.83000183105469,184.8979034423828,74.45999908447266,14.529999732971191,103.75,138.9019775390625,28.049999237060547,16.110000610351562,2.759999990463257,186.94000244140625,343.25,42.07133483886719,385.2410888671875,140.75999450683594,901.7756958007812,155.6719970703125,175.4770965576172,155.16680908203125,141.52125549316406,167.02081298828125,27.023921966552734,221.25,277.8195495605469,384.5173645019531,96.45999908447266,115.9000015258789,338.6916809082031,45.52935028076172,173.77999877929688,951.6618041992188,181.71372985839844,51.60940933227539,113.51468658447266,137.85000610351562,82.20957946777344,304.2423400878906,231.4700927734375,258.66168212890625,127.04077911376953,46.48318099975586,88.16259002685547,51.16999816894531,114.39273834228516,145.07000732421875,6755.5,207.84393310546875,443.9200134277344,25.440000534057617,495.9463806152344,239.9202117919922,180.54611206054688,373.52099609375,128.0,346.87506103515625,51.7599983215332,14.569999694824219,116.41000366210938,106.62750244140625,15.630000114440918,130.47254943847656,347.8932800292969,23.389999389648438,674.27294921875,127.0176010131836,9.859999656677246,231.82000732421875,406.7300109863281,124.29627227783203,143.16000366210938,624.4122924804688,67.89985656738281,93.48526763916016,308.32080078125,57.63435363769531,76.04000091552734,3.390000104904175,64.95696258544922,388.3100280761719,84.17874145507812,179.89999389648438,280.9715270996094,142.24957275390625,149.0128173828125,350.0759582519531,684.45751953125,51.611839294433594,334.80194091796875,200.77999877929688,13.869999885559082,289.5,140.6158447265625
2026-04-09,318.29986572265625,112.51579284667969,45.82892990112305,180.1699981689453,188.6322784423828,177.2076873779297,135.52772521972656,128.86000061035156,210.6523895263672,183.69590759277344,51.150821685791016,279.81524658203125,51.47751998901367,77.67848205566406,155.8502960205078,193.89768981933594,503.57000732421875,129.16000366210938,229.94000244140625,487.3800048828125,47.75,61.720001220703125,126.51806640625,171.76739501953125,140.67909240722656,1445.4827880859375,404.9200134277344,28.079999923706055,295.90185546875,215.908203125,310.3299865722656,258.5778503417969,9.670000076293945,501.7134704589844,89.80999755859375,356.5255432128906,96.78860473632812,169.02000427246094,766.704833984375,352.9348449707031,13.829999923706055,1030.53466796875,121.80408477783203,316.9024963378906,80.66000366210938,118.7327651977539,1.350000023841858,97.66999816894531,627.8081665039062,23.219999313354492,121.97129821777344,145.56390380859375,108.2300033569336,364.6360778808594,66.73999786376953,202.34713745117188,31.260000228881836,70.12000274658203,180.9002685546875,68.33000183105469,14.3100004196167,100.56999969482422,139.96998596191406,28.34000015258789,16.690000534057617,2.890000104904175,177.6999969482422,345.6199951171875,42.35881423950195,397.3160705566406,130.49000549316406,899.7545776367188,152.53639221191406,170.41018676757812,153.99476623535156,141.9008026123047,172.50582885742188,26.777982711791992,233.64999389648438,274.4669189453125,399.33642578125,91.61000061035156,115.54000091552734,337.79193115234375,43.89761734008789,166.99000549316406,953.5485229492188,183.54920959472656,52.265968322753906,113.97349548339844,122.2300033569336,82.87496185302734,305.16705322265625,229.98208618164062,260.2502136230469,127.27989959716797,46.85083770751953,88.46101379394531,48.84000015258789,119.8699951171875,146.0500030517578,6798.75,213.8931884765625,446.7799987792969,26.329999923706055,500.4131774902344,239.93014526367188,176.15716552734375,372.26373291015625,123.66999816894531,340.8100280761719,51.720001220703125,13.869999885559082,113.58999633789062,98.66999816894531,15.609999656677246,131.8605499267578,352.2347106933594,21.969999313354492,678.162841796875,128.884033203125,9.300000190734863,236.63999938964844,421.510009765625,122.5591812133789,137.86000061035156,619.8123779296875,67.65052032470703,93.79301452636719,307.6522216796875,56.91950988769531,67.76000213623047,3.309999942779541,66.30399322509766,361.69000244140625,85.53099822998047,177.11000061035156,287.5801696777344,143.30638122558594,148.67431640625,354.34918212890625,687.5440063476562,52.43754577636719,334.8617858886719,197.25,13.329999923706055,281.010009765625,141.16226196289062
2026-04-10,317.0506286621094,112.66549682617188,45.09136199951172,187.22000122070312,186.83871459960938,176.69046020507812,135.14073181152344,128.63999938964844,206.22909545898438,188.41041564941406,50.5927734375,286.0555725097656,51.76643753051758,76.97303771972656,155.4247589111328,192.17507934570312,498.6600036621094,128.9600067138672,225.35000610351562,496.0199890136719,50.25,62.380001068115234,126.17124938964844,171.0990447998047,144.62318420410156,1475.0582275390625,392.239990234375,28.790000915527344,296.8658447265625,218.2125244140625,309.8699951171875,263.4743957519531,9.539999961853027,501.5639343261719,83.0,352.1632080078125,96.35222625732422,167.85000610351562,747.753173828125,348.3891296386719,13.489999771118164,997.0232543945312,120.5530776977539,312.6441650390625,76.69999694824219,120.61836242675781,1.340000033378601,96.4000015258789,629.2767333984375,25.260000228881836,120.0753173828125,144.0751190185547,108.41000366210938,369.734130859375,68.05000305175781,200.72389221191406,31.190000534057617,69.19000244140625,177.25155639648438,70.33999633789062,14.680000305175781,100.16999816894531,140.1199951171875,28.93000030517578,16.600000381469727,2.940000057220459,179.72000122070312,348.95001220703125,42.448036193847656,398.9939880371094,128.05999755859375,903.8167114257812,154.51361083984375,164.53533935546875,151.4818115234375,142.45013427734375,173.5065460205078,26.48285484313965,238.3800048828125,275.5115051269531,401.8893737792969,94.9000015258789,116.04000091552734,343.3404846191406,43.758323669433594,155.72999572753906,937.8555297851562,185.6640167236328,51.649200439453125,113.6543197631836,118.05000305175781,81.80240631103516,302.6016845703125,229.2630615234375,260.240234375,127.58875274658203,46.66204071044922,88.50080108642578,47.90999984741211,128.49000549316406,147.35000610351562,6750.0400390625,213.6444549560547,436.2699890136719,27.43000030517578,502.7715148925781,237.09645080566406,173.02503967285156,370.0684814453125,120.93000030517578,333.6814270019531,51.220001220703125,14.25,117.97000122070312,94.75499725341797,15.84000015258789,130.66091918945312,353.4024353027344,23.56999969482422,677.7140502929688,126.52852630615234,9.210000038146973,245.0399932861328,420.5899963378906,121.6459732055664,138.08999633789062,609.7283935546875,67.64054870605469,93.39592742919922,303.7303161621094,56.53230285644531,62.93000030517578,3.2799999713897705,67.65103912353516,350.94000244140625,84.9145278930664,172.97000122070312,295.048583984375,142.20970153808594,146.66317749023438,370.9628601074219,670.7777709960938,52.26842498779297,335.2407531738281,203.47000122070312,13.279999732971191,265.6600036621094,138.08250427246094
2026-04-13,321.1181945800781,113.69344329833984,47.35390090942383,191.99000549316406,190.03939819335938,180.1717529296875,135.90480041503906,132.36000061035156,204.7711944580078,189.08961486816406,51.47966766357422,291.2674560546875,51.995582580566406,75.91984558105469,154.25704956054688,196.7056427001953,508.5799865722656,130.32000732421875,240.11000061035156,479.8999938964844,53.939998626708984,65.18000030517578,126.84505462646484,172.30606079101562,144.6132049560547,1496.9302978515625,417.7699890136719,29.760000228881836,296.80621337890625,216.8459014892578,313.67999267578125,267.1318359375,10.359999656677246,507.2658996582031,89.05999755859375,356.5056457519531,95.14224243164062,174.52999877929688,745.3468017578125,347.1981506347656,14.260000228881836,979.4287719726562,119.29214477539062,322.9360046386719,78.73999786376953,116.22860717773438,1.4500000476837158,95.19999694824219,633.9425048828125,25.969999313354492,121.4923095703125,142.5069122314453,112.01000213623047,368.70654296875,70.62000274658203,200.57452392578125,31.3700008392334,71.66999816894531,189.20457458496094,73.55000305175781,15.130000114440918,100.80000305175781,141.30999755859375,28.940000534057617,17.3700008392334,3.200000047683716,194.38999938964844,352.4200134277344,42.646297454833984,395.2386779785156,132.3699951171875,886.88134765625,157.978759765625,172.37510681152344,151.61094665527344,145.43658447265625,176.6525421142578,26.896034240722656,239.88999938964844,280.9532775878906,402.2483825683594,98.97000122070312,116.69999694824219,350.0687255859375,43.738426208496094,162.50999450683594,927.9525756835938,189.205322265625,51.649200439453125,114.5220718383789,122.62000274658203,80.9880599975586,311.22247314453125,232.51869201660156,258.96142578125,130.75706481933594,46.09565734863281,89.31647491455078,50.380001068115234,131.3000030517578,152.02000427246094,6781.68994140625,215.6144561767578,440.04998779296875,30.18000030517578,512.914306640625,236.59930419921875,176.80552673339844,383.539306640625,126.95999908447266,339.266845703125,54.83000183105469,14.649999618530273,111.55000305175781,100.55999755859375,15.8100004196167,129.28282165527344,358.8516540527344,24.40999984741211,684.3369750976562,124.33271789550781,9.579999923706055,246.8300018310547,426.55999755859375,122.70807647705078,155.6199951171875,615.6595458984375,66.87258911132812,91.62886810302734,308.74993896484375,56.70108413696289,65.45999908447266,3.4200000762939453,67.88052368164062,369.44000244140625,86.14747619628906,176.3699951171875,299.8975830078125,143.8946075439453,147.32028198242188,379.1499328613281,678.3245849609375,53.07423782348633,333.5152587890625,200.35000610351562,12.760000228881836,288.20001220703125,138.1222381591797
2026-04-14,332.7112731933594,116.20843505859375,47.81239318847656,193.11000061035156,185.32260131835938,182.3599853515625,132.5607452392578,137.41000366210938,208.52999877929688,196.28123474121094,51.599246978759766,296.1498718261719,51.816253662109375,75.4131088256836,154.0987091064453,198.98583984375,513.1599731445312,133.85000610351562,235.72000122070312,467.19000244140625,58.58000183105469,63.810001373291016,130.15467834472656,172.924560546875,147.4689178466797,1514.990966796875,418.79998779296875,35.7599983215332,294.7987060546875,219.3996124267578,311.1199951171875,272.2182312011719,10.489999771118164,498.0749816894531,87.79000091552734,354.1252746582031,95.1719970703125,184.41000366210938,754.3832397460938,348.3197021484375,14.779999732971191,973.3875732421875,119.10350036621094,326.0674133300781,78.69999694824219,119.02208709716797,1.5700000524520874,97.19999694824219,661.8765258789062,27.200000762939453,122.42034149169922,143.3009490966797,118.2300033569336,379.00244140625,72.22000122070312,201.9687042236328,32.0,79.08999633789062,183.94085693359375,73.66000366210938,16.8700008392334,102.0999984741211,141.94000244140625,31.25,18.1200008392334,3.390000104904175,194.52000427246094,364.20001220703125,43.052734375,395.1487731933594,135.6999969482422,905.638671875,163.74069213867188,170.86898803710938,148.23387145996094,147.76380920410156,179.36207580566406,26.669769287109375,249.02000427246094,280.07781982421875,400.79241943359375,88.56999969482422,116.05999755859375,366.1245422363281,44.28565216064453,161.58999633789062,920.9147338867188,189.57440185546875,51.22144317626953,116.25755310058594,122.68000030517578,80.90860748291016,312.40570068359375,237.95143127441406,258.59173583984375,132.35116577148438,46.17515182495117,88.36154174804688,57.40999984741211,133.8300018310547,154.3699951171875,6843.7099609375,217.76351928710938,444.2799987792969,30.299999237060547,533.0599365234375,238.72706604003906,180.6658172607422,392.2604064941406,130.32000732421875,338.3907165527344,56.86000061035156,16.969999313354492,114.91999816894531,99.62249755859375,16.5,128.6681365966797,365.9776306152344,23.670000076293945,692.675537109375,124.81181335449219,10.25,255.07000732421875,465.6600036621094,117.91370391845703,163.0,607.6023559570312,71.5102767944336,90.64606475830078,310.725830078125,55.54939270019531,64.08999633789062,3.5399999618530273,68.1199951171875,366.79998779296875,81.23555755615234,178.9600067138672,310.4454040527344,144.81182861328125,148.17649841308594,380.17828369140625,677.1497192382812,53.07423782348633,332.7372741699219,200.61000061035156,12.449999809265137,292.3699951171875,139.53297424316406
2026-04-15,336.91876220703125,117.94497680664062,49.407135009765625,197.7899932861328,183.23175048828125,190.59573364257812,131.3699951171875,143.5399932861328,208.4199981689453,198.63848876953125,51.987884521484375,294.2727966308594,51.188602447509766,74.82688903808594,153.23777770996094,202.1124267578125,519.9600219726562,137.50999450683594,244.66000366210938,475.760009765625,63.349998474121094,64.94000244140625,132.0670928955078,170.75987243652344,147.3890380859375,1478.54052734375,438.45001220703125,43.25,293.387451171875,213.8732147216797,305.92999267578125,264.9733581542969,10.470000267028809,496.370361328125,94.19000244140625,354.48382568359375,93.86283874511719,195.89999389648438,752.8056030273438,345.6101379394531,14.9399995803833,983.3231811523438,117.05821228027344,328.1617126464844,79.63999938964844,112.77667236328125,1.600000023841858,94.2699966430664,670.9581909179688,27.290000915527344,120.56427764892578,142.30841064453125,120.94000244140625,374.2236328125,73.5999984741211,197.56704711914062,32.18000030517578,87.31999969482422,176.733154296875,74.66000366210938,19.110000610351562,101.97000122070312,140.1300048828125,31.469999313354492,17.420000076293945,3.369999885559082,198.4199981689453,391.95001220703125,43.03290939331055,393.7704772949219,142.14999389648438,895.5431518554688,162.71214294433594,177.14280700683594,148.0054168701172,150.12100219726562,174.58816528320312,26.748470306396484,248.5,280.8537902832031,393.97125244140625,86.91000366210938,119.11000061035156,364.9048767089844,44.76323699951172,164.11000061035156,903.4747924804688,189.135498046875,52.14659118652344,117.05548095703125,131.00999450683594,80.50143432617188,312.2664794921875,238.10121154785156,266.18475341796875,132.56039428710938,45.728004455566406,87.97359466552734,57.619998931884766,134.60000610351562,154.3300018310547,6767.2099609375,215.19656372070312,441.70001220703125,30.68000030517578,519.229736328125,237.30523681640625,185.224365234375,410.3312683105469,132.25999450683594,337.39508056640625,56.7599983215332,20.809999465942383,110.12000274658203,102.79000091552734,16.239999771118164,126.88356018066406,363.0234375,23.8799991607666,698.1414184570312,124.5223617553711,11.710000038146973,258.1199951171875,456.2300109863281,118.04273986816406,169.80999755859375,607.1254272460938,71.79950714111328,90.57656860351562,315.2564392089844,55.360748291015625,67.3499984741211,3.75,68.69999694824219,389.7200012207031,79.83358001708984,180.5399932861328,301.09735107421875,143.76498413085938,147.12115478515625,396.0931091308594,675.6165161132812,54.039222717285156,327.98956298828125,195.1999969482422,12.100000381469727,304.1000061035156,138.857421875
2026-04-16,335.81939697265625,117.39606475830078,49.64634704589844,202.02000427246094,186.4423370361328,186.3187255859375,134.07000732421875,148.94000244140625,208.99000549316406,198.1190948486328,51.84837341308594,298.67596435546875,51.55722427368164,74.6977310180664,156.73101806640625,199.8521270751953,518.5399780273438,137.80999755859375,248.16000366210938,495.1700134277344,64.20999908447266,68.5,137.3287811279297,169.91195678710938,144.5033721923828,1407.755126953125,441.1499938964844,44.68000030517578,295.4049377441406,214.4019012451172,309.95001220703125,260.77630615234375,11.550000190734863,497.6463317871094,96.44000244140625,351.98394775390625,94.1207046508789,199.8300018310547,744.887451171875,346.7713928222656,14.15999984741211,985.7796020507812,114.63562774658203,324.8707275390625,82.4000015258789,113.14581298828125,1.6299999952316284,95.02999877929688,676.2432250976562,28.399999618530273,120.21501922607422,142.04043579101562,125.02999877929688,362.5010681152344,82.93000030517578,195.03758239746094,31.959999084472656,86.8499984741211,192.494384765625,74.41000366210938,19.450000762939453,103.70999908447266,138.89999389648438,31.329999923706055,16.920000076293945,3.3499999046325684,201.99000549316406,388.8999938964844,43.42943572998047,389.4158935546875,142.75999450683594,896.0509033203125,165.2985076904297,180.75347900390625,150.9553985595703,151.83895874023438,173.26385498046875,26.777982711791992,249.6999969482422,264.57818603515625,391.647705078125,90.94000244140625,120.2699966430664,361.5957336425781,46.4049186706543,166.97000122070312,902.4365234375,191.37998962402344,51.46018981933594,118.52166748046875,134.3300018310547,80.86888122558594,314.6031494140625,230.4914093017578,263.15753173828125,133.9751739501953,46.055908203125,88.33169555664062,56.22999954223633,133.3699951171875,161.00999450683594,6703.58984375,221.97215270996094,435.6499938964844,30.329999923706055,531.4310913085938,233.1988525390625,184.09718322753906,419.35174560546875,132.72000122070312,333.45245361328125,55.720001220703125,21.520000457763672,106.83000183105469,104.55000305175781,16.15999984741211,127.52799987792969,361.7060546875,27.280000686645508,699.8569946289062,124.58224487304688,11.40999984741211,278.260009765625,457.2300109863281,120.6731948852539,178.33999633789062,603.5389404296875,69.70507049560547,91.16228485107422,314.4481201171875,56.17488098144531,72.01000213623047,3.5999999046325684,68.27999877929688,387.1099853515625,80.78811645507812,176.02000427246094,294.0688171386719,142.9175567626953,145.96624755859375,397.8403625488281,669.822021484375,53.2334098815918,332.4779357910156,191.64999389648438,12.100000381469727,306.9599914550781,137.6453857421875
2026-04-17,341.4760437011719,120.17053985595703,50.643062591552734,203.6300048828125,182.32009887695312,187.8107147216797,128.42999267578125,166.52000427246094,208.3800048828125,201.44520568847656,52.246978759765625,295.75048828125,51.68674087524414,75.25413513183594,156.02841186523438,205.58750915527344,521.2999877929688,141.5500030517578,244.4499969482422,507.42999267578125,66.80999755859375,68.5,139.72674560546875,173.0841522216797,152.1519012451172,1456.6185302734375,449.5799865722656,46.09000015258789,290.0084533691406,219.55921936035156,310.2900085449219,267.41162109375,11.600000381469727,490.6783752441406,96.66000366210938,348.9363098144531,93.73390197753906,206.3300018310547,749.4506225585938,352.6370544433594,14.949999809265137,998.4412231445312,118.21985626220703,330.7845153808594,81.83999633789062,116.22860717773438,1.690000057220459,101.80000305175781,687.9124145507812,28.559999465942383,126.26219177246094,145.83187866210938,126.12999725341797,369.6343688964844,84.80000305175781,195.60520935058594,32.47999954223633,90.75,195.9437255859375,70.98999786376953,19.809999465942383,104.79000091552734,146.67999267578125,31.600000381469727,18.110000610351562,3.490000009536743,191.4199981689453,400.6199951171875,44.09361267089844,396.4471435546875,146.38999938964844,921.8870849609375,163.23141479492188,181.67111206054688,145.45274353027344,154.1661834716797,178.91563415527344,27.11246109008789,250.55999755859375,284.0074462890625,405.09051513671875,85.52999877929688,120.66000366210938,372.4228820800781,47.937156677246094,167.85000610351562,925.4369506835938,195.39012145996094,52.38534164428711,118.79096221923828,134.67999267578125,81.89178466796875,322.78643798828125,235.46475219726562,269.98126220703125,135.69879150390625,45.86711502075195,92.30065155029297,59.810001373291016,139.69000244140625,164.22999572753906,7000.919921875,228.65818786621094,441.20001220703125,31.389999389648438,547.3597412109375,232.84091186523438,191.52850341796875,421.87628173828125,134.5,334.8164367675781,57.9900016784668,21.690000534057617,111.38999938964844,105.98750305175781,16.239999771118164,126.9331283569336,377.18548583984375,27.579999923706055,708.3152465820312,127.25714111328125,12.649999618530273,278.3900146484375,455.07000732421875,115.18399047851562,175.05999755859375,588.3384399414062,71.53022766113281,91.31119537353516,316.3641357421875,54.62604904174805,72.25,3.7799999713897705,70.20999908447266,393.25,80.94721221923828,177.35000610351562,307.27606201171875,149.35806274414062,148.14663696289062,405.8976135253906,662.3449096679688,53.631343841552734,344.6563415527344,190.44000244140625,12.399999618530273,311.0299987792969,136.74131774902344
2026-04-20,337.2185974121094,119.6316146850586,51.290924072265625,199.61000061035156,181.58680725097656,189.68064880371094,129.16000366210938,170.80999755859375,203.7100067138672,201.82476806640625,52.44628143310547,287.1139221191406,52.03543472290039,74.99580383300781,155.35549926757812,204.8307647705078,516.6500244140625,143.58999633789062,248.6300048828125,503.2699890136719,68.12999725341797,65.69999694824219,138.89439392089844,173.4731903076172,148.9866485595703,1473.2821044921875,460.95001220703125,48.31999969482422,294.3216552734375,215.8583221435547,316.989990234375,262.9747619628906,11.630000114440918,496.5797119140625,99.72000122070312,347.1634826660156,92.74211883544922,211.6300048828125,748.2922973632812,347.5356140136719,15.210000038146973,996.3942260742188,116.26392364501953,328.969482421875,82.5999984741211,114.57247161865234,1.7400000095367432,98.91000366210938,670.2887573242188,28.809999465942383,127.1303482055664,143.41012573242188,127.75,365.3843078613281,89.45999908447266,194.97781372070312,33.880001068115234,91.2750015258789,203.61000061035156,69.83000183105469,19.639999389648438,104.19999694824219,147.2899932861328,31.3700008392334,18.110000610351562,3.569999933242798,197.22999572753906,392.5,44.25222396850586,391.1337585449219,145.88999938964844,937.6077880859375,159.37681579589844,185.7904815673828,146.6843719482422,154.37591552734375,180.3018798828125,27.07311248779297,248.27999877929688,280.8139953613281,406.4468078613281,81.0,123.62000274658203,374.0124816894531,48.3848876953125,169.55999755859375,918.3192138671875,201.76446533203125,51.92774200439453,118.4418716430664,134.8000030517578,81.822265625,321.6429748535156,227.93482971191406,272.79864501953125,137.01394653320312,45.459716796875,93.62364196777344,61.880001068115234,147.83999633789062,166.85000610351562,7096.97021484375,232.5185546875,439.17999267578125,31.190000534057617,539.3654174804688,229.37088012695312,191.5484619140625,417.1664733886719,132.86000061035156,330.68463134765625,57.689998626708984,21.65999984741211,106.48999786376953,108.2874984741211,16.440000534057617,126.76458740234375,377.97393798828125,27.520000457763672,706.8988037109375,127.67633819580078,12.789999961853027,274.95001220703125,448.4200134277344,115.5909652709961,177.5800018310547,577.4993896484375,71.02157592773438,91.34097290039062,313.29052734375,54.675689697265625,75.76000213623047,3.690000057220459,70.18000030517578,404.8299865722656,81.5040283203125,183.33999633789062,314.3446044921875,152.87741088867188,146.77268981933594,398.9985046386719,654.1011352539062,53.671138763427734,343.0405578613281,192.49000549316406,12.180000305175781,318.5,134.9828643798828
2026-04-21,332.0916442871094,118.73340606689453,50.71282958984375,191.5500030517578,184.2920379638672,188.29808044433594,132.42999267578125,163.97000122070312,205.1199951171875,199.64732360839844,52.117431640625,277.26922607421875,51.5771484375,74.2208023071289,153.30703735351562,201.6344757080078,511.3500061035156,142.64999389648438,247.17999267578125,505.92999267578125,62.61000061035156,66.26000213623047,134.1479949951172,171.0192413330078,141.59771728515625,1455.790283203125,467.5799865722656,46.279998779296875,292.9601135253906,202.59100341796875,313.0,258.1881103515625,11.229999542236328,493.2801513671875,100.13999938964844,338.9268493652344,91.16516876220703,195.9499969482422,746.2454223632812,342.2752990722656,15.3100004196167,1004.3526611328125,111.75633239746094,328.88970947265625,85.26000213623047,109.0453872680664,1.7300000190734863,97.12999725341797,668.220703125,28.43000030517578,128.3677215576172,141.25634765625,123.48999786376953,367.2200012207031,86.63999938964844,186.39358520507812,33.619998931884766,86.43000030517578,212.36000061035156,68.55000305175781,18.25,98.98999786376953,148.32000732421875,30.520000457763672,17.40999984741211,3.299999952316284,210.07000732421875,386.4200134277344,43.39969253540039,393.8403625488281,145.97000122070312,922.4844360351562,154.69337463378906,186.62831115722656,147.35980224609375,154.50576782226562,178.30941772460938,26.866519927978516,249.91000366210938,270.0697021484375,408.5709228515625,80.01000213623047,116.61000061035156,383.7099609375,45.56915283203125,174.9600067138672,901.4682006835938,207.55026245117188,52.49476623535156,116.85600280761719,139.61000061035156,81.27605438232422,344.0450134277344,216.3703155517578,265.9250183105469,135.0611572265625,44.664794921875,94.30999755859375,62.61000061035156,151.30999755859375,172.86000061035156,6933.5,231.97132873535156,436.5899963378906,30.690000534057617,559.5010986328125,224.8667755126953,190.3813934326172,423.2433166503906,131.97999572753906,324.0936279296875,55.540000915527344,20.360000610351562,108.05000305175781,112.40249633789062,16.139999389648438,124.59334564208984,374.71038818359375,27.81999969482422,702.2708129882812,129.3531494140625,11.670000076293945,284.489990234375,449.3800048828125,119.37286376953125,181.1699981689453,568.2301025390625,70.03419494628906,89.94122314453125,309.2987976074219,55.46996307373047,77.63999938964844,3.559999942779541,67.56999969482422,404.8500061035156,81.08641815185547,185.9499969482422,312.375,161.710693359375,145.27928161621094,401.5345153808594,608.4520874023438,53.20356750488281,333.74462890625,186.61000061035156,11.779999732971191,325.8399963378906,132.41970825195312
2026-04-22,339.1174621582031,118.6934814453125,51.05171203613281,217.0800018310547,184.6289520263672,190.02879333496094,133.00999450683594,179.36000061035156,200.5,202.26426696777344,52.027748107910156,286.71453857421875,51.636924743652344,74.15125274658203,152.1887969970703,198.5775909423828,510.1600036621094,144.17999267578125,255.94000244140625,498.9700012207031,72.41000366210938,65.2699966430664,135.17852783203125,170.62020874023438,144.5033721923828,1440.513671875,477.260009765625,47.36000061035156,294.92791748046875,203.568603515625,313.0199890136719,265.3630676269531,11.84000015258789,493.0608215332031,103.06999969482422,330.32171630859375,91.11558532714844,206.24000549316406,745.4666137695312,343.327392578125,16.56999969482422,1002.2457275390625,112.08397674560547,331.9912109375,87.08999633789062,111.58943939208984,1.7100000381469727,91.70999908447266,674.09521484375,29.18000030517578,127.29000854492188,141.78237915039062,123.29000091552734,386.5347900390625,90.04000091552734,180.15956115722656,35.36000061035156,88.43000030517578,214.64999389648438,68.61000061035156,18.3799991607666,100.05000305175781,148.02000427246094,30.610000610351562,18.479999542236328,3.3299999237060547,210.10000610351562,387.510009765625,43.08247375488281,402.9790344238281,152.6199951171875,930.7380981445312,155.57212829589844,189.3114013671875,148.4921112060547,157.90171813964844,180.97500610351562,26.364803314208984,255.36000061035156,264.2698059082031,412.72943115234375,84.66000366210938,126.47000122070312,388.99859619140625,47.031742095947266,181.1999969482422,919.8964233398438,213.73507690429688,54.066524505615234,117.57412719726562,142.66000366210938,81.54419708251953,351.5123596191406,218.8070526123047,272.9185791015625,135.5692901611328,44.58530044555664,94.44999694824219,63.20000076293945,157.32000732421875,177.72999572753906,6610.77001953125,235.1153564453125,437.6700134277344,31.690000534057617,579.4668579101562,224.80712890625,178.9501190185547,431.984375,130.5,319.3345642089844,56.41999816894531,21.239999771118164,116.19000244140625,116.66999816894531,15.989999771118164,124.17694854736328,366.4067687988281,29.940000534057617,709.3825073242188,129.73240661621094,13.569999694824219,303.4599914550781,487.4800109863281,121.69559478759766,187.5,551.8175048828125,68.22898864746094,89.34558868408203,310.64599609375,56.13516616821289,78.69999694824219,3.7300000190734863,70.36000061035156,408.67999267578125,80.12193298339844,190.07000732421875,305.0765380859375,160.69375610351562,145.7372589111328,421.98211669921875,587.0363159179688,52.84542465209961,334.28326416015625,188.7100067138672,12.710000038146973,331.6099853515625,132.03225708007812
2026-04-23,338.6877136230469,117.50584411621094,49.58654022216797,219.5800018310547,185.8973388671875,187.6416015625,133.8699951171875,172.47000122070312,200.9499969482422,199.4075927734375,51.619178771972656,292.3158264160156,51.617000579833984,75.7906723022461,154.07891845703125,195.78956604003906,502.3800048828125,141.8699951171875,238.97999572753906,515.8499755859375,76.45999908447266,66.77999877929688,130.50148010253906,173.64279174804688,141.33811950683594,1414.7100830078125,456.8500061035156,43.630001068115234,301.7753601074219,198.47116088867188,311.69000244140625,258.37799072265625,11.800000190734863,506.4584655761719,84.77999877929688,328.88751220703125,93.13883209228516,197.92999267578125,764.8776245117188,346.00714111328125,15.869999885559082,1012.9102172851562,113.80162811279297,317.6803894042969,82.76000213623047,110.80127716064453,1.5700000524520874,91.25,658.5396728515625,26.75,130.36349487304688,144.62100219726562,121.52999877929688,381.7659606933594,84.5999984741211,178.5562286376953,36.15999984741211,83.54000091552734,212.13999938964844,65.5199966430664,16.860000610351562,97.7699966430664,149.25,29.979999542236328,18.209999084472656,3.2100000381469727,201.91000366210938,373.7200012207031,43.57813262939453,403.40850830078125,141.57000732421875,927.2135620117188,156.6306610107422,172.85386657714844,149.51516723632812,155.65440368652344,181.31158447265625,26.236913681030273,255.0800018310547,259.0866394042969,423.33013916015625,78.75,123.8499984741211,403.0149230957031,46.66360855102539,173.2100067138672,916.0730590820312,212.42828369140625,54.45449447631836,117.08539581298828,132.97000122070312,82.9047622680664,352.54644775390625,225.20848083496094,273.1783142089844,133.4570770263672,45.79756164550781,94.18000030517578,58.849998474121094,165.55999755859375,172.5500030517578,6669.009765625,280.80322265625,435.1000061035156,30.15999984741211,587.2012939453125,229.3311004638672,176.30677795410156,414.8514709472656,125.44000244140625,317.3134460449219,55.18000030517578,19.309999465942383,124.36000061035156,111.34750366210938,15.800000190734863,126.94303894042969,367.5145568847656,27.559999465942383,706.6295776367188,131.77850341796875,12.720000267028809,305.3299865722656,481.7200012207031,123.45254516601562,176.27999877929688,526.34423828125,68.18909454345703,95.55014038085938,308.2409973144531,56.57201385498047,76.04000091552734,3.5,61.47999954223633,383.29998779296875,80.05233001708984,187.8800048828125,321.6830749511719,163.72459411621094,145.59788513183594,419.27642822265625,585.0848999023438,52.198787689208984,336.7867736816406,196.19000244140625,12.960000038146973,314.3299865722656,132.76744079589844
2026-04-24,344.19439697265625,118.45396423339844,50.314144134521484,205.6300048828125,183.52902221679688,187.06471252441406,133.1300048828125,171.02000427246094,198.7100067138672,208.0275421142578,51.24050521850586,313.04364013671875,51.726585388183594,76.138427734375,153.82162475585938,190.57196044921875,504.1700134277344,142.82000732421875,245.44000244140625,520.7999877929688,71.0,82.54000091552734,134.58399963378906,172.0467071533203,139.2312774658203,1454.52294921875,500.82000732421875,42.689998626708984,299.89703369140625,199.73802185058594,308.2799987792969,267.59149169921875,11.640000343322754,508.69140625,90.16999816894531,316.22882080078125,92.72227478027344,199.77000427246094,750.4491577148438,341.9676208496094,13.630000114440918,1009.6849365234375,111.1010513305664,313.22259521484375,84.33999633789062,120.4188232421875,1.559999942779541,93.0,674.4049682617188,29.079999923706055,127.29000854492188,148.17999267578125,128.7100067138672,401.5196838378906,79.68000030517578,173.53712463378906,35.77000045776367,84.70999908447266,216.08999633789062,61.2599983215332,16.610000610351562,98.02999877929688,146.63999938964844,30.270000457763672,18.610000610351562,2.9100000858306885,196.27999877929688,376.29998779296875,43.44926452636719,416.5221862792969,143.08999633789062,922.8428344726562,164.12017822265625,177.70135498046875,147.90609741210938,160.02919006347656,193.2533416748047,26.561555862426758,263.989990234375,264.46875,422.7517395019531,76.4000015258789,122.1500015258789,403.8946838378906,46.77305221557617,178.5399932861328,882.4409790039062,213.76499938964844,55.857139587402344,115.24020385742188,135.5,82.65648651123047,352.9044189453125,222.85162353515625,270.81048583984375,148.30226135253906,45.88698959350586,94.05000305175781,60.939998626708984,164.30999755859375,176.91000366210938,6503.9501953125,275.7389831542969,430.2900085449219,27.110000610351562,585.832275390625,226.19911193847656,179.79800415039062,423.7023010253906,127.87999725341797,311.8375549316406,48.78499984741211,18.489999771118164,121.41000366210938,112.03250122070312,16.18000030517578,126.17964172363281,366.42669677734375,25.530000686645508,712.10546875,129.6725311279297,11.960000038146973,347.80999755859375,496.7200012207031,120.8617935180664,173.27999877929688,510.1105651855469,68.26887512207031,94.58719635009766,308.7798767089844,56.46280288696289,75.9800033569336,3.509999990463257,61.04999923706055,395.95001220703125,78.96852111816406,184.3800048828125,323.3927001953125,159.41761779785156,143.5469207763672,422.09197998046875,572.5899047851562,51.78095626831055,336.8266906738281,193.75999450683594,12.739999771118164,332.8900146484375,129.548583984375
2026-04-27,350.130859375,117.60564422607422,49.606475830078125,221.97999572753906,183.10292053222656,189.16342163085938,133.22000122070312,169.1999969482422,197.3800048828125,216.3578338623047,51.629146575927734,314.68109130859375,51.58710861206055,74.95606231689453,152.49559020996094,193.28033447265625,506.42999267578125,141.05999755859375,239.30999755859375,506.3399963378906,75.93000030517578,84.98999786376953,131.31402587890625,172.08660888671875,136.30564880371094,1432.43994140625,498.5400085449219,43.84000015258789,300.5132141113281,197.6431884765625,311.6300048828125,259.287353515625,11.180000305175781,509.1399841308594,90.44999694824219,319.1669006347656,92.9999771118164,196.67999267578125,743.3297729492188,337.6304016113281,13.039999961853027,996.56396484375,109.44297790527344,317.9696044921875,85.66999816894531,115.8095932006836,1.590000033378601,91.9000015258789,677.9916381835938,27.850000381469727,128.00848388671875,148.39999389648438,128.00999450683594,404.0338134765625,82.29000091552734,172.66079711914062,35.2400016784668,83.94999694824219,215.97000122070312,63.15999984741211,16.90999984741211,98.47000122070312,147.36000061035156,29.75,18.280000686645508,2.890000104904175,195.74000549316406,378.6700134277344,43.11221694946289,404.3572998046875,143.10000610351562,933.6950073242188,166.3470458984375,179.71615600585938,147.19094848632812,160.37876892089844,189.7578125,26.35496711730957,261.1199951171875,257.5346984863281,415.6214294433594,77.19999694824219,123.11000061035156,400.62554931640625,46.9720458984375,182.89999389648438,866.7779541015625,214.4732666015625,54.94193649291992,115.5094985961914,134.11000061035156,81.77261352539062,352.67572021484375,221.77308654785156,267.3636474609375,149.70706176757812,45.89692306518555,93.25,61.0,158.2100067138672,172.47000122070312,6482.52978515625,268.1375732421875,426.010009765625,29.165000915527344,595.4354248046875,224.0514678955078,177.07484436035156,423.9018859863281,128.52000427246094,311.1605529785156,50.9900016784668,18.799999237060547,122.58000183105469,113.65249633789062,16.030000686645508,126.00118255615234,359.9595031738281,26.200000762939453,713.332275390625,127.34696197509766,12.649999618530273,334.6300048828125,524.5599975585938,120.78238677978516,172.9600067138672,510.01116943359375,68.01953887939453,94.14047241210938,309.0093994140625,56.363521575927734,76.13999938964844,3.4800000190734863,60.56999969482422,389.9200134277344,80.10204315185547,180.6699981689453,322.3629150390625,158.84934997558594,142.83009338378906,417.5391845703125,572.7592163085938,52.35795974731445,335.2308044433594,197.47999572753906,13.029999732971191,336.5400085449219,126.9158935546875
2026-04-28,349.5711975097656,116.77730560302734,49.47690200805664,205.58999633789062,186.6504364013672,189.34246826171875,135.77999877929688,165.7100067138672,197.69000244140625,212.92184448242188,51.669002532958984,305.2357482910156,51.208526611328125,77.8473892211914,154.6627655029297,191.2789306640625,507.6199951171875,139.0399932861328,243.1999969482422,473.69000244140625,69.08999633789062,84.5199966430664,129.6592254638672,170.56036376953125,129.2362518310547,1384.56005859375,483.8900146484375,43.08000183105469,301.47723388671875,188.7650604248047,311.45001220703125,251.0531463623047,11.020000457763672,508.68145751953125,90.48999786376953,323.569091796875,93.63472747802734,194.10000610351562,730.6787109375,337.02496337890625,13.199999809265137,992.5597534179688,109.24440002441406,315.0376281738281,85.72000122070312,109.64398956298828,1.5800000429153442,90.41000366210938,670.7183837890625,27.25,124.66558074951172,149.1699981689453,125.76000213623047,391.42333984375,78.58999633789062,174.95123291015625,34.29999923706055,82.06999969482422,205.92999267578125,61.65999984741211,16.389999389648438,97.29000091552734,143.72999572753906,29.729999542236328,16.56999969482422,3.059999942779541,192.33999633789062,376.0199890136719,43.528564453125,380.63677978515625,141.17999267578125,922.4844360351562,160.89468383789062,180.8532257080078,149.5449676513672,157.66201782226562,180.66641235351562,26.049999237060547,259.70001220703125,254.570068359375,411.931640625,71.87999725341797,116.30999755859375,390.8880920410156,45.48955535888672,180.99000549316406,872.498046875,224.55850219726562,55.35974884033203,115.44965362548828,136.07000732421875,82.50751495361328,364.6871032714844,215.8909454345703,270.4608154296875,149.44801330566406,45.956546783447266,92.31999969482422,59.150001525878906,153.22999572753906,165.2899932861328,6442.35986328125,263.66033935546875,430.1400146484375,30.559999465942383,578.6174926757812,226.48745727539062,172.9452362060547,428.3222961425781,126.91999816894531,312.3055114746094,52.060001373291016,18.110000610351562,116.54000091552734,113.74749755859375,15.789999961853027,126.70510864257812,357.62408447265625,24.579999923706055,709.8612060546875,127.34696197509766,11.819999694824219,323.2099914550781,504.2900085449219,123.40290832519531,165.9600067138672,508.95806884765625,67.0421371459961,95.80825805664062,308.66009521484375,57.29678726196289,76.19999694824219,3.4100000858306885,58.209999084472656,400.3800048828125,81.03669738769531,183.3800048828125,304.966552734375,155.9381561279297,143.20840454101562,399.19818115234375,575.2880859375,52.3878059387207,323.431396484375,195.86000061035156,12.970000267028809,325.30999755859375,128.41603088378906
2026-04-29,349.7311096191406,116.60763549804688,50.77263259887695,191.97999572753906,190.47540283203125,186.0800018310547,139.1199951171875,158.19000244140625,203.88999938964844,209.00640869140625,51.7387580871582,296.5392761230469,50.770164489746094,78.36405944824219,153.67318725585938,190.02430725097656,525.22998046875,140.27999877929688,243.57000732421875,475.3900146484375,64.9800033569336,94.75,129.24302673339844,169.512939453125,124.70304870605469,1394.0799560546875,481.2200012207031,42.11000061035156,300.6324768066406,183.10899353027344,309.25,248.57489013671875,10.720000267028809,503.1190185546875,88.88999938964844,320.1031188964844,92.74211883544922,181.72999572753906,685.3363647460938,335.486572265625,12.444999694824219,997.2229614257812,110.15782928466797,314.7882995605469,86.11000061035156,107.35932159423828,1.4700000286102295,88.62000274658203,668.5004272460938,26.31999969482422,120.45450592041016,146.4600067138672,121.01000213623047,392.90985107421875,77.0199966430664,172.07322692871094,31.190000534057617,71.19999694824219,205.66000366210938,59.560001373291016,16.079999923706055,97.66999816894531,139.57000732421875,29.700000762939453,15.979999542236328,2.819999933242798,183.5,372.79998779296875,43.26091003417969,382.1149597167969,137.97000122070312,901.6263427734375,153.57492065429688,180.75347900390625,153.62725830078125,158.92050170898438,181.38949584960938,25.833572387695312,263.0400085449219,252.69976806640625,409.6379699707031,69.8499984741211,114.29000091552734,412.6524353027344,44.942325592041016,181.5399932861328,849.7472534179688,221.84515380859375,55.40948486328125,114.99085235595703,134.72999572753906,82.34861755371094,368.6345520019531,207.80178833007812,269.92132568359375,155.42593383789062,45.39016342163086,88.70999908447266,56.70000076293945,156.57000732421875,168.67999267578125,6207.5,267.8590087890625,423.239990234375,29.3799991607666,642.8416137695312,226.0499725341797,173.54371643066406,423.5426330566406,120.37000274658203,337.2457580566406,50.709999084472656,18.270000457763672,114.2699966430664,113.09500122070312,16.0,125.42615509033203,353.25274658203125,24.790000915527344,709.7515258789062,127.76616668701172,11.319999694824219,337.1099853515625,518.4600219726562,127.30391693115234,163.8300018310547,506.4942321777344,66.09464263916016,93.48526763916016,334.167236328125,58.607337951660156,76.16000366210938,3.299999952316284,56.93000030517578,395.0799865722656,81.04664611816406,194.3800048828125,306.1163024902344,151.1925048828125,142.21279907226562,404.809326171875,569.9017333984375,52.60667037963867,317.02801513671875,190.61000061035156,11.930000305175781,329.95001220703125,127.99877166748047
2026-04-30,384.5702819824219,118.11463165283203,49.97526168823242,210.9600067138672,191.55551147460938,190.58999633789062,140.57000732421875,165.4499969482422,211.32000732421875,199.33767700195312,51.948028564453125,312.51446533203125,51.27826690673828,78.25476837158203,156.83987426757812,190.4823455810547,502.9200134277344,140.36000061035156,246.10000610351562,527.5800170898438,72.5,94.4800033569336,130.67984008789062,174.1515350341797,126.27069854736328,1438.989990234375,482.6000061035156,45.119998931884766,298.19757080078125,187.74757385253906,313.2300109863281,257.678466796875,11.989999771118164,499.560302734375,88.30999755859375,319.25653076171875,95.90591430664062,187.77000427246094,706.0054931640625,343.6549072265625,13.479999542236328,1013.06005859375,108.40046691894531,322.1680908203125,84.30999755859375,110.83120727539062,1.590000033378601,90.0,611.3433837890625,27.399999618530273,122.10102081298828,147.08999633789062,126.52999877929688,395.1346435546875,82.51000213623047,175.33963012695312,32.959999084472656,72.88999938964844,208.9499969482422,63.04999923706055,17.450000762939453,99.87999725341797,142.13999938964844,30.31999969482422,17.239999771118164,3.0,195.02000427246094,381.6300048828125,44.014312744140625,394.00018310546875,139.11000061035156,919.7166748046875,157.6192626953125,176.07554626464844,153.28955078125,159.31004333496094,174.8118896484375,26.266427993774414,265.05999755859375,262.39947509765625,431.8166809082031,73.9000015258789,123.04000091552734,434.40673828125,44.96222686767578,179.32000732421875,932.993896484375,224.73805236816406,56.58333206176758,116.20768737792969,130.67999267578125,83.72903442382812,368.37603759765625,216.10067749023438,271.1002502441406,178.91917419433594,46.552738189697266,90.30000305175781,58.45000076293945,165.14999389648438,172.7100067138672,6315.8701171875,279.6590270996094,427.3800048828125,30.329999923706055,673.1600341796875,228.5356903076172,167.9378204345703,406.8987121582031,126.73999786376953,342.79132080078125,52.34000015258789,20.280000686645508,119.12999725341797,111.4375,17.1299991607666,128.4401092529297,360.97747802734375,25.350000381469727,716.8132934570312,131.67869567871094,12.460000038146973,354.489990234375,517.1599731445312,124.85214233398438,161.38999938964844,514.6011352539062,67.81009674072266,97.16828918457031,329.1576232910156,59.222900390625,73.6500015258789,3.4600000381469727,57.779998779296875,388.5,81.7625503540039,189.27999877929688,328.4216613769531,153.39584350585938,145.34898376464844,416.7703857421875,576.9407348632812,53.18367004394531,320.77825927734375,201.88999938964844,12.729999542236328,329.5899963378906,129.9857177734375
2026-05-01,385.45977783203125,118.39407348632812,50.27427291870117,206.63999938964844,188.89984130859375,190.1699981689453,138.9499969482422,177.1699981689453,206.60000610351562,198.21897888183594,51.7387580871582,307.3324890136719,51.15871047973633,78.07592010498047,155.7711181640625,191.08973693847656,495.4599914550781,141.66000366210938,250.7100067138672,535.2899780273438,70.4000015258789,99.62000274658203,130.3032989501953,172.53550720214844,125.65162658691406,1427.02001953125,489.0199890136719,46.20000076293945,299.2113037109375,183.10899353027344,312.4700012207031,256.5392761230469,11.460000038146973,506.31890869140625,91.16000366210938,312.1054992675781,95.91584014892578,191.25,700.3739013671875,327.3480529785156,13.260000228881836,1011.7000122070312,111.35919952392578,318.80731201171875,86.29000091552734,108.3669662475586,1.600000023841858,92.5199966430664,608.1863403320312,27.09000015258789,118.95768737792969,147.25999450683594,125.87999725341797,396.74090576171875,78.80999755859375,173.2682647705078,33.849998474121094,73.66000366210938,210.1699981689453,62.04999923706055,17.5,99.72000122070312,139.83999633789062,29.959999084472656,18.5,2.9000000953674316,184.97000122070312,390.82000732421875,43.93500518798828,388.5968933105469,144.07000732421875,919.6569213867188,155.06285095214844,183.3468017578125,151.72019958496094,161.67721557617188,172.4059600830078,25.902435302734375,268.260009765625,264.18023681640625,424.3772277832031,70.88999938964844,120.5999984741211,431.4075012207031,42.415130615234375,181.0800018310547,961.674560546875,225.4862060546875,56.62311935424805,116.4171371459961,139.80999755859375,83.59000396728516,366.6856994628906,216.02078247070312,279.88214111328125,176.35862731933594,46.254642486572266,88.44999694824219,60.400001525878906,164.9499969482422,172.6999969482422,6154.14013671875,279.5993347167969,423.9200134277344,30.700000762939453,726.4120483398438,225.89088439941406,169.2046356201172,413.5443115234375,135.77999877929688,344.3245849609375,51.630001068115234,20.489999771118164,119.93000030517578,113.91000366210938,17.059999465942383,127.49825286865234,354.2707214355469,25.6200008392334,718.7982177734375,131.34933471679688,12.140000343322754,360.5400085449219,542.2100219726562,122.28125,171.8300018310547,509.43499755859375,68.79747772216797,96.24504852294922,327.35137939453125,58.42862319946289,75.77999877929688,3.390000104904175,56.54999923706055,399.0400085449219,80.35061645507812,187.05999755859375,328.24169921875,149.5275421142578,144.5226287841797,420.6142883300781,565.6505126953125,52.96480941772461,317.1776123046875,211.7100067138672,13.0600004196167,340.94000244140625,130.79042053222656
2026-05-04,383.0212097167969,117.48589324951172,50.22443771362305,206.9199981689453,190.53485107421875,188.00999450683594,141.61000061035156,183.8000030517578,208.16000366210938,198.24893188476562,51.39994812011719,320.55194091796875,50.46132278442383,77.68842315673828,152.98046875,189.10824584960938,504.739990234375,138.86000061035156,253.9600067138672,538.510009765625,68.5999984741211,95.77999877929688,132.05718994140625,170.56036376953125,123.95417022705078,1386.2099609375,497.5,45.75,296.5080871582031,179.48789978027344,307.6499938964844,258.38800048828125,11.829999923706055,491.99420166015625,91.97000122070312,307.3746643066406,95.20175170898438,202.99000549316406,708.15234375,321.42279052734375,13.869999885559082,1012.7899780273438,112.30241394042969,318.3385925292969,89.23999786376953,108.07764434814453,1.5499999523162842,90.06999969482422,609.8447875976562,27.920000076293945,114.90628051757812,143.4199981689453,127.4800033569336,400.6716613769531,80.30999755859375,172.18276977539062,32.540000915527344,76.55000305175781,211.63999938964844,61.93000030517578,17.700000762939453,97.79000091552734,135.0500030517578,30.040000915527344,18.68000030517578,3.0,180.25999450683594,392.510009765625,43.69709014892578,390.89404296875,146.02999877929688,899.3065795898438,160.62506103515625,185.00250244140625,152.65386962890625,161.8570098876953,171.1136016845703,25.872920989990234,272.04998779296875,258.1415710449219,421.27581787109375,68.43000030517578,118.26000213623047,442.24468994140625,42.425079345703125,184.55999755859375,966.2666625976562,225.25677490234375,55.33985137939453,115.79874420166016,142.1999969482422,82.96434783935547,368.6445007324219,216.39027404785156,276.5751647949219,167.76039123535156,46.075782775878906,84.36000061035156,56.189998626708984,163.66000366210938,172.6199951171875,5932.1201171875,279.4700012207031,429.8500061035156,30.079999923706055,738.0137329101562,222.91798400878906,165.164794921875,412.72607421875,139.3699951171875,347.5503845214844,53.58000183105469,20.920000076293945,116.93000030517578,117.30999755859375,17.459999084472656,126.35810089111328,346.5559387207031,25.350000381469727,716.1649780273438,130.08175659179688,12.180000305175781,341.5400085449219,576.4500122070312,123.98856353759766,180.2899932861328,514.780029296875,68.3187484741211,94.8155288696289,326.173828125,58.964759826660156,77.23999786376953,3.5199999809265137,55.56999969482422,406.989990234375,78.72988891601562,187.2100067138672,330.9011535644531,143.09701538085938,144.09449768066406,415.84185791015625,564.5154418945312,51.92023468017578,309.68701171875,211.38999938964844,12.699999809265137,349.510009765625,131.82363891601562
2026-05-05,388.1981201171875,117.83518981933594,46.33725357055664,206.0399932861328,190.89158630371094,189.25,140.82000732421875,186.89999389648438,206.11000061035156,196.271240234375,51.409912109375,319.9229431152344,51.33803939819336,77.9765625,153.42578125,188.8692626953125,497.0799865722656,139.72999572753906,255.6199951171875,544.75,68.37999725341797,108.1500015258789,131.05638122558594,171.9868621826172,125.05252838134766,1442.9200439453125,502.510009765625,48.0,302.0536193847656,177.70230102539062,309.3999938964844,275.6058349609375,12.15999984741211,498.7129821777344,92.01000213623047,301.42877197265625,95.11248779296875,197.75,701.22265625,327.1197509765625,13.3100004196167,1016.4199829101562,112.34212493896484,315.0874938964844,89.91999816894531,108.75605773925781,1.5800000429153442,93.66999816894531,604.3998413085938,27.829999923706055,117.7203140258789,144.89999389648438,126.23999786376953,393.488525390625,78.76000213623047,172.15289306640625,36.02000045776367,77.02999877929688,216.32000732421875,59.310001373291016,18.270000457763672,96.75,137.27999877929688,29.68000030517578,20.350000381469727,3.0399999618530273,166.69000244140625,389.3699951171875,43.78630447387695,410.3099365234375,135.91000366210938,914.8580322265625,160.1557159423828,186.50863647460938,153.83584594726562,165.4327392578125,173.06910705566406,26.02048683166504,273.54998779296875,262.61834716796875,409.7276916503906,63.869998931884766,114.45999908447266,465.13873291015625,42.713619232177734,183.97999572753906,987.170654296875,231.50144958496094,55.70792007446289,115.32996368408203,141.36000061035156,83.48075866699219,361.8035583496094,205.87435913085938,283.9184265136719,185.863525390625,46.075782775878906,86.19999694824219,56.70000076293945,168.75,170.22000122070312,6004.330078125,281.0,424.3599853515625,28.899999618530273,770.4606323242188,224.26026916503906,167.20965576171875,410.4909362792969,139.07000732421875,347.6300354003906,52.380001068115234,21.540000915527344,123.33999633789062,119.13249969482422,18.1299991607666,126.48699188232422,353.82159423828125,24.799999237060547,721.9102172851562,130.54086303710938,11.869999885559082,355.260009765625,640.2000122070312,122.41028594970703,185.35000610351562,505.61993408203125,70.67250061035156,95.57992553710938,321.36376953125,59.024330139160156,77.75,3.369999885559082,57.68000030517578,398.32000732421875,79.43585205078125,189.1300048828125,340.94903564453125,146.02813720703125,144.66200256347656,426.6846923828125,556.1522216796875,52.84542465209961,311.65191650390625,219.3800048828125,13.460000038146973,353.6300048828125,132.6084747314453
2026-05-06,397.8023986816406,119.6316146850586,46.117977142333984,231.32000732421875,183.47947692871094,193.35000610351562,134.69000244140625,186.82000732421875,205.02999877929688,207.5880584716797,51.65903854370117,322.2792663574219,52.21476364135742,78.72174835205078,154.33621215820312,192.5733642578125,491.8900146484375,139.8800048828125,250.1699981689453,576.7899780273438,79.62000274658203,113.01000213623047,140.15284729003906,176.4359130859375,134.36856079101562,1544.739990234375,504.4200134277344,52.56999969482422,298.3565979003906,189.3436279296875,314.8999938964844,296.9608154296875,13.029999732971191,500.2879638671875,89.05000305175781,300.9805908203125,92.74211883544922,197.9600067138672,719.974609375,328.62835693359375,13.850000381469727,995.75,112.74919128417969,321.021240234375,89.94999694824219,114.83187103271484,1.7100000381469727,100.04000091552734,612.3125,34.65999984741211,119.8458023071289,147.89999389648438,140.58999633789062,418.5198974609375,84.6500015258789,176.00685119628906,35.79999923706055,79.05000305175781,238.8000030517578,61.52000045776367,20.09000015258789,102.30999755859375,141.60000610351562,30.690000534057617,23.700000762939453,3.174999952316284,174.3699951171875,398.7300109863281,44.351356506347656,428.0877990722656,133.7899932861328,933.2369995117188,158.06863403320312,180.7235565185547,147.6875762939453,169.82749938964844,181.39747619628906,26.09918785095215,274.989990234375,285.59918212890625,420.2287292480469,70.68000030517578,123.76000213623047,483.0240478515625,42.88275909423828,183.67999267578125,985.353759765625,233.64617919921875,54.8723030090332,117.04550170898438,138.8300018310547,83.65951538085938,365.1942138671875,214.91226196289062,287.245361328125,191.8613739013672,45.41997146606445,90.54000091552734,59.529998779296875,172.14999389648438,147.05999755859375,6099.7998046875,289.44000244140625,427.6499938964844,32.34000015258789,785.859619140625,223.33558654785156,167.89791870117188,413.0653381347656,142.5800018310547,345.7483215332031,55.08000183105469,23.829999923706055,126.08000183105469,117.01750183105469,18.790000915527344,124.46446228027344,358.3526611328125,26.329999923706055,731.9443359375,129.8322296142578,13.520000457763672,421.3900146484375,666.5900268554688,118.02289581298828,194.02999877929688,510.915283203125,73.14593505859375,94.69639587402344,318.14044189453125,56.59187316894531,77.44000244140625,3.430000066757202,60.88999938964844,388.54998779296875,79.96283721923828,190.67999267578125,358.8453369140625,148.72000122070312,144.7615509033203,424.7677307128906,557.1478881835938,53.32294464111328,322.7930603027344,218.0,12.829999923706055,354.8999938964844,135.41006469726562
2026-05-07,397.7524108886719,119.64159393310547,46.06814193725586,206.3000030517578,180.84361267089844,190.1699981689453,130.88999938964844,179.83999633789062,202.7100067138672,211.2537841796875,51.370052337646484,310.797119140625,51.208526611328125,77.9268798828125,154.6627655029297,191.76683044433594,500.94000244140625,140.4600067138672,256.510009765625,538.760009765625,71.83000183105469,109.62000274658203,139.7168426513672,173.5729522705078,131.36306762695312,1516.5999755859375,505.19000244140625,47.68000030517578,293.1688232421875,187.30865478515625,306.2699890136719,286.31829833984375,12.699999809265137,492.29327392578125,93.58999633789062,299.9646911621094,91.67098236083984,192.9600067138672,708.0424194335938,326.6235046386719,13.710000038146973,1012.0599975585938,111.49819946289062,317.82000732421875,107.97000122070312,113.22561645507812,1.649999976158142,99.69999694824219,616.2388305664062,33.619998931884766,116.57274627685547,146.05999755859375,139.8699951171875,413.182373046875,78.58000183105469,176.0466766357422,35.470001220703125,76.27999877929688,230.27000427246094,57.0,18.34000015258789,101.51000213623047,137.08999633789062,30.209999084472656,24.110000610351562,3.0299999713897705,168.17999267578125,411.7900085449219,44.014312744140625,410.1301574707031,137.0500030517578,921.8074340820312,153.73471069335938,185.86029052734375,145.591796875,169.4879150390625,176.10023498535156,26.049999237060547,271.1700134277344,279.42120361328125,398.04998779296875,65.3499984741211,118.70999908447266,463.7890930175781,43.29069137573242,196.52999877929688,973.2846069335938,226.14459228515625,52.723567962646484,117.07542419433594,152.7899932861328,83.40131378173828,367.6402282714844,209.60935974121094,287.1754150390625,201.8046417236328,44.83371353149414,87.73999786376953,58.540000915527344,160.00999450683594,141.75,6008.85009765625,285.239990234375,425.0,31.469999313354492,765.8939208984375,221.23764038085938,170.85049438476562,419.8606262207031,138.7100067138672,346.2361755371094,52.41999816894531,21.989999771118164,120.86000061035156,126.43000030517578,18.40999984741211,123.80020904541016,351.3564453125,24.110000610351562,729.7001342773438,129.95199584960938,12.579999923706055,408.4599914550781,646.6300048828125,114.03254699707031,194.58999633789062,509.0773010253906,72.91654968261719,92.64144897460938,320.6153259277344,55.54939270019531,80.87999725341797,3.2699999809265137,60.61000061035156,406.7799987792969,78.71000671386719,191.3800048828125,339.93927001953125,145.97000122070312,144.0845489501953,411.9080810546875,549.8500366210938,52.47734069824219,319.38189697265625,214.57000732421875,13.800000190734863,356.8999938964844,133.1846923828125
2026-05-08,400.56072998046875,119.96095275878906,45.22093200683594,207.3300018310547,179.9716033935547,193.08999633789062,130.02999877929688,187.58999633789062,201.5500030517578,214.94947814941406,51.061134338378906,303.15899658203125,51.39781951904297,77.91693878173828,153.01016235351562,188.6701202392578,495.4800109863281,141.49000549316406,253.0399932861328,548.1099853515625,72.51000213623047,124.91999816894531,138.785400390625,172.77491760253906,138.6421661376953,1592.02001953125,516.47998046875,49.2400016784668,293.58624267578125,192.73529052734375,302.1000061035156,293.8429870605469,12.9399995803833,491.6054382324219,91.18000030517578,298.4309387207031,91.04615783691406,201.16000366210938,713.8238525390625,329.2139587402344,14.09000015258789,1008.7899780273438,110.58476257324219,315.1672668457031,114.06999969482422,116.23858642578125,1.409999966621399,99.58000183105469,609.0654907226562,35.369998931884766,117.30120086669922,146.4199981689453,141.0500030517578,410.7181396484375,105.47000122070312,175.3595428466797,36.45000076293945,77.02999877929688,260.4599914550781,57.88999938964844,18.940000534057617,98.77999877929688,137.88999938964844,30.1299991607666,24.079999923706055,3.109999895095825,168.2899932861328,428.3500061035156,44.02422332763672,434.89935302734375,137.8000030517578,932.370849609375,147.513427734375,181.35194396972656,143.59535217285156,175.31097412109375,186.6807403564453,25.68000030517578,272.67999267578125,273.82025146484375,401.510009765625,75.05000305175781,116.75,479.8748779296875,45.161216735839844,207.8800048828125,946.8201293945312,226.94264221191406,52.99216079711914,116.6365737915039,152.1300048828125,83.59993743896484,377.8221130371094,205.0554656982422,293.0500183105469,218.2837677001953,44.43625259399414,88.37999725341797,56.849998474121094,170.1300048828125,141.77000427246094,5974.06982421875,287.79998779296875,429.82000732421875,32.31999969482422,782.0823974609375,220.05445861816406,165.51390075683594,414.22283935546875,141.8800048828125,345.0115661621094,54.83000183105469,22.56999969482422,125.91000366210938,131.9425048828125,18.8700008392334,123.106201171875,352.4842224121094,28.969999313354492,735.724609375,130.42999267578125,12.550000190734863,455.19000244140625,746.8099975585938,113.02999877929688,195.9499969482422,503.2156982421875,73.13597106933594,92.42304992675781,318.1304931640625,55.30118179321289,83.9000015258789,3.319999933242798,61.650001525878906,396.30999755859375,75.63999938964844,193.4499969482422,339.8992919921875,147.6300048828125,142.85995483398438,429.3205261230469,547.112060546875,51.04478454589844,316.00067138671875,219.9499969482422,14.609999656677246,362.70001220703125,130.47251892089844
2026-05-11,388.40802001953125,119.13261413574219,44.92191696166992,213.22000122070312,183.06329345703125,191.10000610351562,133.30999755859375,195.94000244140625,202.77999877929688,219.18453979492188,51.0013427734375,299.22509765625,52.0653190612793,78.15541076660156,147.8544158935547,183.1438446044922,497.80999755859375,137.0500030517578,246.14999389648438,581.469970703125,78.12999725341797,129.44000244140625,136.05052185058594,174.6103973388672,143.58474731445312,1565.81005859375,516.1900024414062,56.88999938964844,302.6201171875,196.35635375976562,300.0,295.8415832519531,13.390000343322754,502.80999755859375,91.48999786376953,301.1299743652344,92.33547973632812,216.60000610351562,711.70703125,327.1197509765625,14.420000076293945,999.469970703125,110.4854736328125,311.4674072265625,115.44000244140625,120.3888931274414,1.3600000143051147,96.62000274658203,598.3054809570312,33.52000045776367,115.20564270019531,143.36000061035156,145.77999877929688,403.5948486328125,117.3499984741211,177.8690948486328,37.650001525878906,80.77999877929688,247.0399932861328,56.9900016784668,20.510000228881836,98.80000305175781,135.14999389648438,30.530000686645508,25.34000015258789,3.059999942779541,166.4499969482422,445.0,44.182830810546875,443.0691833496094,136.88999938964844,940.7140502929688,151.83737182617188,177.0330810546875,148.6708984375,177.66815185546875,184.28378295898438,25.809999465942383,268.989990234375,262.10101318359375,419.0,82.55000305175781,120.13999938964844,515.695556640625,43.16135025024414,213.66000366210938,965.3282470703125,231.43161010742188,54.64350128173828,115.28009796142578,148.8699951171875,82.79551696777344,382.25677490234375,210.51815795898438,292.67999267578125,236.65591430664062,44.85358810424805,87.08999633789062,56.209999084472656,170.83999633789062,136.42999267578125,5910.669921875,297.760009765625,435.1700134277344,31.75,833.415771484375,220.163818359375,157.404296875,411.7681579589844,142.50999450683594,342.52252197265625,54.0099983215332,24.030000686645508,126.26000213623047,135.56500244140625,19.190000534057617,123.82994842529297,352.62396240234375,32.41999816894531,737.4002685546875,127.58999633789062,13.289999961853027,458.7900085449219,795.3300170898438,115.55000305175781,193.83999633789062,508.9183654785156,71.0115966796875,94.150390625,323.1899719238281,56.76065444946289,81.69000244140625,3.259999990463257,64.37000274658203,393.2900085449219,73.58000183105469,197.9499969482422,367.8434753417969,144.9600067138672,142.41192626953125,427.75299072265625,545.8078002929688,50.28871154785156,311.8913269042969,233.27000427246094,14.470000267028809,364.20001220703125,132.64822387695312
2026-05-12,387.1187744140625,118.05475616455078,45.29070281982422,202.33999633789062,184.26229858398438,191.8800048828125,134.1300048828125,184.4199981689453,207.86000061035156,220.52297973632812,51.39994812011719,293.1445617675781,51.945770263671875,79.51661682128906,150.26901245117188,182.92478942871094,499.80999755859375,135.47999572753906,240.8300018310547,577.1500244140625,73.62999725341797,120.61000061035156,133.55345153808594,173.92210388183594,142.51634216308594,1520.93994140625,513.2100219726562,55.869998931884766,301.7256774902344,196.5658416748047,304.8800048828125,289.036376953125,12.720000267028809,502.28167724609375,89.0,308.22125244140625,92.70244598388672,207.63999938964844,722.3311157226562,333.7695617675781,13.989999771118164,1021.8800048828125,111.56769561767578,313.45196533203125,113.87000274658203,119.41117858886719,1.2799999713897705,95.83999633789062,602.441650390625,32.790000915527344,114.30754852294922,143.91000366210938,139.94000244140625,396.351806640625,117.55999755859375,178.14793395996094,37.47999954223633,78.2699966430664,238.94000244140625,57.33000183105469,19.06999969482422,95.7300033569336,134.4199981689453,31.489999771118164,24.510000228881836,2.930000066757202,168.86000061035156,433.45001220703125,44.1927490234375,430.66461181640625,136.0,941.7495727539062,146.66461181640625,170.86898803710938,149.614501953125,174.99134826660156,180.9040985107422,25.8700008392334,265.82000732421875,256.78857421875,401.5299987792969,72.95999908447266,116.93000030517578,488.61260986328125,41.9474983215332,215.60000610351562,988.1689453125,229.26693725585938,55.349796295166016,115.55937194824219,146.1699981689453,83.85814666748047,394.138916015625,206.553466796875,294.79998779296875,209.5360870361328,44.90327072143555,85.86000061035156,55.95000076293945,164.5,142.5399932861328,5795.66015625,295.1700134277344,448.2900085449219,31.579999923706055,808.2236938476562,222.97763061523438,160.15737915039062,406.8887023925781,145.6999969482422,344.9418640136719,52.83000183105469,22.350000381469727,125.37000274658203,136.5449981689453,18.520000457763672,123.99848937988281,349.5400695800781,32.09000015258789,736.2831420898438,130.35000610351562,12.0,448.2900085449219,766.5800170898438,117.87000274658203,186.8300018310547,517.6114501953125,70.52289581298828,93.90221405029297,326.4200134277344,57.15779113769531,79.05999755859375,3.1500000953674316,66.02999877929688,387.739990234375,75.18000030517578,199.36000061035156,367.0536193847656,143.27000427246094,145.2095947265625,418.6374206542969,555.8535766601562,50.517520904541016,310.7742004394531,228.05999755859375,14.100000381469727,358.0400085449219,134.05894470214844
2026-05-13,402.3796691894531,118.48390197753906,45.08139419555664,192.30999755859375,184.31185913085938,193.8300018310547,134.92999267578125,178.02999877929688,208.5,225.56710815429688,50.812007904052734,274.4635925292969,51.86606979370117,79.7451400756836,147.7158660888672,180.76405334472656,490.6400146484375,132.97000122070312,236.07000732421875,577.9000244140625,69.66000366210938,120.29000091552734,144.4830780029297,173.19387817382812,142.00711059570312,1581.5799560546875,509.2799987792969,55.2599983215332,304.30963134765625,195.48849487304688,300.25,295.2320251464844,12.75,511.64208984375,87.05000305175781,303.6995544433594,92.37515258789062,201.8000030517578,718.806396484375,333.9283752441406,14.279999732971191,1033.0799560546875,112.63997650146484,308.7647705078125,117.69000244140625,118.68287658691406,1.2699999809265137,95.69999694824219,616.0590209960938,32.0,112.73089599609375,142.24000549316406,150.5,398.86590576171875,124.1500015258789,177.3711700439453,42.0,76.75,243.8699951171875,52.4900016784668,18.415000915527344,99.5999984741211,132.8800048828125,33.77000045776367,24.920000076293945,2.9000000953674316,160.99000549316406,445.2699890136719,43.825958251953125,436.06787109375,130.0500030517578,951.2277221679688,142.4105682373047,165.41307067871094,150.5481719970703,176.63938903808594,184.73521423339844,25.959999084472656,270.1300048828125,262.83721923828125,406.94000244140625,74.80999755859375,115.38999938964844,493.9612121582031,41.09183120727539,227.7899932861328,1014.0044555664062,231.77078247070312,55.091156005859375,116.45703887939453,152.42999267578125,84.13621520996094,398.8818054199219,206.553466796875,298.8699951171875,212.38555908203125,44.38656997680664,84.97000122070312,54.38999938964844,177.9499969482422,140.69000244140625,5720.10009765625,306.3399963378906,453.05999755859375,31.850000381469727,816.767578125,229.1024169921875,154.6412353515625,404.3342590332031,145.0,339.86419677734375,52.75,21.440000534057617,136.3699951171875,140.6425018310547,19.59000015258789,122.83851623535156,349.5001220703125,35.68000030517578,740.4025268554688,131.47000122070312,11.960000038146973,445.5,803.6300048828125,117.4000015258789,189.75999450683594,516.558349609375,70.86199951171875,94.16032409667969,320.30999755859375,57.21736145019531,78.19999694824219,3.049999952316284,67.16000366210938,371.7099914550781,73.52999877929688,204.52999877929688,369.91302490234375,140.72999572753906,146.06581115722656,416.13140869140625,549.382080078125,49.58238220214844,305.5477600097656,234.60000610351562,14.460000038146973,354.54998779296875,132.18128967285156
2026-05-14,400.8305969238281,118.43399810791016,44.89201736450195,192.32000732421875,184.946044921875,194.52999877929688,135.99000549316406,186.97000122070312,210.77000427246094,235.465576171875,51.1109619140625,274.8330078125,51.47751998901367,79.93392181396484,147.1221160888672,184.9958953857422,489.94000244140625,133.6699981689453,237.00999450683594,591.5700073242188,67.20999908447266,115.93000030517578,139.83575439453125,174.08169555664062,139.05152893066406,1584.510009765625,510.0199890136719,57.470001220703125,298.0187072753906,192.18663024902344,299.9100036621094,298.9394226074219,13.289999961853027,510.0371398925781,90.5,306.37872314453125,92.91072082519531,212.00999450683594,711.8068237304688,333.71002197265625,13.09000015258789,1041.25,112.60027313232422,311.9161682128906,121.86000061035156,116.05900573730469,1.2100000381469727,96.0199966430664,617.8573608398438,33.029998779296875,113.62899017333984,142.7100067138672,143.2899932861328,416.7440490722656,132.5500030517578,174.95123291015625,48.0099983215332,80.69999694824219,247.88999938964844,54.849998474121094,19.270000457763672,95.58000183105469,132.0,32.86000061035156,24.6200008392334,2.8499999046325684,165.27000427246094,443.29998779296875,43.528564453125,440.01300048828125,133.72999572753906,964.7083740234375,141.70155334472656,167.14859008789062,151.75,179.28622436523438,189.05271911621094,25.75,267.2200012207031,264.0111389160156,408.1000061035156,83.01000213623047,112.51000213623047,489.0224914550781,40.35556411743164,238.2100067138672,1004.9700317382812,232.279541015625,55.459224700927734,116.8061294555664,153.6999969482422,84.39442443847656,396.82354736328125,210.657958984375,298.2099914550781,199.34373474121094,44.6151123046875,85.25,52.95000076293945,182.5800018310547,147.80999755859375,5680.60986328125,308.1700134277344,450.4100036621094,29.530000686645508,804.1865844726562,229.48025512695312,154.09262084960938,408.5451354980469,143.24000549316406,339.12744140625,50.45000076293945,22.1299991607666,142.75,144.9875030517578,18.860000610351562,123.24500274658203,352.773681640625,36.52000045776367,746.2474975585938,132.4600067138672,12.0600004196167,449.70001220703125,776.010009765625,118.97000122070312,195.61000061035156,517.0252685546875,71.55000305175781,94.98429107666016,322.5199890136719,57.654212951660156,81.05000305175781,3.0399999618530273,66.13999938964844,378.2900085449219,73.79000091552734,191.3699951171875,376.1517333984375,139.36000061035156,145.9861602783203,439.0950622558594,546.2459106445312,49.59232711791992,308.3804016113281,231.6199951171875,14.65999984741211,352.8399963378906,131.19775390625
2026-05-15,396.54315185546875,116.29825592041016,44.26408767700195,182.60000610351562,189.36557006835938,192.50999450683594,140.25999450683594,177.4199981689453,210.38999938964844,225.05770874023438,50.92162322998047,267.20001220703125,50.11262130737305,80.30155181884766,147.5674285888672,186.3699951171875,494.20001220703125,132.85000610351562,247.60000610351562,554.4600219726562,62.25,108.7699966430664,131.3833770751953,170.9793243408203,130.2147979736328,1501.81005859375,502.4200134277344,51.95000076293945,293.5564270019531,179.88693237304688,297.80999755859375,284.51959228515625,12.4399995803833,504.51458740234375,95.06999969482422,302.1658020019531,91.79000091552734,195.42999267578125,697.2086791992188,326.30999755859375,13.670000076293945,1048.949951171875,110.58476257324219,312.6242370605469,122.77999877929688,108.80593872070312,1.1200000047683716,92.8499984741211,613.6612548828125,31.040000915527344,109.87694549560547,141.57000732421875,135.3300018310547,403.4053039550781,124.7699966430664,170.46990966796875,52.88999938964844,77.13999938964844,241.99000549316406,52.09000015258789,17.850000381469727,95.83000183105469,126.22000122070312,32.0099983215332,23.489999771118164,2.619999885559082,158.0,422.239990234375,42.85447311401367,436.077880859375,133.99000549316406,944.3082275390625,139.4846649169922,173.06332397460938,157.9199981689453,176.05007934570312,180.20201110839844,25.329999923706055,264.1400146484375,258.9473876953125,399.44000244140625,83.66999816894531,107.51000213623047,481.89434814453125,38.534786224365234,242.8300018310547,1004.9199829101562,226.4638214111328,55.091156005859375,115.77880096435547,161.0500030517578,84.0567626953125,391.61334228515625,204.44627380371094,300.2300109863281,200.74855041503906,43.591644287109375,82.30000305175781,49.16999816894531,176.88999938964844,141.97000122070312,5563.6201171875,302.7300109863281,436.95001220703125,27.93000030517578,794.9031982421875,225.41363525390625,153.74349975585938,421.0081481933594,142.5399932861328,333.0342712402344,48.40999984741211,20.350000381469727,144.2899932861328,148.52000427246094,18.170000076293945,120.94999694824219,352.4742736816406,33.88999938964844,737.2706298828125,131.4499969482422,11.229999542236328,424.1000061035156,724.6599731445312,122.41000366210938,192.9499969482422,512.6539306640625,70.2300033569336,92.68115997314453,325.75,59.014400482177734,82.7699966430664,2.930000066757202,63.0099983215332,393.0,73.41999816894531,192.9499969482422,370.86285400390625,135.38999938964844,144.462890625,424.51812744140625,538.3207397460938,49.51274490356445,299.32391357421875,233.3699951171875,13.989999771118164,347.239990234375,128.73394775390625
2026-05-18,396.70306396484375,116.08867645263672,44.239166259765625,172.9499969482422,194.33999633789062,192.69000244140625,142.99000549316406,166.6300048828125,209.41000366210938,222.0612030029297,51.559391021728516,262.0,50.03292465209961,80.67910766601562,147.508056640625,186.3699951171875,505.7900085449219,134.3000030517578,255.63999938964844,524.530029296875,58.560001373291016,108.16999816894531,132.04727172851562,170.3309326171875,129.29617309570312,1472.3900146484375,498.42999267578125,49.310001373291016,291.49920654296875,178.76968383789062,300.7300109863281,277.7643127441406,12.180000305175781,509.2496337890625,103.41999816894531,309.9044494628906,93.70999908447266,189.44000244140625,628.7409057617188,324.3900146484375,12.6899995803833,1076.469970703125,111.75633239746094,311.3876037597656,126.5,109.59410095214844,1.149999976158142,92.55000305175781,610.64404296875,30.850000381469727,111.54341125488281,142.38999938964844,137.7100067138672,395.0249328613281,131.16000366210938,175.22012329101562,49.689998626708984,77.1500015258789,238.02999877929688,54.220001220703125,16.6200008392334,94.97000122070312,126.97000122070312,31.600000381469727,23.18000030517578,2.5299999713897705,161.52000427246094,409.989990234375,43.369956970214844,413.0565185546875,135.13999938964844,942.20751953125,136.5587615966797,179.01795959472656,160.49000549316406,174.15234375,175.64500427246094,25.329999923706055,264.8599853515625,251.28709411621094,381.8699951171875,86.83000183105469,105.13999938964844,458.5604248046875,39.46009826660156,247.5500030517578,988.0900268554688,225.92514038085938,56.851924896240234,116.67646789550781,174.69000244140625,85.3080825805664,388.9087829589844,201.6699981689453,297.8399963378906,202.890625,43.66120147705078,83.81999969482422,49.790000915527344,168.92999267578125,141.7100067138672,5716.77978515625,300.6000061035156,436.5799865722656,26.809999465942383,740.3121948242188,227.61099243164062,154.68115234375,422.6246643066406,141.50999450683594,341.6065368652344,48.560001373291016,19.059999465942383,134.47999572753906,154.70750427246094,17.799999237060547,122.83999633789062,358.472412109375,33.59000015258789,736.751953125,133.33999633789062,10.479999542236328,420.989990234375,681.5399780273438,124.54000091552734,186.61000061035156,524.8739013671875,70.23999786376953,88.39257049560547,332.6400146484375,60.146240234375,87.04000091552734,2.890000104904175,60.5,403.1600036621094,74.37000274658203,191.91000366210938,339.6593322753906,137.49000549316406,145.0801544189453,420.0451965332031,547.5899658203125,50.42798614501953,301.9969787597656,233.63999938964844,13.489999771118164,345.989990234375,128.82334899902344
2026-05-19,387.4285888671875,114.80123901367188,43.68599319458008,169.0,197.25,189.5800018310547,144.3000030517578,164.6300048828125,213.75999450683594,220.35317993164062,50.92162322998047,260.6700134277344,48.85731887817383,81.39449310302734,148.80441284179688,182.02999877929688,499.70001220703125,131.16000366210938,254.99000549316406,541.9199829101562,55.880001068115234,110.80000305175781,134.40562438964844,168.32586669921875,123.95417022705078,1459.43994140625,493.8699951171875,48.439998626708984,289.96868896484375,172.9739532470703,295.70001220703125,273.18756103515625,12.4399995803833,504.4747619628906,101.83000183105469,306.9065856933594,94.13999938964844,193.4499969482422,629.3599853515625,330.75,11.9399995803833,1094.3199462890625,113.4243392944336,308.4656066894531,127.63999938964844,104.84518432617188,1.149999976158142,89.12000274658203,602.052001953125,30.559999465942383,110.81495666503906,141.3000030517578,137.67999267578125,391.69268798828125,127.30999755859375,173.7661895751953,46.7599983215332,74.16000366210938,235.25999450683594,53.470001220703125,15.960000038146973,97.33999633789062,124.13999938964844,32.380001068115234,22.645000457763672,2.4600000381469727,160.22999572753906,404.1099853515625,43.55830383300781,406.40478515625,135.25999450683594,924.664794921875,134.52162170410156,178.95811462402344,162.5500030517578,173.03367614746094,174.05799865722656,25.65999984741211,259.3399963378906,245.92489624023438,371.8800048828125,88.0999984741211,103.5199966430664,455.6811828613281,39.47999954223633,240.1300048828125,1021.4099731445312,221.186767578125,56.47390365600586,115.54939270019531,175.25,85.49677276611328,387.02947998046875,197.3300018310547,298.9700012207031,194.8901824951172,44.05866241455078,83.0,49.5,176.27000427246094,141.5800018310547,5773.52001953125,302.30999755859375,434.30999755859375,26.329999923706055,732.8274536132812,228.684814453125,154.1524658203125,416.51788330078125,141.67999267578125,338.6495666503906,47.59000015258789,18.190000534057617,127.12000274658203,154.22000122070312,18.719999313354492,124.55999755859375,357.9833984375,32.459999084472656,731.8446044921875,134.1999969482422,10.0600004196167,414.04998779296875,698.739990234375,125.11000061035156,181.4600067138672,523.204833984375,67.76000213623047,89.4051513671875,329.9100036621094,60.851158142089844,85.69999694824219,2.8499999046325684,58.70000076293945,399.7099914550781,74.55000305175781,190.55999755859375,322.5628967285156,134.72000122070312,146.6731414794922,410.4204406738281,553.9022216796875,50.43793487548828,298.276611328125,221.7100067138672,13.170000076293945,338.1199951171875,129.64793395996094
2026-05-20,388.6778564453125,117.70545196533203,44.22920227050781,169.30999755859375,191.3300018310547,197.77000427246094,141.6300048828125,165.80999755859375,212.3000030517578,223.20985412597656,51.47966766357422,281.260009765625,49.534786224365234,81.02687072753906,147.73565673828125,187.22999572753906,498.0400085449219,135.5500030517578,253.3699951171875,554.760009765625,62.58000183105469,118.95999908447266,133.24627685546875,170.31097412109375,126.96965789794922,1550.1300048828125,498.92999267578125,52.470001220703125,287.4046325683594,177.7122802734375,301.9800109863281,291.8843994140625,13.149999618530273,505.0329895019531,103.30000305175781,307.90252685546875,93.62000274658203,191.2899932861328,649.760009765625,331.57000732421875,12.260000228881836,1074.010009765625,112.19319915771484,308.9742431640625,130.0,107.13983154296875,1.190000057220459,98.0199966430664,604.499755859375,33.459999084472656,116.01393127441406,142.44000244140625,135.22000122070312,400.6816711425781,134.27999877929688,174.12469482421875,53.150001525878906,75.76000213623047,242.92999267578125,55.81999969482422,16.8799991607666,98.1500015258789,136.30999755859375,32.459999084472656,23.670000076293945,2.5999999046325684,163.8699951171875,417.260009765625,44.04404830932617,426.32000732421875,137.14999389648438,977.8106079101562,143.7986297607422,179.63636779785156,156.27999877929688,176.9290313720703,182.94700622558594,25.790000915527344,265.010009765625,252.58038330078125,379.69000244140625,89.58000183105469,104.0199966430664,459.50018310546875,41.0099983215332,246.66000366210938,1018.8699951171875,225.11712646484375,56.98124313354492,115.79874420166016,174.4499969482422,84.93069458007812,381.12322998046875,202.66000366210938,302.25,201.76478576660156,44.22758483886719,87.30999755859375,53.65999984741211,186.8000030517578,140.49000549316406,5990.3701171875,304.8800048828125,430.44000244140625,27.110000610351562,750.5348510742188,228.0087127685547,156.55642700195312,420.1499938964844,141.9199981689453,338.2612609863281,48.54999923706055,19.299999237060547,125.41999816894531,162.52749633789062,18.06999969482422,123.80999755859375,369.0216064453125,33.66999816894531,739.3452758789062,130.85000610351562,10.390000343322754,447.5799865722656,731.989990234375,122.36000061035156,188.16000366210938,519.191162109375,74.12000274658203,87.62816619873047,330.75,59.371822357177734,89.04000091552734,2.9600000381469727,60.869998931884766,383.92999267578125,75.80999755859375,187.8000030517578,315.6043395996094,141.75999450683594,146.48397827148438,417.0998840332031,549.7504272460938,50.96519470214844,306.9042663574219,237.86000061035156,13.6899995803833,350.8900146484375,129.83670043945312
2026-05-21,387.4285888671875,118.46393585205078,44.154449462890625,177.14999389648438,191.00999450683594,200.50999450683594,139.97999572753906,164.85000610351562,214.5,219.25445556640625,51.54942321777344,285.8299865722656,49.83366775512695,80.64929962158203,147.3002471923828,186.66000366210938,499.6199951171875,134.25,244.10000610351562,587.22998046875,65.08999633789062,118.5,130.27357482910156,170.11146545410156,127.04953002929688,1592.0,503.9800109863281,58.88999938964844,288.3984680175781,177.31326293945312,303.0,302.0272216796875,13.550000190734863,512.8881225585938,99.69000244140625,305.0939025878906,94.23999786376953,193.55999755859375,642.5900268554688,337.4200134277344,12.369999885559082,1050.449951171875,115.05262756347656,308.85455322265625,129.4600067138672,108.07764434814453,1.25,99.63999938964844,606.8175659179688,33.459999084472656,116.05384826660156,143.39999389648438,131.17999267578125,406.19873046875,125.44999694824219,175.25,62.34000015258789,75.91999816894531,252.8000030517578,54.66999816894531,22.040000915527344,97.79000091552734,134.50999450683594,31.469999313354492,24.469999313354492,2.6700000762939453,163.08999633789062,417.8500061035156,44.113441467285156,427.3599853515625,137.4149932861328,983.8340454101562,148.87152099609375,175.8561248779297,155.2899932861328,178.38729858398438,184.21800231933594,25.950000762939453,268.4599914550781,258.97723388671875,381.510009765625,96.2300033569336,105.33000183105469,486.33319091796875,41.779998779296875,252.9199981689453,1041.6500244140625,225.88523864746094,56.95140075683594,115.79874420166016,171.00999450683594,84.07662963867188,380.3078918457031,202.52000427246094,304.989990234375,212.6246795654297,44.7144775390625,88.83000183105469,58.84000015258789,190.69000244140625,148.58999633789062,6047.8701171875,298.3900146484375,433.5400085449219,27.670000076293945,809.882568359375,230.40492248535156,159.27957153320312,419.0899963378906,144.8300018310547,337.225830078125,49.900001525878906,25.739999771118164,121.0199966430664,162.0574951171875,16.889999389648438,124.66000366210938,369.8299865722656,34.2400016784668,740.8114624023438,121.33999633789062,11.329999923706055,449.5899963378906,762.0999755859375,120.55000305175781,189.77000427246094,519.3897705078125,75.6500015258789,89.03784942626953,331.1199951171875,58.70662307739258,89.44000244140625,3.109999895095825,62.310001373291016,307.07000732421875,75.91999816894531,189.47000122070312,323.3327331542969,144.13999938964844,147.49948120117188,413.9149169921875,549.1630249023438,51.223854064941406,308.5400085449219,248.8800048828125,14.444999694824219,358.4599914550781,129.64793395996094
2026-05-22,382.74139404296875,118.94298553466797,44.084678649902344,179.36000061035156,191.42999267578125,201.02999877929688,141.22000122070312,159.88999938964844,215.6999969482422,215.07933044433594,51.758689880371094,294.07000732421875,50.1026611328125,80.95732116699219,149.00233459472656,187.7899932861328,498.5400085449219,132.35000610351562,244.75999450683594,583.739990234375,65.87999725341797,119.83999633789062,128.81695556640625,171.3484344482422,126.34059143066406,1632.9000244140625,524.739990234375,63.63999938964844,287.68292236328125,175.477783203125,306.3800048828125,305.13507080078125,13.8100004196167,515.948486328125,102.12999725341797,310.72113037109375,94.55000305175781,184.99000549316406,638.8800048828125,339.29998779296875,12.600000381469727,1028.239990234375,121.5360107421875,310.9288635253906,133.92999267578125,107.38925170898438,1.2200000286102295,99.95999908447266,609.6949462890625,35.58000183105469,116.1835708618164,144.44000244140625,127.79000091552734,403.57489013671875,135.75999450683594,177.00999450683594,64.02999877929688,73.63999938964844,295.19000244140625,56.18000030517578,26.420000076293945,94.5199966430664,134.3300018310547,30.520000457763672,24.489999771118164,2.759999990463257,174.22999572753906,426.010009765625,44.17292022705078,432.1600036621094,136.8800048828125,992.3564453125,156.0514678955078,179.6064453125,154.9199981689453,180.17515563964844,188.83799743652344,25.899999618530273,266.32000732421875,254.77899169921875,391.3500061035156,105.86000061035156,104.75,484.1537780761719,43.400001525878906,260.5799865722656,1065.0,231.43161010742188,56.98124313354492,115.16040802001953,182.3699951171875,84.21566772460938,386.2638854980469,202.91000366210938,308.82000732421875,237.28359985351562,45.062252044677734,88.86000061035156,60.56999969482422,196.3300018310547,154.02999877929688,6036.990234375,309.2099914550781,434.5199890136719,28.639999389648438,812.15087890625,233.0,160.65611267089844,418.57000732421875,144.41000366210938,341.38751220703125,50.36000061035156,29.399999618530273,130.5,165.86500549316406,16.399999618530273,125.66999816894531,369.1499938964844,38.2599983215332,743.7239990234375,120.2699966430664,11.399999618530273,467.510009765625,751.0,120.45999908447266,192.0800018310547,529.7718505859375,76.13999938964844,87.90613555908203,328.8800048828125,59.06404495239258,92.23999786376953,3.009999990463257,61.9900016784668,319.94000244140625,76.4000015258789,193.75999450683594,327.3918762207031,143.72999572753906,149.23184204101562,413.485595703125,553.1455078125,51.532249450683594,309.0799865722656,257.8500061035156,14.619999885559082,373.5899963378906,133.4827423095703
2026-05-26,388.6478576660156,119.21244812011719,44.01490783691406,183.36000061035156,184.7100067138672,201.75999450683594,136.1999969482422,159.92999267578125,213.1199951171875,214.60987854003906,51.669002532958984,301.57000732421875,50.80005645751953,79.94385528564453,144.16323852539062,186.4199981689453,493.010009765625,132.67999267578125,240.49000549316406,602.3900146484375,68.69999694824219,123.5199966430664,128.29177856445312,173.87222290039062,130.0749969482422,1632.030029296875,534.5599975585938,63.619998931884766,287.8121032714844,180.1263427734375,306.739990234375,322.4528503417969,14.279999732971191,513.3466796875,99.91999816894531,312.2051086425781,94.08999633789062,180.00999450683594,634.6199951171875,335.94000244140625,12.609999656677246,1002.9299926757812,118.86521911621094,309.87176513671875,133.9600067138672,111.3499984741211,1.2599999904632568,105.91999816894531,611.7730102539062,37.099998474121094,117.59058380126953,142.9600067138672,126.83000183105469,411.3566589355469,143.1999969482422,178.97000122070312,66.9000015258789,74.08999633789062,305.0799865722656,56.79999923706055,25.065000534057617,96.63999938964844,137.85000610351562,29.989999771118164,26.079999923706055,3.0799999237060547,182.25999450683594,433.5899963378906,44.321617126464844,454.8900146484375,136.60000610351562,990.1561889648438,164.32986450195312,178.61898803710938,149.80999755859375,184.9195098876953,201.13900756835938,25.850000381469727,265.2900085449219,266.3291015625,403.1300048828125,119.69999694824219,108.16999816894531,524.5132446289062,43.130001068115234,256.75,1064.739990234375,239.7012939453125,57.67759323120117,115.25017547607422,184.60000610351562,83.05371856689453,374.71978759765625,204.3800048828125,308.3299865722656,247.90438842773438,45.04238510131836,89.29000091552734,64.87000274658203,208.25999450683594,158.00999450683594,6032.81982421875,324.8900146484375,435.92999267578125,29.790000915527344,845.1574096679688,230.17999267578125,162.8905029296875,416.0299987792969,145.22999572753906,343.1298522949219,51.59000015258789,27.81999969482422,131.2100067138672,167.8874969482422,16.5,124.97000122070312,373.80999755859375,34.86000061035156,748.6613159179688,118.56999969482422,12.220000267028809,503.8900146484375,895.8800048828125,116.56999969482422,193.05999755859375,529.43408203125,79.38999938964844,87.01268005371094,326.4800109863281,57.43578338623047,93.80999755859375,2.9700000286102295,64.36000061035156,304.3500061035156,77.5199966430664,193.0800018310547,323.8426208496094,145.60000610351562,147.85791015625,421.3431701660156,554.3601684570312,51.93018341064453,311.25,269.95001220703125,14.649999618530273,381.75,132.85684204101562
2026-05-27,388.5978698730469,121.30827331542969,43.6162223815918,180.1300048828125,182.39999389648438,201.61000061035156,134.3000030517578,154.1999969482422,215.39999389648438,212.35250854492188,51.24050521850586,288.67999267578125,50.98934555053711,81.09642028808594,146.20179748535156,188.8000030517578,495.0400085449219,132.10000610351562,238.24000549316406,582.0800170898438,67.81999969482422,121.7699966430664,126.59733581542969,173.87222290039062,127.0999984741211,1597.8699951171875,525.9199829101562,65.4000015258789,283.96600341796875,174.48023986816406,299.2799987792969,318.7054748535156,14.329999923706055,506.2690734863281,102.12000274658203,307.8029479980469,93.73999786376953,173.77999877929688,627.739990234375,336.05999755859375,13.4399995803833,1003.6900024414062,119.38150024414062,311.6867980957031,127.93000030517578,107.2300033569336,1.2899999618530273,112.62000274658203,634.6718139648438,38.189998626708984,118.84791564941406,147.49000549316406,129.91000366210938,421.7423400878906,150.22999572753906,176.58999633789062,70.27999877929688,76.2300033569336,305.32000732421875,57.29999923706055,24.6200008392334,86.61000061035156,139.9600067138672,29.84000015258789,26.940000534057617,3.569999933242798,181.27999877929688,440.3599853515625,44.242313385009766,448.25,132.50999450683594,992.0975952148438,159.92604064941406,177.0530242919922,147.89999389648438,184.21034240722656,195.718994140625,26.209999084472656,271.8500061035156,273.7506408691406,406.3699951171875,129.60000610351562,107.44000244140625,530.461669921875,42.310001373291016,248.47000122070312,1082.9200439453125,245.8661651611328,56.2053108215332,115.95833587646484,126.41000366210938,83.99717712402344,381.8292236328125,198.9499969482422,310.8500061035156,232.54110717773438,44.85358810424805,90.95999908447266,64.16999816894531,198.6999969482422,154.30999755859375,6098.080078125,317.45001220703125,437.2200012207031,31.889999389648438,870.0396118164062,231.2899932861328,167.94778442382812,412.6700134277344,150.1699981689453,341.1883850097656,53.529998779296875,27.479999542236328,135.77999877929688,161.33999633789062,16.6200008392334,125.3499984741211,385.8599853515625,40.34000015258789,748.5316162109375,118.54000091552734,12.069999694824219,495.5400085449219,928.4099731445312,115.12999725341797,190.9600067138672,527.6854858398438,81.80000305175781,87.01268005371094,327.6099853515625,56.581947326660156,89.5,3.1700000762939453,63.630001068115234,307.7300109863281,76.11000061035156,196.97000122070312,319.7134704589844,147.80999755859375,148.1366729736328,421.193359375,548.9241333007812,50.83586883544922,309.9700012207031,273.6700134277344,15.199999809265137,374.04998779296875,132.81710815429688
2026-05-28,389.8971252441406,121.81725311279297,44.31392288208008,185.4600067138672,183.02999877929688,203.7899932861328,134.5800018310547,151.63999938964844,218.6300048828125,214.00057983398438,51.09103012084961,286.30999755859375,51.16867446899414,79.89418029785156,144.7668914794922,187.02000427246094,493.75,134.5,241.44000244140625,570.1799926757812,68.08999633789062,120.88999938964844,125.01190185546875,173.37344360351562,130.07000732421875,1605.77001953125,480.6400146484375,70.13999938964844,281.8988342285156,177.53273010253906,296.7300109863281,317.7761535644531,14.069999694824219,500.39764404296875,108.7300033569336,313.50982666015625,92.5199966430664,182.25,621.52001953125,336.4800109863281,13.680000305175781,995.2000122070312,119.03400421142578,314.259765625,129.6999969482422,108.2300033569336,1.4700000286102295,115.05999755859375,634.7017211914062,41.29999923706055,117.76022338867188,145.91000366210938,132.0500030517578,423.8673400878906,148.02999877929688,178.9600067138672,69.5,84.83999633789062,317.04998779296875,65.19000244140625,27.030000686645508,83.02999877929688,138.13999938964844,29.139999389648438,27.739999771118164,3.430000066757202,214.38999938964844,442.1000061035156,44.02422332763672,449.67999267578125,143.33999633789062,1003.9454345703125,160.0558624267578,175.7164764404297,146.9600067138672,186.62747192382812,192.76300048828125,26.139999389648438,274.0,279.83905029296875,401.94000244140625,133.08999633789062,110.62999725341797,531.0415649414062,42.83000183105469,257.7699890136719,1126.800048828125,248.68923950195312,54.8325080871582,116.36726379394531,130.0399932861328,83.84821319580078,380.35760498046875,199.27000427246094,312.510009765625,242.39471435546875,44.346824645996094,89.75,69.02999877929688,204.8300018310547,155.27000427246094,6160.5400390625,315.95001220703125,447.9700012207031,32.79999923706055,880.0924682617188,230.8000030517578,169.3941650390625,426.989990234375,158.6999969482422,347.430908203125,56.380001068115234,29.489999771118164,137.1699981689453,167.75,16.360000610351562,123.76000213623047,385.760009765625,45.70000076293945,752.6609497070312,118.9000015258789,12.1899995803833,518.0900268554688,923.52001953125,114.98999786376953,203.6999969482422,533.716064453125,82.48999786376953,86.61558532714844,324.95001220703125,56.542232513427734,94.72000122070312,3.440000057220459,65.87000274658203,313.0,76.6500015258789,196.38999938964844,314.1146240234375,146.9199981689453,150.21751403808594,425.9059143066406,556.8392333984375,50.50757598876953,305.1400146484375,303.3800048828125,15.890000343322754,373.8500061035156,135.33059692382812
2026-05-29,380.1129455566406,120.62963104248047,44.602970123291016,182.47000122070312,182.4600067138672,208.0,133.3800048828125,159.08999633789062,217.72000122070312,210.8942108154297,51.39994812011719,287.75,50.95945739746094,78.50315856933594,142.6887664794922,187.92999267578125,493.9800109863281,133.30999755859375,259.2099914550781,580.22998046875,66.87999725341797,114.68000030517578,123.08955383300781,172.70509338378906,132.60000610351562,1612.760009765625,475.6199951171875,72.06999969482422,276.89990234375,182.6999969482422,299.30999755859375,317.9560241699219,14.380000114440918,496.12115478515625,124.37000274658203,313.908203125,92.05000305175781,189.02999877929688,614.780029296875,336.7900085449219,14.069999694824219,956.3200073242188,117.87236022949219,315.6060791015625,137.97000122070312,109.80999755859375,1.4900000095367432,114.80000305175781,631.92431640625,46.09000015258789,117.92986297607422,143.55999755859375,135.30999755859375,417.47235107421875,143.47999572753906,179.66000366210938,68.36000061035156,94.30000305175781,420.9100036621094,64.12999725341797,25.540000915527344,84.44000244140625,138.5399932861328,28.829999923706055,27.110000610351562,3.4600000381469727,207.24000549316406,435.7900085449219,43.607872009277344,450.05999755859375,156.5399932861328,1021.06005859375,160.00592041015625,190.60804748535156,145.25999450683594,190.79251098632812,192.17100524902344,26.18000030517578,270.6400146484375,283.1618347167969,400.6000061035156,113.41000366210938,112.69999694824219,531.071533203125,42.310001373291016,281.69000244140625,1105.0,249.38751220703125,54.26548385620117,115.38981628417969,139.72999572753906,82.33869171142578,378.15020751953125,195.8800048828125,312.05999755859375,250.09628295898438,44.138153076171875,89.77999877929688,66.87000274658203,205.0,159.47000122070312,6104.7998046875,305.67999267578125,447.5400085449219,32.93000030517578,879.173095703125,225.3300018310547,167.01014709472656,450.239990234375,162.9600067138672,345.30029296875,56.18000030517578,30.139999389648438,156.39999389648438,182.75,16.600000381469727,122.7300033569336,375.6000061035156,43.83000183105469,754.5361328125,115.75,12.670000076293945,516.0999755859375,971.0,113.9800033569336,225.77999877929688,527.0,82.4800033569336,86.37733459472656,326.3599853515625,55.886959075927734,123.2699966430664,3.5899999141693115,65.70999908447266,331.5299987792969,77.54000091552734,196.0,315.6443176269531,147.08999633789062,148.81369018554688,446.06402587890625,561.2100219726562,51.333282470703125,303.8399963378906,306.7900085449219,16.719999313354492,374.92999267578125,133.55227661132812
2026-06-01,376.14532470703125,117.9549560546875,45.04152297973633,189.0,185.8300018310547,211.00999450683594,136.6199951171875,149.77999877929688,212.92999267578125,224.09881591796875,51.25047302246094,265.70001220703125,50.73031234741211,78.13553619384766,140.0465545654297,184.55999755859375,495.25,137.8699951171875,274.0299987792969,569.6099853515625,66.88999938964844,109.33000183105469,124.2588119506836,171.9768829345703,128.82000732421875,1628.5699462890625,492.2900085449219,69.27999877929688,277.1682434082031,176.57000732421875,296.5799865722656,316.8967590332031,14.850000381469727,495.842041015625,135.86000061035156,308.34075927734375,89.02999877929688,182.61000061035156,600.6599731445312,329.1300048828125,13.729999542236328,946.1099853515625,114.34770202636719,312.68408203125,147.13999938964844,108.19000244140625,1.5800000429153442,111.76000213623047,599.9139404296875,46.880001068115234,117.45087432861328,140.27999877929688,132.39999389648438,434.6122131347656,122.38999938964844,174.41000366210938,63.7400016784668,90.7300033569336,465.9599914550781,63.4900016784668,25.6299991607666,87.23999786376953,138.3800048828125,29.09000015258789,28.25,3.3399999141693115,204.08999633789062,415.8800048828125,42.894126892089844,458.1700134277344,160.64999389648438,1048.5799560546875,154.54356384277344,209.0604248046875,149.3800048828125,195.52685546875,194.00399780273438,25.6299991607666,261.260009765625,287.55902099609375,400.0799865722656,105.6500015258789,112.58999633789062,546.0576171875,39.58000183105469,300.4800109863281,1082.199951171875,250.87387084960938,54.464439392089844,115.31002044677734,155.7100067138672,81.46475219726562,377.7027587890625,188.38999938964844,306.30999755859375,228.14735412597656,42.82653045654297,90.11000061035156,67.86000061035156,219.42999267578125,170.67999267578125,6121.31005859375,293.20001220703125,438.3999938964844,31.139999389648438,920.6035766601562,223.50999450683594,168.82557678222656,460.5199890136719,164.39999389648438,337.71368408203125,54.189998626708984,29.18000030517578,145.02000427246094,195.54249572753906,17.18000030517578,119.88999938964844,376.9599914550781,38.209999084472656,756.5908203125,114.5999984741211,12.890000343322754,510.1300048828125,1035.5,115.58000183105469,248.14999389648438,516.5,81.47000122070312,83.05168914794922,322.7699890136719,56.88972473144531,139.7899932861328,3.7899999618530273,67.04000091552734,353.760009765625,77.16999816894531,192.22999572753906,323.32275390625,146.97999572753906,147.1908416748047,459.2431640625,539.219970703125,51.24374771118164,294.8599853515625,303.0,15.579999923706055,414.1600036621094,130.24403381347656
2026-06-02,361.6340026855469,117.35614776611328,44.383689880371094,199.1300048828125,187.5500030517578,214.97999572753906,138.5800018310547,136.0800018310547,215.39999389648438,222.56060791015625,51.280364990234375,272.6499938964844,51.32807922363281,77.90701293945312,140.5215606689453,183.83999633789062,477.67999267578125,134.35000610351562,262.1099853515625,627.0,73.47000122070312,107.93000030517578,129.62950134277344,173.7624969482422,130.30999755859375,1705.3699951171875,508.3500061035156,71.4000015258789,277.5657653808594,178.94000244140625,300.9599914550781,334.1745910644531,14.279999732971191,494.3467712402344,127.6500015258789,306.876708984375,90.51000213623047,173.99000549316406,602.9199829101562,328.260009765625,13.130000114440918,954.27001953125,114.82427978515625,310.12109375,148.86000061035156,109.5,1.5800000429153442,108.81999969482422,597.0765991210938,50.16999816894531,117.5207290649414,140.82000732421875,136.72000122070312,445.6463623046875,123.31999969482422,174.25999450683594,72.33000183105469,88.16000366210938,435.30999755859375,63.27000045776367,26.8799991607666,88.18000030517578,139.52999877929688,30.149999618530273,27.31999969482422,2.819999933242798,204.35000610351562,423.739990234375,43.11221694946289,490.04998779296875,152.1699981689453,1064.5799560546875,157.74908447265625,200.32296752929688,149.55999755859375,197.9739532470703,204.52000427246094,25.549999237060547,256.5199890136719,289.29998779296875,417.6199951171875,118.16999816894531,120.51000213623047,562.9531860351562,40.02000045776367,297.17999267578125,1064.1500244140625,257.8267822265625,56.26499938964844,113.27531433105469,144.14999389648438,81.26612854003906,375.7738037109375,187.25999450683594,315.20001220703125,239.9537353515625,43.621456146240234,90.9000015258789,70.1500015258789,290.7900085449219,175.3300018310547,6180.9599609375,308.1199951171875,425.0899963378906,28.959999084472656,925.9497680664062,222.88999938964844,166.79071044921875,441.30999755859375,162.5500030517578,336.1306457519531,52.02000045776367,29.90999984741211,152.22000122070312,192.2375030517578,17.229999542236328,121.08999633789062,373.760009765625,39.56999969482422,757.6182250976562,113.05999755859375,13.949999809265137,521.5399780273438,1064.0999755859375,116.87000274658203,244.5800018310547,513.4299926757812,80.0199966430664,85.05699920654297,317.32000732421875,57.54499816894531,135.32000732421875,3.609999895095825,71.72000122070312,322.1400146484375,79.44000244140625,188.8300018310547,334.42041015625,147.91000366210938,145.75717163085938,480.8090515136719,536.5900268554688,52.208736419677734,293.0,311.010009765625,15.25,416.3900146484375,126.73706817626953
2026-06-03,358.77569580078125,116.49786376953125,42.470001220703125,181.6699981689453,189.7100067138672,210.13999938964844,141.5,126.55000305175781,217.1300048828125,214.5,50.69242477416992,267.239990234375,51.43767166137695,78.25476837158203,141.05592346191406,177.6199951171875,471.54998779296875,133.58999633789062,256.239990234375,620.3699951171875,65.20999908447266,112.70999908447266,126.05233764648438,173.62283325195312,124.94999694824219,1726.3599853515625,498.0199890136719,68.2300033569336,280.52734375,171.64999389648438,300.8500061035156,343.4680480957031,13.960000038146973,505.97003173828125,117.9000015258789,302.2255554199219,90.48999786376953,163.22000122070312,618.9500122070312,338.2200012207031,13.020000457763672,961.8300170898438,113.88105773925781,299.7494812011719,146.47999572753906,107.47000122070312,1.5800000429153442,105.13999938964844,622.4031372070312,47.41999816894531,116.9619140625,140.19000244140625,132.67999267578125,435.66973876953125,114.69999694824219,172.5500030517578,69.0199966430664,82.8499984741211,421.0799865722656,58.43000030517578,24.094999313354492,85.4000015258789,137.4199981689453,29.40999984741211,27.649999618530273,2.7799999713897705,191.47000122070312,423.70001220703125,43.13203811645508,500.7699890136719,142.1999969482422,1041.02001953125,153.5849151611328,190.1193084716797,152.52999877929688,195.9962921142578,212.51100158691406,25.34000015258789,250.02000427246094,286.4200134277344,421.2099914550781,107.7300033569336,114.55999755859375,593.9551391601562,39.22999954223633,280.42999267578125,1078.780029296875,257.0986022949219,56.849998474121094,111.78917694091797,134.3699951171875,81.59385681152344,374.8590087890625,184.72000122070312,310.260009765625,249.08999633789062,43.43265914916992,89.45999908447266,72.33000183105469,301.6499938964844,174.3699951171875,6119.41015625,308.5899963378906,428.3399963378906,29.549999237060547,940.019775390625,223.24000549316406,164.36679077148438,427.3399963378906,170.92999267578125,335.5631408691406,52.08000183105469,27.549999237060547,146.47000122070312,186.90249633789062,16.90999984741211,121.04000091552734,376.75,33.83000183105469,752.3018798828125,116.88999938964844,12.270000457763672,542.52001953125,1079.5699462890625,119.05000305175781,230.3300018310547,512.030029296875,78.77999877929688,83.96500396728516,312.3999938964844,58.28962707519531,124.6500015258789,3.4700000286102295,70.63999938964844,311.44000244140625,78.68000030517578,195.9600067138672,331.3710632324219,144.5,146.90213012695312,478.4727478027344,526.0599975585938,52.129150390625,296.489990234375,318.25,14.850000381469727,408.0,128.14779663085938
2026-06-04,371.96783447265625,117.02680969238281,42.75,186.69000244140625,188.35000610351562,218.27000427246094,140.8800048828125,129.3699951171875,224.94000244140625,218.66000366210938,52.007816314697266,264.5899963378906,51.427703857421875,76.32720947265625,140.6699981689453,183.1999969482422,481.760009765625,133.72000122070312,258.4200134277344,535.6300048828125,65.38999938964844,111.77999877929688,124.80380249023438,175.7276611328125,128.42999267578125,1757.469970703125,494.4800109863281,65.66000366210938,281.1037902832031,176.75,310.8900146484375,336.1731872558594,13.880000114440918,507.45001220703125,119.36000061035156,308.5299987792969,91.62000274658203,164.1300048828125,628.72998046875,345.6000061035156,14.75,972.3499755859375,119.40135955810547,311.67681884765625,149.6699981689453,108.33000183105469,1.6299999952316284,104.94000244140625,626.9888916015625,46.900001525878906,117.96977996826172,140.77999877929688,134.8000030517578,443.8805236816406,119.94999694824219,179.41000366210938,68.38999938964844,88.33000183105469,422.04998779296875,63.400001525878906,24.15999984741211,85.87999725341797,139.82000732421875,29.190000534057617,27.469999313354492,2.990000009536743,204.39999389648438,418.45001220703125,44.014312744140625,501.70001220703125,141.6999969482422,1092.6099853515625,153.4850616455078,188.26409912109375,152.0399932861328,192.93994140625,213.11000061035156,25.690000534057617,253.7899932861328,293.2799987792969,418.6099853515625,107.29000091552734,114.0199966430664,575.3499755859375,40.97999954223633,279.25,1125.27001953125,261.6374206542969,58.0099983215332,112.8165054321289,135.25999450683594,81.47467803955078,394.21844482421875,190.75999450683594,311.2300109863281,242.57000732421875,43.66120147705078,91.87999725341797,73.93000030517578,316.42999267578125,166.00999450683594,6177.27001953125,305.3699951171875,441.739990234375,32.84000015258789,925.3302001953125,228.1699981689453,167.07000732421875,428.04998779296875,168.05999755859375,340.00360107421875,56.95000076293945,27.639999389648438,150.32000732421875,179.7725067138672,16.6200008392334,121.81999969482422,385.29998779296875,33.630001068115234,755.1445922851562,117.73999786376953,12.0,523.2000122070312,996.0,119.2300033569336,236.33999633789062,519.0499877929688,79.51000213623047,85.05699920654297,320.17999267578125,58.329341888427734,123.4800033569336,3.799999952316284,69.69000244140625,301.9800109863281,81.62000274658203,196.4499969482422,323.8526306152344,146.41000366210938,151.4122314453125,418.248046875,545.1699829101562,53.88999938964844,300.0899963378906,314.95001220703125,14.819999694824219,411.67999267578125,128.3365478515625
2026-06-05,368.30999755859375,114.63157653808594,41.290000915527344,161.77999877929688,187.30999755859375,211.92999267578125,137.77999877929688,120.44000244140625,227.22999572753906,205.10000610351562,52.117431640625,254.8300018310547,50.4413948059082,78.97014617919922,141.9199981689453,180.6699981689453,491.0799865722656,133.5399932861328,251.44000244140625,488.2099914550781,58.09000015258789,99.16999816894531,119.95830535888672,173.75250244140625,116.2300033569336,1641.739990234375,464.8500061035156,56.779998779296875,280.60687255859375,163.66000366210938,312.3699951171875,303.0664978027344,12.319999694824219,507.8999938964844,112.44999694824219,307.8299865722656,92.5999984741211,152.39999389648438,635.4500122070312,349.5799865722656,13.539999961853027,971.8699951171875,119.92757415771484,309.8119201660156,144.67999267578125,99.70999908447266,1.4500000476837158,105.7300033569336,592.450927734375,41.63999938964844,118.14939880371094,146.5399932861328,121.66000366210938,414.20001220703125,110.08000183105469,180.99000549316406,56.06999969482422,82.47000122070312,394.3900146484375,58.52000045776367,20.68000030517578,85.06999969482422,137.91000366210938,28.8799991607666,24.65999984741211,2.7100000381469727,185.9199981689453,391.0,44.311702728271484,453.010009765625,135.52999877929688,1038.6800537109375,148.5519561767578,185.1820526123047,149.9199981689453,180.08526611328125,192.9199981689453,26.040000915527344,246.02999877929688,280.0,395.94000244140625,93.5999984741211,103.44000244140625,511.7200012207031,39.619998931884766,272.04998779296875,1131.4200439453125,253.76675415039062,54.869998931884766,111.38024139404297,130.77999877929688,82.86503601074219,397.201416015625,185.9499969482422,307.3399963378906,215.94000244140625,44.068599700927734,90.48999786376953,69.22000122070312,263.4700012207031,154.27000427246094,6182.5498046875,285.05999755859375,446.8299865722656,29.399999618530273,846.8661499023438,232.77000427246094,165.83999633789062,416.6700134277344,162.32000732421875,344.9219665527344,51.84000015258789,23.850000381469727,131.57000732421875,167.7550048828125,16.079999923706055,124.22000122070312,392.510009765625,29.360000610351562,735.65478515625,118.87999725341797,10.5,466.3800048828125,864.010009765625,117.13999938964844,213.67999267578125,523.760009765625,79.41999816894531,85.83999633789062,323.57000732421875,57.25707244873047,118.72000122070312,3.315000057220459,63.369998931884766,296.760009765625,81.94000244140625,195.33999633789062,300.447509765625,145.60000610351562,152.33815002441406,385.1204833984375,544.4000244140625,53.83000183105469,305.29998779296875,279.010009765625,13.354999542236328,376.19000244140625,128.3166961669922
2026-06-08,363.30999755859375,115.1605224609375,41.2599983215332,163.74000549316406,189.24000549316406,212.24000549316406,140.14999389648438,127.19999694824219,223.07000732421875,208.63999938964844,51.7885856628418,250.6699981689453,49.773887634277344,79.0297622680664,140.67999267578125,180.38999938964844,485.6700134277344,134.42999267578125,244.99000549316406,466.6700134277344,58.939998626708984,110.2699966430664,118.9773178100586,173.20387268066406,114.87000274658203,1749.0400390625,473.4800109863281,62.79999923706055,275.0613098144531,162.11000061035156,311.1099853515625,324.22161865234375,13.779999732971191,501.9200134277344,114.19000244140625,302.1000061035156,91.27999877929688,162.11000061035156,611.3400268554688,345.7300109863281,13.489999771118164,974.75,118.66664123535156,311.44744873046875,143.0399932861328,98.98999786376953,1.3799999952316284,105.31999969482422,584.8479614257812,43.9900016784668,117.46086120605469,145.10000610351562,119.0999984741211,425.8028259277344,113.6500015258789,178.66000366210938,56.880001068115234,85.04000091552734,400.7699890136719,57.72999954223633,21.764999389648438,82.62000274658203,137.16000366210938,28.59000015258789,25.690000534057617,2.6449999809265137,184.67999267578125,408.95001220703125,43.64752197265625,492.1700134277344,136.47000122070312,1045.0,146.69456481933594,182.08006286621094,151.75,183.9606475830078,210.80599975585938,25.6200008392334,245.22000122070312,272.0,403.1400146484375,92.05999755859375,105.44000244140625,526.9299926757812,40.459999084472656,266.3299865722656,1149.1500244140625,252.7791748046875,56.54999923706055,110.80174255371094,129.25,82.4975814819336,404.2610778808594,187.4600067138672,301.5400085449219,217.77000427246094,43.243865966796875,90.73999786376953,70.04000091552734,288.8500061035156,156.39999389648438,6191.10986328125,290.8999938964844,442.9599914550781,29.780000686645508,876.1453247070312,232.16000366210938,162.3000030517578,411.739990234375,158.0399932861328,339.36639404296875,51.599998474121094,25.829999923706055,125.6500015258789,164.69749450683594,16.15999984741211,122.05000305175781,391.4200134277344,29.735000610351562,737.3204345703125,119.83000183105469,10.760000228881836,490.3299865722656,949.280029296875,118.88999938964844,211.82000732421875,520.0700073242188,78.20999908447266,84.01000213623047,319.6700134277344,57.912349700927734,116.8499984741211,3.319999933242798,63.90999984741211,305.510009765625,80.95999908447266,192.6199951171875,300.5074768066406,144.27999877929688,151.97972106933594,395.9732971191406,540.8099975585938,53.630001068115234,299.54998779296875,275.3900146484375,13.460000038146973,394.239990234375,127.26361083984375
2026-06-09,364.260009765625,115.63957214355469,41.459999084472656,156.02000427246094,186.75999450683594,210.25,137.3300018310547,117.0199966430664,225.4199981689453,208.19000244140625,52.27687454223633,251.64999389648438,50.580875396728516,80.81820678710938,142.77999877929688,183.35000610351562,495.239990234375,131.35000610351562,237.8800048828125,439.3399963378906,56.47999954223633,107.91999816894531,118.61067962646484,175.16903686523438,112.58000183105469,1777.77001953125,465.2699890136719,56.689998626708984,281.23297119140625,159.92999267578125,312.70001220703125,326.9297180175781,13.3100004196167,515.5900268554688,106.97000122070312,308.1700134277344,92.94999694824219,155.5,616.1799926757812,344.57000732421875,12.890000343322754,968.5900268554688,118.7460708618164,317.5108642578125,138.38999938964844,98.54000091552734,1.3700000047683716,109.62999725341797,584.0487060546875,40.63999938964844,122.52012634277344,148.6699981689453,121.11000061035156,426.92022705078125,108.2300033569336,181.55999755859375,53.5099983215332,83.7699966430664,381.7799987792969,56.189998626708984,19.690000534057617,81.93000030517578,144.13999938964844,28.729999542236328,25.295000076293945,2.6500000953674316,176.50999450683594,396.67999267578125,44.57936096191406,499.2099914550781,132.07000732421875,1032.010009765625,146.01551818847656,174.8986053466797,148.91000366210938,180.55471801757812,213.93699645996094,25.700000762939453,244.19000244140625,282.260009765625,401.7200012207031,88.70999908447266,102.2699966430664,517.719970703125,41.88999938964844,260.5199890136719,1144.6800537109375,253.6969451904297,55.849998474121094,111.19073486328125,125.83999633789062,83.5204849243164,410.6545715332031,188.9600067138672,290.54998779296875,205.4199981689453,43.70094680786133,92.55999755859375,70.05999755859375,266.8800048828125,152.16000366210938,6406.56982421875,288.6300048828125,445.7699890136719,30.469999313354492,845.4072265625,237.0,163.99000549316406,403.4100036621094,160.02999877929688,344.165283203125,51.47999954223633,23.520000457763672,119.2699966430664,161.2324981689453,15.970000267028809,123.81999969482422,393.6099853515625,27.469999313354492,735.1560668945312,118.87999725341797,10.0,475.510009765625,935.8900146484375,116.79000091552734,205.80999755859375,530.1300048828125,81.16999816894531,84.83000183105469,325.04998779296875,56.97908020019531,119.95999908447266,3.2200000286102295,64.25,293.7799987792969,82.0,199.10000610351562,289.45977783203125,151.07000732421875,153.8913116455078,391.5403137207031,548.6699829101562,54.41999816894531,310.54998779296875,262.19000244140625,12.600000381469727,390.8999938964844,124.68058013916016
2026-06-10,356.3800048828125,113.26429748535156,40.70000076293945,146.61000061035156,189.8000030517578,206.66000366210938,140.27999877929688,115.3499984741211,224.9499969482422,200.4199981689453,52.04767608642578,242.3000030517578,49.41522979736328,83.05377197265625,144.32000732421875,177.6300048828125,489.0799865722656,129.10000610351562,233.3800048828125,434.6499938964844,54.02000045776367,107.04000091552734,114.32999420166016,169.2436065673828,107.5199966430664,1734.18994140625,460.5400085449219,56.630001068115234,274.80291748046875,152.47999572753906,309.1400146484375,321.5734558105469,12.619999885559082,509.1600036621094,106.05999755859375,303.0,94.0199966430664,153.97000122070312,601.6500244140625,337.7300109863281,12.199999809265137,983.3699951171875,118.23970794677734,312.484619140625,138.8800048828125,92.7699966430664,1.3700000047683716,102.77999877929688,570.4512939453125,29.270000457763672,118.23920440673828,149.0500030517578,117.4800033569336,407.7950134277344,105.05000305175781,177.41000366210938,50.56999969482422,86.36000061035156,369.8299865722656,54.81999969482422,19.44499969482422,81.81999969482422,138.89999389648438,28.450000762939453,24.079999923706055,2.4800000190734863,172.92999267578125,381.5899963378906,44.599185943603516,497.010009765625,130.2100067138672,1001.2899780273438,138.34625244140625,170.47999572753906,150.6199951171875,176.41964721679688,213.56399536132812,25.600000381469727,238.0,268.7300109863281,375.4599914550781,87.31999969482422,95.02999877929688,490.0899963378906,40.7599983215332,263.2200012207031,1136.3699951171875,249.87632751464844,55.5099983215332,110.72195434570312,124.7300033569336,84.90090942382812,405.1460266113281,183.0,291.5799865722656,191.1999969482422,43.720821380615234,89.8499984741211,67.7699966430664,252.58999633789062,151.75999450683594,6305.0400390625,282.010009765625,435.7099914550781,29.489999771118164,815.4085693359375,238.49000549316406,160.63999938964844,397.3599853515625,162.47000122070312,339.57550048828125,49.439998626708984,23.25,111.94999694824219,161.93499755859375,16.0,125.04000091552734,386.2300109863281,26.53499984741211,723.56591796875,120.58999633789062,9.289999961853027,452.3999938964844,891.8800048828125,119.91999816894531,201.25999450683594,525.02001953125,76.47000122070312,85.12000274658203,322.9599914550781,57.832923889160156,114.91999816894531,3.0399999618530273,62.08000183105469,284.2200012207031,81.97000122070312,194.24000549316406,280.92156982421875,146.7100067138672,152.17886352539062,371.51202392578125,542.1400146484375,54.540000915527344,303.9100036621094,249.27000427246094,11.899999618530273,385.1300048828125,120.68683624267578
2026-06-11,357.7699890136719,116.06871795654297,41.2400016784668,158.67999267578125,185.82000732421875,212.66000366210938,136.52999877929688,120.1500015258789,224.77000427246094,204.8699951171875,52.436317443847656,246.7100067138672,51.029197692871094,82.00057983398438,143.72999572753906,182.0399932861328,486.510009765625,130.8699951171875,218.8000030517578,445.2200012207031,57.86000061035156,116.95999908447266,112.69000244140625,174.72012329101562,112.66000366210938,1899.47998046875,456.2900085449219,57.9900016784668,276.4029846191406,157.75999450683594,313.489990234375,362.2648010253906,13.609999656677246,515.4400024414062,103.08000183105469,312.1700134277344,93.2699966430664,160.42999267578125,611.47998046875,354.05999755859375,12.350000381469727,975.6900024414062,119.89778900146484,317.62054443359375,145.05999755859375,97.58999633789062,1.350000023841858,112.61000061035156,567.9036254882812,31.969999313354492,123.737548828125,148.33999633789062,116.11000061035156,421.07000732421875,114.77999877929688,184.2100067138672,54.93000030517578,92.2300033569336,391.45001220703125,58.779998779296875,20.6299991607666,81.30000305175781,147.2100067138672,28.059999465942383,26.139999389648438,2.440000057220459,183.69000244140625,399.1499938964844,44.529788970947266,552.6400146484375,131.0800018310547,1035.6400146484375,146.17530822753906,166.4499969482422,146.60000610351562,182.99180603027344,241.16400146484375,26.170000076293945,241.50999450683594,287.9599914550781,393.6400146484375,97.55999755859375,98.97000122070312,529.2899780273438,43.290000915527344,279.5299987792969,1160.949951171875,260.26080322265625,56.0,111.8290786743164,126.11000061035156,84.68241882324219,403.2468566894531,194.67999267578125,295.6300048828125,202.9600067138672,43.770503997802734,94.94999694824219,74.05000305175781,280.7099914550781,156.39999389648438,6479.7001953125,297.1000061035156,445.0400085449219,29.40999984741211,867.4714965820312,238.3300018310547,163.58999633789062,390.3399963378906,166.2100067138672,357.2875061035156,50.22999954223633,23.81999969482422,119.68000030517578,172.88250732421875,16.399999618530273,124.19000244140625,396.8900146484375,30.639999389648438,735.8642578125,120.5,9.569999694824219,488.45001220703125,995.8699951171875,115.36000061035156,184.10000610351562,548.6799926757812,81.83000183105469,84.83999633789062,319.04998779296875,56.71101379394531,117.5,3.1500000953674316,66.33999633789062,276.9100036621094,82.4000015258789,199.9600067138672,297.81805419921875,154.42999267578125,153.4134063720703,384.9607238769531,552.52001953125,55.15999984741211,316.8900146484375,271.1700134277344,12.550000190734863,383.739990234375,125.04817199707031
2026-06-12,359.67999267578125,116.36811828613281,41.529998779296875,162.5800018310547,187.22000122070312,214.0399932861328,136.64999389648438,123.97000122070312,227.72999572753906,205.19000244140625,53.153804779052734,253.75999450683594,51.98562240600586,82.09000396728516,144.27000427246094,184.72999572753906,489.9800109863281,132.27999877929688,204.02000427246094,445.9800109863281,57.4900016784668,124.56999969482422,112.81999969482422,175.7476043701172,116.0999984741211,1863.550048828125,453.8900146484375,57.849998474121094,279.8813781738281,162.63999938964844,320.7200012207031,366.5517883300781,14.079999923706055,523.5700073242188,102.1500015258789,307.7900085449219,94.0,159.77999877929688,612.1400146484375,355.20001220703125,12.109999656677246,982.3499755859375,118.20000457763672,324.55157470703125,146.3000030517578,100.2300033569336,1.309999942779541,115.5199966430664,566.4549560546875,30.459999084472656,122.9093017578125,149.61000061035156,115.7699966430664,423.92999267578125,102.38999938964844,183.52999877929688,54.59000015258789,93.19000244140625,395.57000732421875,57.75,20.979999542236328,81.55999755859375,147.10000610351562,28.559999465942383,26.610000610351562,2.5,170.5800018310547,406.42999267578125,44.96596908569336,567.25,127.98999786376953,1062.75,147.81300354003906,165.88999938964844,147.00999450683594,184.5799102783203,254.5399932861328,26.209999084472656,238.5500030517578,294.3800048828125,391.3900146484375,82.41000366210938,100.95999908447266,562.9299926757812,44.22999954223633,279.6199951171875,1133.0,265.6974792480469,56.18000030517578,111.36029815673828,129.52000427246094,85.22863006591797,406.20001220703125,193.4499969482422,291.1300048828125,211.72000122070312,44.24745559692383,90.30000305175781,76.16999816894531,279.70001220703125,163.24000549316406,6374.93017578125,301.1199951171875,444.92999267578125,29.030000686645508,930.3765869140625,240.8699951171875,164.94000244140625,390.739990234375,160.97000122070312,358.6415710449219,49.79999923706055,23.3700008392334,121.87999725341797,170.6999969482422,16.889999389648438,124.97000122070312,402.5400085449219,26.6200008392334,739.843994140625,121.04000091552734,9.890000343322754,511.57000732421875,981.6099853515625,116.9800033569336,184.1300048828125,540.3300170898438,83.05999755859375,85.98999786376953,322.3900146484375,57.137935638427734,116.29000091552734,3.1500000953674316,68.41000366210938,276.7300109863281,83.7300033569336,200.0500030517578,302.8070068359375,154.08999633789062,153.13462829589844,381.4662780761719,550.3300170898438,56.02000045776367,317.29998779296875,267.30999755859375,12.890000343322754,384.9599914550781,124.76998901367188
2026-06-15,369.3500061035156,118.33419799804688,42.4900016784668,176.64999389648438,180.39999389648438,217.97999572753906,131.97999572753906,131.13999938964844,221.58999633789062,212.4499969482422,53.3730354309082,262.3500061035156,52.30442810058594,80.91000366210938,146.25,194.6199951171875,490.6400146484375,138.9600067138672,206.36000061035156,463.4100036621094,60.7400016784668,127.86000061035156,112.55000305175781,178.241455078125,123.94000244140625,1892.6600341796875,454.3800048828125,61.18000030517578,281.2131042480469,171.8000030517578,319.3999938964844,388.646240234375,14.640000343322754,521.47998046875,104.1500015258789,304.1700134277344,93.81999969482422,169.6199951171875,614.97998046875,350.5299987792969,14.920000076293945,979.4500122070312,114.9000015258789,334.4644470214844,149.49000549316406,105.80000305175781,1.3200000524520874,119.97000122070312,593.47998046875,30.850000381469727,122.57999420166016,150.4600067138672,116.75,441.3999938964844,109.25,183.63999938964844,52.400001525878906,98.12000274658203,409.07000732421875,57.02000045776367,22.700000762939453,83.55000305175781,148.7100067138672,28.68000030517578,27.3799991607666,2.4600000381469727,171.9499969482422,411.1499938964844,44.599185943603516,585.780029296875,134.7100067138672,1076.1700439453125,153.30531311035156,164.5500030517578,140.9199981689453,191.56158447265625,256.4200134277344,26.0,246.02000427246094,313.6700134277344,407.05999755859375,87.56999969482422,107.0199966430664,653.530029296875,43.65999984741211,284.5400085449219,1129.3499755859375,258.6846923828125,53.709999084472656,111.89889526367188,130.4199981689453,84.89098358154297,411.0400085449219,193.94000244140625,296.4200134277344,220.80999755859375,44.45612716674805,89.75,80.79000091552734,308.8800048828125,169.08999633789062,6335.0,313.3399963378906,450.4599914550781,31.1200008392334,1018.0740966796875,235.66000366210938,174.63999938964844,399.760009765625,166.88999938964844,357.95458984375,52.61000061035156,26.260000228881836,125.83000183105469,173.2274932861328,16.56999969482422,125.27999877929688,400.6300048828125,25.760000228881836,752.890380859375,120.81999969482422,10.640000343322754,547.260009765625,1087.989990234375,112.26000213623047,192.63999938964844,530.3599853515625,84.06999969482422,86.12000274658203,323.82000732421875,55.15225601196289,118.12000274658203,3.2899999618530273,70.12999725341797,281.7699890136719,83.13999938964844,198.63999938964844,311.92999267578125,155.08999633789062,152.2186737060547,393.3175048828125,544.72998046875,55.869998931884766,320.239990234375,273.510009765625,12.470000267028809,394.5,124.30000305175781
2026-06-16,373.25,118.22441864013672,43.650001525878906,165.47000122070312,180.11000061035156,220.8300018310547,132.0500030517578,122.80999755859375,222.47000122070312,207.41000366210938,54.1602783203125,268.0,52.52360916137695,80.27999877929688,146.1199951171875,200.6199951171875,501.3299865722656,141.1999969482422,207.32000732421875,430.29998779296875,57.45000076293945,117.05000305175781,110.97000122070312,179.40859985351562,128.24000549316406,1803.8900146484375,448.3800048828125,56.060001373291016,278.7484130859375,175.82000732421875,331.1400146484375,369.08001708984375,14.420000076293945,518.1699829101562,101.33000183105469,310.45001220703125,94.30999755859375,169.27000427246094,614.72998046875,347.8399963378906,14.550000190734863,986.6799926757812,115.16999816894531,339.809814453125,147.02000427246094,108.44000244140625,1.350000023841858,118.51000213623047,600.2100219726562,29.219999313354492,124.76000213623047,152.49000549316406,112.72000122070312,425.8299865722656,104.62999725341797,186.77000427246094,50.2599983215332,96.70999908447266,404.0799865722656,56.34000015258789,20.639999389648438,81.58999633789062,153.27000427246094,28.3799991607666,27.420000076293945,2.359999895095825,166.7100067138672,404.6600036621094,44.708229064941406,568.22998046875,133.25,1090.6700439453125,158.38819885253906,161.7100067138672,141.86000061035156,186.21795654296875,237.3300018310547,26.040000915527344,246.0,312.8399963378906,407.7099914550781,82.25,107.87999725341797,681.0800170898438,43.72999954223633,279.8999938964844,1122.5,258.44525146484375,53.06999969482422,112.02855682373047,127.2300033569336,85.00021362304688,407.6499938964844,196.92999267578125,299.239990234375,214.07000732421875,44.77409744262695,89.77999877929688,84.94999694824219,278.6700134277344,168.00999450683594,6437.580078125,305.7099914550781,453.1700134277344,30.989999771118164,1030.6051025390625,235.17999267578125,175.72000122070312,393.8299865722656,164.27999877929688,362.5145263671875,52.02000045776367,23.940000534057617,125.62000274658203,169.87249755859375,16.1200008392334,126.05999755859375,399.1000061035156,23.360000610351562,748.4019775390625,121.02999877929688,9.890000343322754,507.2900085449219,1020.760009765625,111.33999633789062,188.3300018310547,535.9500122070312,83.13999938964844,86.2300033569336,333.1199951171875,54.96361541748047,116.2699966430664,3.180000066757202,70.1500015258789,280.989990234375,85.05000305175781,195.61000061035156,299.6000061035156,156.3300018310547,152.26846313476562,376.1147155761719,551.2100219726562,56.84000015258789,322.44000244140625,264.3599853515625,12.640000343322754,387.8500061035156,127.2300033569336
2026-06-17,363.7900085449219,115.26032257080078,42.08000183105469,170.30999755859375,177.5800018310547,224.9600067138672,133.25,116.55999755859375,221.22999572753906,204.64999389648438,53.861324310302734,267.1700134277344,51.82621765136719,79.93000030517578,141.58999633789062,200.8699951171875,492.989990234375,140.5399932861328,196.27999877929688,436.7200012207031,58.81999969482422,121.0999984741211,107.44000244140625,179.15921020507812,125.8499984741211,1867.8299560546875,461.739990234375,54.689998626708984,280.01055908203125,172.99000549316406,333.4599914550781,374.17999267578125,13.920000076293945,515.8499755859375,95.4800033569336,313.1700134277344,92.52999877929688,164.9199981689453,607.9299926757812,341.6600036621094,15.199999809265137,965.5900268554688,115.44000244140625,339.6103820800781,144.13999938964844,105.66999816894531,1.340000033378601,115.83000183105469,567.5800170898438,27.780000686645508,121.87999725341797,150.55999755859375,111.61000061035156,432.1499938964844,107.9800033569336,192.5800018310547,47.779998779296875,105.19999694824219,419.32000732421875,56.15999984741211,20.2450008392334,79.86000061035156,149.66000366210938,27.90999984741211,27.43000030517578,2.549999952316284,167.11000061035156,396.3800048828125,43.58804702758789,592.9199829101562,130.6300048828125,1099.1400146484375,158.60787963867188,155.02000427246094,140.74000549316406,185.57872009277344,238.72999572753906,25.920000076293945,237.5,301.4700012207031,409.6400146484375,85.43000030517578,105.66999816894531,712.1300048828125,42.709999084472656,282.1300048828125,1112.0,251.9811553955078,50.33000183105469,108.9166488647461,124.37999725341797,83.10337829589844,399.5299987792969,203.07000732421875,295.95001220703125,212.97000122070312,44.17790222167969,86.4800033569336,82.87000274658203,289.5400085449219,164.92999267578125,6275.93994140625,301.8800048828125,458.989990234375,32.47999954223633,1065.310302734375,234.1999969482422,171.6300048828125,378.9100036621094,159.08999633789062,361.2401123046875,53.09000015258789,22.920000076293945,123.30999755859375,170.74000549316406,15.520000457763672,123.7300033569336,394.6099853515625,22.719999313354492,739.0560302734375,118.12999725341797,10.34000015258789,512.47998046875,1043.18994140625,111.20999908447266,183.52999877929688,532.3200073242188,82.25,85.7300033569336,330.3800048828125,54.2785530090332,113.02999877929688,3.109999895095825,69.05999755859375,269.0799865722656,83.80999755859375,198.6699981689453,317.5799865722656,152.47999572753906,150.04824829101562,392.2791442871094,550.1500244140625,56.529998779296875,313.79998779296875,254.8000030517578,12.4399995803833,389.6000061035156,125.44999694824219
2026-06-18,368.0299987792969,116.92700958251953,42.5099983215332,191.38999938964844,173.6300048828125,223.1699981689453,129.97999572753906,112.52999877929688,216.49000549316406,210.69000244140625,53.382999420166016,274.05999755859375,51.617000579833984,79.38999938964844,142.02000427246094,201.52999877929688,489.7900085449219,142.41000366210938,195.16000366210938,428.2200012207031,61.16999816894531,133.99000549316406,107.0999984741211,180.46600341796875,122.56999969482422,1929.6800537109375,455.510009765625,56.54999923706055,278.4800720214844,166.66000366210938,325.2200012207031,389.0400085449219,14.220000267028809,512.1500244140625,95.04000091552734,294.82000732421875,93.08999633789062,163.25999450683594,609.9400024414062,337.6000061035156,15.670000076293945,951.4500122070312,113.87000274658203,337.0773010253906,144.72999572753906,103.79000091552734,1.399999976158142,118.31999969482422,577.219970703125,30.65999984741211,126.95999908447266,150.3800048828125,111.76000213623047,462.1199951171875,107.23999786376953,185.60000610351562,52.279998779296875,108.1500015258789,409.5,54.209999084472656,21.360000610351562,79.55999755859375,155.6699981689453,27.56999969482422,28.100000381469727,2.690000057220459,169.61000061035156,400.489990234375,43.479000091552734,617.1099853515625,128.47000122070312,1096.56005859375,163.52101135253906,151.77999877929688,137.80999755859375,191.21200561523438,259.55999755859375,25.209999084472656,244.38999938964844,312.510009765625,421.7699890136719,80.66000366210938,106.48999786376953,746.22998046875,42.25,287.7799987792969,1098.5699462890625,243.23263549804688,48.09000015258789,109.16600036621094,124.8499984741211,82.72599792480469,400.9599914550781,205.39999389648438,298.010009765625,226.11000061035156,44.47599792480469,89.7300033569336,87.55999755859375,310.5799865722656,169.6699981689453,6490.93017578125,322.8599853515625,451.6300048828125,34.13999938964844,1069.4674072265625,228.38999938964844,171.77999877929688,379.3999938964844,161.92999267578125,348.476318359375,54.09000015258789,24.690000534057617,125.9000015258789,171.21499633789062,14.90999984741211,123.86000061035156,396.20001220703125,22.850000381469727,746.739990234375,117.18000030517578,11.739999771118164,537.3699951171875,1133.989990234375,107.73999786376953,184.2899932861328,510.95001220703125,84.18000030517578,86.75,327.239990234375,53.38500213623047,117.80999755859375,3.2300000190734863,68.68000030517578,267.0,82.19999694824219,196.5800018310547,333.04998779296875,157.80999755859375,148.74398803710938,410.70001220703125,521.5,56.20000076293945,320.7900085449219,257.70001220703125,13.520000457763672,387.3900146484375,123.76000213623047
2026-06-22,349.67999267578125,114.94000244140625,42.34000015258789,183.67999267578125,175.05999755859375,227.08999633789062,132.8300018310547,109.45999908447266,230.00999450683594,208.64999389648438,53.70000076293945,275.5299987792969,51.619998931884766,79.52999877929688,140.7100067138672,200.6999969482422,484.0899963378906,139.19000244140625,194.89999389648438,460.3299865722656,58.400001525878906,140.94000244140625,104.97000122070312,181.8000030517578,121.72000122070312,1929.25,464.5799865722656,58.31999969482422,281.3621520996094,166.85000610351562,331.4800109863281,409.5400085449219,14.850000381469727,516.7100219726562,93.01000213623047,285.8299865722656,93.43000030517578,164.83999633789062,612.5,344.7200012207031,15.75,951.3499755859375,115.4800033569336,337.1471252441406,145.38999938964844,101.80000305175781,1.3200000524520874,118.68000030517578,563.8499755859375,35.459999084472656,125.62000274658203,147.67999267578125,111.73999786376953,467.6700134277344,100.29000091552734,181.8300018310547,52.40999984741211,105.70999908447266,418.7099914550781,51.09000015258789,21.3799991607666,78.11000061035156,151.9199981689453,27.020000457763672,28.6299991607666,2.799999952316284,151.3300018310547,405.04998779296875,44.02000045776367,640.1799926757812,119.5,1106.3699951171875,167.25999450683594,150.1199951171875,138.47000122070312,192.14999389648438,269.1600036621094,25.079999923706055,232.7899932861328,309.3599853515625,435.7799987792969,73.19000244140625,107.06999969482422,732.6199951171875,41.810001373291016,286.3999938964844,1102.0799560546875,244.32992553710938,47.95000076293945,106.86000061035156,124.05999755859375,82.18000030517578,406.67999267578125,210.0,297.010009765625,221.89999389648438,44.720001220703125,87.44000244140625,85.16999816894531,307.8599853515625,174.55999755859375,6352.5498046875,332.2799987792969,466.7900085449219,35.529998779296875,1093.260498046875,231.2899932861328,167.77000427246094,367.3399963378906,161.3800048828125,341.8554382324219,54.36000061035156,24.469999313354492,129.07000732421875,168.86000061035156,15.0,123.5199966430664,384.19000244140625,21.989999771118164,744.3900146484375,117.18000030517578,11.239999771118164,551.6300048828125,1211.3800048828125,109.69999694824219,175.07000732421875,493.6000061035156,85.91999816894531,86.08000183105469,326.6000061035156,54.060001373291016,115.94000244140625,3.180000066757202,69.20999908447266,257.7699890136719,83.83999633789062,199.7100067138672,357.9599914550781,155.94000244140625,150.05999755859375,392.1300048828125,507.3299865722656,57.369998931884766,316.8999938964844,263.1099853515625,13.619999885559082,389.0400085449219,124.87000274658203
2026-06-23,346.1300048828125,113.76000213623047,41.70000076293945,177.5,175.97999572753906,226.02999877929688,134.89999389648438,103.83999633789062,234.75999450683594,200.0399932861328,53.880001068115234,270.260009765625,50.869998931884766,80.30999755859375,142.0500030517578,197.80999755859375,488.07000732421875,138.85000610351562,197.42999267578125,459.8500061035156,57.189998626708984,132.27999877929688,102.5999984741211,178.14999389648438,116.45999908447266,1778.4599609375,461.5,57.849998474121094,280.7062683105469,160.16000366210938,334.1400146484375,371.3299865722656,14.699999809265137,512.260009765625,95.94000244140625,293.7699890136719,94.93000030517578,158.17999267578125,618.030029296875,347.010009765625,15.25,957.6799926757812,119.5999984741211,336.85791015625,148.0,97.83999633789062,1.309999942779541,121.55000305175781,562.2000122070312,33.31999969482422,126.55000305175781,150.86000061035156,110.13999938964844,436.3900146484375,95.12000274658203,186.38999938964844,47.220001220703125,103.25,427.7799987792969,50.79999923706055,21.280000686645508,76.55999755859375,150.9600067138672,26.1200008392334,28.690000534057617,2.759999990463257,149.0800018310547,381.6099853515625,44.63999938964844,585.8800048828125,116.69999694824219,1094.43994140625,162.38999938964844,153.4199981689453,139.72999572753906,184.19000244140625,244.49000549316406,24.719999313354492,234.11000061035156,309.5299987792969,405.2799987792969,72.87000274658203,108.88999938964844,670.75,42.380001068115234,290.9200134277344,1107.0799560546875,239.0429229736328,47.790000915527344,107.2699966430664,126.16999816894531,83.72000122070312,409.25,209.88999938964844,294.29998779296875,204.1300048828125,45.06999969482422,87.3499984741211,85.0,279.0400085449219,162.1999969482422,6389.56982421875,304.3599853515625,468.4200134277344,33.20000076293945,1037.8499755859375,239.0800018310547,168.94000244140625,373.94000244140625,164.92999267578125,348.80487060546875,53.9900016784668,25.030000686645508,120.63999938964844,170.22999572753906,14.90999984741211,125.05000305175781,386.8299865722656,20.950000762939453,733.5800170898438,119.41999816894531,10.859999656677246,519.8499755859375,1051.77001953125,109.97000122070312,165.16000366210938,503.6700134277344,86.72000122070312,86.43000030517578,328.4800109863281,54.459999084472656,118.16000366210938,3.1600000858306885,64.4000015258789,258.04998779296875,84.12999725341797,197.19000244140625,318.32000732421875,156.0800018310547,152.17999267578125,380.1499938964844,513.219970703125,57.90999984741211,322.8999938964844,249.24000549316406,12.8100004196167,379.05999755859375,125.05000305175781
2026-06-24,345.2900085449219,115.06999969482422,42.47999954223633,171.1300048828125,171.4499969482422,219.86000061035156,134.4499969482422,94.12999725341797,234.88999938964844,199.0,53.720001220703125,267.9700012207031,51.15999984741211,80.5999984741211,142.27000427246094,200.47999572753906,494.4100036621094,144.39999389648438,196.57000732421875,463.510009765625,54.060001373291016,131.64999389648438,99.80000305175781,180.2100067138672,112.79000091552734,1762.77001953125,463.92999267578125,53.599998474121094,277.00921630859375,153.4600067138672,333.45001220703125,374.79998779296875,14.0,515.72998046875,93.80000305175781,287.2699890136719,95.77999877929688,150.11000061035156,623.4299926757812,351.42999267578125,15.5,961.0900268554688,120.5999984741211,341.6248474121094,145.27999877929688,94.04000091552734,1.440000057220459,130.5399932861328,557.6699829101562,32.45000076293945,135.7100067138672,152.0399932861328,107.81999969482422,440.8299865722656,85.41000366210938,185.05999755859375,47.81999969482422,97.19000244140625,434.05999755859375,47.95000076293945,19.530000686645508,75.73999786376953,161.02999877929688,25.479999542236328,27.420000076293945,2.799999952316284,142.17999267578125,375.5299987792969,44.5099983215332,588.969970703125,113.5,1076.9100341796875,162.8699951171875,152.75999450683594,136.89999389648438,183.0500030517578,240.47999572753906,24.040000915527344,234.27000427246094,320.95001220703125,404.5899963378906,68.01000213623047,106.63999938964844,643.8300170898438,41.31999969482422,285.260009765625,1117.260009765625,239.9307403564453,46.61000061035156,106.54000091552734,127.2699966430664,84.44000244140625,405.79998779296875,205.64999389648438,293.0799865722656,197.41000366210938,45.540000915527344,92.94999694824219,91.3499984741211,276.70001220703125,161.74000549316406,6764.830078125,303.1099853515625,475.20001220703125,33.900001525878906,993.25,241.0,181.25,365.4599914550781,175.08999633789062,342.8112487792969,53.54999923706055,22.979999542236328,116.66999816894531,168.2550048828125,14.800000190734863,126.52999877929688,383.55999755859375,19.1299991607666,733.239990234375,119.0,10.210000038146973,519.739990234375,1048.510009765625,106.91999816894531,157.52999877929688,491.6400146484375,90.6500015258789,87.62000274658203,332.2300109863281,53.56999969482422,118.58000183105469,3.2300000190734863,61.84000015258789,262.239990234375,84.30000305175781,199.58999633789062,316.42999267578125,166.50999450683594,153.35000610351562,382.07000732421875,503.010009765625,57.72999954223633,333.1300048828125,248.36000061035156,14.420000076293945,372.3999938964844,125.16000366210938
2026-06-25,343.7099914550781,113.3499984741211,42.380001068115234,170.3800048828125,172.24000549316406,221.0399932861328,133.58999633789062,85.33000183105469,243.13999938964844,195.74000549316406,53.45000076293945,268.69000244140625,51.84000015258789,80.41999816894531,139.52000427246094,204.89999389648438,488.9200134277344,141.8800048828125,193.41000366210938,484.69000244140625,51.0099983215332,132.8699951171875,95.06999969482422,184.1199951171875,113.08000183105469,1841.1800537109375,455.0199890136719,50.560001373291016,278.2017822265625,156.17999267578125,335.1199951171875,401.82000732421875,13.880000114440918,522.280029296875,89.5199966430664,288.5199890136719,95.91000366210938,142.52000427246094,620.1400146484375,352.82000732421875,16.030000686645508,942.239990234375,125.44999694824219,341.5251159667969,149.92999267578125,95.3499984741211,1.600000023841858,134.61000061035156,542.8699951171875,31.68000030517578,135.80999755859375,148.5,103.98999786376953,434.989990234375,80.69000244140625,186.58999633789062,47.209999084472656,93.47000122070312,409.45001220703125,46.31999969482422,18.40999984741211,73.30000305175781,162.0800018310547,25.190000534057617,27.760000228881836,2.740000009536743,136.67999267578125,375.1199951171875,44.59000015258789,668.0,107.2699966430664,1065.0899658203125,167.77000427246094,150.19000244140625,137.5500030517578,184.57000732421875,258.79998779296875,23.670000076293945,227.00999450683594,322.6499938964844,419.8699951171875,65.62000274658203,103.58000183105469,675.3900146484375,41.45000076293945,293.0899963378906,1127.68994140625,248.28024291992188,47.41999816894531,105.58000183105469,123.80000305175781,83.94000244140625,415.5299987792969,204.77000427246094,275.1499938964844,204.89999389648438,45.849998474121094,93.86000061035156,96.6500015258789,281.260009765625,165.4499969482422,6814.43994140625,311.80999755859375,480.17999267578125,33.93000030517578,1025.3599853515625,244.8800048828125,177.0500030517578,352.8299865722656,177.64999389648438,343.1896057128906,53.97999954223633,21.90999984741211,113.18000030517578,169.66250610351562,14.300000190734863,127.11000061035156,378.9100036621094,18.700000762939453,734.2999877929688,115.77999877929688,10.069999694824219,532.5700073242188,1213.56005859375,106.41000366210938,152.4600067138672,505.0199890136719,92.11000061035156,87.69999694824219,330.5199890136719,54.09000015258789,119.26000213623047,3.3399999141693115,62.79999923706055,255.07000732421875,84.73999786376953,201.9600067138672,325.57000732421875,166.9499969482422,155.6300048828125,378.9100036621094,499.3299865722656,58.189998626708984,339.0799865722656,248.63999938964844,13.600000381469727,368.2300109863281,123.83999633789062
2026-06-26,337.3900146484375,114.37000274658203,44.290000915527344,165.52000427246094,171.05999755859375,212.02999877929688,132.60000610351562,82.30999755859375,253.35000610351562,192.52999877929688,53.56999969482422,264.0199890136719,51.599998474121094,82.62999725341797,141.38999938964844,204.0,499.0199890136719,145.55999755859375,202.72999572753906,479.5,50.0,128.32000732421875,94.80999755859375,181.1999969482422,113.31999969482422,1794.6199951171875,454.3399963378906,49.310001373291016,276.07501220703125,157.22999572753906,329.04998779296875,379.0899963378906,14.539999961853027,519.6199951171875,98.33999633789062,291.25,97.16000366210938,149.05999755859375,632.9000244140625,358.3299865722656,16.68000030517578,952.5399780273438,128.66000366210938,339.43084716796875,151.35000610351562,96.12999725341797,1.649999976158142,136.11000061035156,550.25,30.6299991607666,137.61000061035156,149.02000427246094,104.22000122070312,432.3500061035156,84.54000091552734,187.99000549316406,47.58000183105469,98.69000244140625,399.489990234375,47.209999084472656,18.360000610351562,76.55000305175781,164.13999938964844,25.389999389648438,28.56999969482422,2.8499999046325684,137.9499969482422,379.7099914550781,45.2400016784668,626.8400268554688,112.93000030517578,1019.6099853515625,163.49000549316406,158.3699951171875,136.5399932861328,181.11000061035156,248.63999938964844,24.290000915527344,232.69000244140625,318.1300048828125,402.67999267578125,71.44999694824219,104.48999786376953,586.4500122070312,41.91999816894531,304.20001220703125,1208.1199951171875,239.1925506591797,47.0,106.18000030517578,132.25999450683594,84.70999908447266,427.8900146484375,197.91000366210938,283.7799987792969,189.38999938964844,46.20000076293945,93.5199966430664,99.83999633789062,266.7699890136719,157.60000610351562,6828.6201171875,285.42999267578125,491.3399963378906,34.810001373291016,899.9000244140625,254.66000366210938,181.4600067138672,372.9700012207031,176.5500030517578,345.1907653808594,54.91999816894531,22.760000228881836,106.94999694824219,175.2725067138672,14.260000228881836,128.39999389648438,377.30999755859375,19.790000915527344,728.989990234375,115.69000244140625,10.100000381469727,521.5800170898438,1132.3299560546875,105.95999908447266,148.52999877929688,507.3999938964844,92.56999969482422,88.55999755859375,336.2300109863281,53.84000015258789,124.27999877929688,3.5199999809265137,62.45000076293945,267.7200012207031,83.86000061035156,216.02999877929688,303.95001220703125,166.2899932861328,160.33999633789062,365.0199890136719,500.0299987792969,57.880001068115234,344.07000732421875,239.07000732421875,13.489999771118164,377.2699890136719,127.87999725341797
2026-06-29,353.6499938964844,117.12000274658203,44.380001068115234,160.25,168.47000122070312,211.72000122070312,131.92999267578125,92.68000030517578,254.30999755859375,194.97000122070312,53.720001220703125,259.32000732421875,50.65999984741211,82.6500015258789,138.67999267578125,202.27999877929688,509.6400146484375,147.1699981689453,206.42999267578125,478.92999267578125,52.7599983215332,131.72000122070312,95.51000213623047,182.75999450683594,110.93000030517578,1883.1099853515625,447.260009765625,53.880001068115234,269.6747741699219,153.75999450683594,329.3900146484375,410.9100036621094,14.029999732971191,511.05999755859375,99.97000122070312,289.3800048828125,96.75,151.64999389648438,631.8099975585938,360.54998779296875,16.610000610351562,946.6799926757812,129.3800048828125,339.9494323730469,155.4199981689453,94.51000213623047,1.7300000190734863,135.19000244140625,562.5999755859375,28.149999618530273,137.94000244140625,148.4499969482422,112.18000030517578,455.1000061035156,98.01000213623047,187.3300018310547,48.34000015258789,101.83000183105469,414.6099853515625,46.95000076293945,19.440000534057617,76.54000091552734,164.8800048828125,25.25,27.75,3.200000047683716,139.0,411.8399963378906,44.91999816894531,694.6400146484375,115.69999694824219,1020.2100219726562,162.3800048828125,157.92999267578125,136.05999755859375,185.41000366210938,278.3900146484375,24.3700008392334,240.13999938964844,321.44000244140625,408.260009765625,86.7699966430664,103.47000122070312,651.8800048828125,41.11000061035156,332.0,1229.9300537109375,228.02000427246094,46.380001068115234,107.87999725341797,137.60000610351562,84.37000274658203,419.82000732421875,189.25,281.739990234375,188.72000122070312,46.02000045776367,90.8499984741211,98.36000061035156,277.75,164.10000610351562,6821.02978515625,285.4800109863281,499.6499938964844,34.95000076293945,968.530029296875,258.510009765625,182.41000366210938,368.57000732421875,181.10000610351562,346.5448303222656,56.349998474121094,23.829999923706055,110.66000366210938,185.7274932861328,14.550000190734863,128.3300018310547,374.8800048828125,20.969999313354492,741.0,114.5999984741211,10.260000228881836,539.489990234375,1145.280029296875,104.19999694824219,147.75999450683594,502.07000732421875,93.16999816894531,88.66000366210938,341.6499938964844,53.58000183105469,131.30999755859375,3.690000057220459,61.619998931884766,266.3999938964844,83.51000213623047,216.6300048828125,306.9700012207031,164.22999572753906,160.74000549316406,372.45001220703125,496.0199890136719,57.880001068115234,344.29998779296875,232.8000030517578,13.479999542236328,372.7200012207031,126.33000183105469
2026-06-30,357.3699951171875,117.27999877929688,43.18000030517578,167.8699951171875,165.75999450683594,209.0399932861328,129.72999572753906,86.93000030517578,251.63999938964844,200.08999633789062,53.61000061035156,248.3699951171875,50.83000183105469,81.2699966430664,135.39999389648438,200.6199951171875,513.5999755859375,143.10000610351562,205.02000427246094,490.55999755859375,52.33000183105469,139.6300048828125,95.9800033569336,185.22999572753906,112.31999969482422,1989.43994140625,446.07000732421875,53.2599983215332,291.3699951171875,155.1300048828125,327.3299865722656,433.3299865722656,13.890000343322754,518.9400024414062,99.27999877929688,290.5899963378906,95.70999908447266,146.19000244140625,623.5399780273438,362.1199951171875,16.920000076293945,935.469970703125,128.5,337.32659912109375,153.6199951171875,93.4000015258789,1.6799999475479126,135.99000549316406,563.2899780273438,29.329999923706055,137.2100067138672,146.63999938964844,114.29000091552734,477.57000732421875,101.6500015258789,189.72999572753906,49.2400016784668,100.27999877929688,431.4599914550781,49.86000061035156,19.31999969482422,76.27999877929688,164.75,25.479999542236328,27.3799991607666,3.240000009536743,165.07000732421875,420.6000061035156,44.029998779296875,723.0,116.66999816894531,1011.3699951171875,158.6300048828125,156.66000366210938,136.72000122070312,190.52000427246094,301.7099914550781,24.079999923706055,238.33999633789062,317.5299987792969,426.1199951171875,88.86000061035156,101.86000061035156,638.719970703125,41.61000061035156,341.0199890136719,1199.4300537109375,222.75,46.4900016784668,107.12999725341797,141.14999389648438,83.06999969482422,415.6300048828125,194.64999389648438,289.3599853515625,184.7899932861328,45.34000015258789,90.48999786376953,102.87999725341797,297.8900146484375,169.8800048828125,6813.39990234375,298.07000732421875,496.7300109863281,34.31999969482422,965.0,253.97000122070312,178.24000549316406,373.0199890136719,175.8300018310547,352.6877746582031,54.540000915527344,23.989999771118164,119.13999938964844,190.78500366210938,14.529999732971191,126.58000183105469,370.5899963378906,21.389999389648438,746.77001953125,113.26000213623047,10.029999732971191,580.9099731445312,1154.2900390625,103.95999908447266,146.5500030517578,509.4599914550781,93.66000366210938,87.7699966430664,343.0899963378906,53.11000061035156,136.4499969482422,3.6700000762939453,62.88999938964844,261.0,82.63999938964844,216.05999755859375,334.82000732421875,162.8800048828125,158.66000366210938,377.75,509.30999755859375,56.97999954223633,344.32000732421875,235.9600067138672,13.380000114440918,375.32000732421875,126.33999633789062
2026-07-01,361.2099914550781,118.08999633789062,44.06999969482422,166.33999633789062,165.69000244140625,211.86000061035156,128.58999633789062,93.38999938964844,251.05999755859375,197.5800018310547,54.779998779296875,236.5,51.02000045776367,81.29000091552734,141.16000366210938,204.82000732421875,522.4400024414062,147.30999755859375,210.97999572753906,462.44000244140625,52.45000076293945,127.0199966430664,97.98999786376953,183.36000061035156,111.44000244140625,1843.0400390625,454.5299987792969,51.400001525878906,306.3999938964844,154.85000610351562,334.07000732421875,391.260009765625,13.369999885559082,533.5499877929688,105.80000305175781,292.2300109863281,95.12000274658203,159.24000549316406,624.719970703125,361.3299865722656,17.239999771118164,924.6699829101562,125.37000274658203,347.04998779296875,158.97999572753906,93.30000305175781,1.7400000095367432,135.1300048828125,612.9099731445312,27.649999618530273,132.58999633789062,147.42999267578125,117.94000244140625,444.2300109863281,100.06999969482422,191.77999877929688,46.84000015258789,108.6500015258789,425.25,53.040000915527344,18.68000030517578,82.5199966430664,157.3699951171875,26.309999465942383,23.959999084472656,3.2799999713897705,172.44000244140625,425.29998779296875,44.18000030517578,650.9099731445312,125.7300033569336,1019.6099853515625,153.16000366210938,163.22999572753906,136.27999877929688,185.6199951171875,266.19000244140625,23.8799991607666,241.6999969482422,306.29998779296875,412.30999755859375,86.0999984741211,97.38999938964844,598.3699951171875,42.529998779296875,352.0400085449219,1191.739990234375,219.02000427246094,45.09000015258789,109.73999786376953,146.4499969482422,83.30000305175781,426.5400085449219,191.25,294.3800048828125,181.9199981689453,44.77000045776367,87.05999755859375,102.25,272.04998779296875,166.6199951171875,6643.72998046875,298.4100036621094,498.010009765625,33.47999954223633,915.1900024414062,253.97999572753906,182.63999938964844,384.2799987792969,183.88999938964844,361.2699890136719,55.619998931884766,23.5,116.1500015258789,193.18499755859375,15.050000190734863,125.7699966430664,368.32000732421875,20.200000762939453,745.760009765625,108.81999969482422,10.149999618530273,540.8800048828125,1032.280029296875,103.22000122070312,142.5,521.8200073242188,93.05999755859375,86.37000274658203,351.0799865722656,52.810001373291016,140.4600067138672,3.6700000762939453,60.529998779296875,267.0799865722656,85.94000244140625,209.74000549316406,311.4200134277344,157.05999755859375,159.5399932861328,369.3399963378906,519.9500122070312,58.36000061035156,346.04998779296875,232.0800018310547,13.109999656677246,377.7300109863281,125.97000122070312
2026-07-02,359.9100036621094,117.12000274658203,45.470001220703125,162.1300048828125,169.1999969482422,213.92999267578125,130.77999877929688,100.7699966430664,261.07000732421875,194.8300018310547,55.619998931884766,239.25,52.0099983215332,84.13999938964844,144.22000122070312,205.1199951171875,539.3900146484375,148.92999267578125,219.72000122070312,422.4599914550781,52.36000061035156,120.3499984741211,96.13999938964844,183.91000366210938,115.7300033569336,1769.3199462890625,437.1600036621094,49.119998931884766,314.19000244140625,153.86000061035156,334.4700012207031,351.4100036621094,12.399999618530273,546.6400146484375,106.31999969482422,302.07000732421875,97.9800033569336,165.47999572753906,654.27001953125,374.1499938964844,17.559999465942383,951.6699829101562,129.55999755859375,351.9599914550781,156.25,97.04000091552734,1.6799999475479126,133.32000732421875,582.9000244140625,27.219999313354492,133.6699981689453,151.41000366210938,113.30000305175781,434.1600036621094,100.45999908447266,199.25,43.06999969482422,112.7300033569336,394.32000732421875,55.349998474121094,17.940000534057617,82.38999938964844,157.13999938964844,26.6200008392334,22.110000610351562,3.6500000953674316,190.88999938964844,393.45001220703125,44.68000030517578,603.0399780273438,129.3000030517578,1021.0,151.0500030517578,166.11000061035156,137.08999633789062,180.58999633789062,235.5500030517578,24.31999969482422,242.6699981689453,296.29998779296875,398.5199890136719,85.12999725341797,96.54000091552734,539.0,43.9900016784668,348.05999755859375,1213.9100341796875,220.75,45.130001068115234,109.5999984741211,147.3300018310547,84.98999786376953,425.3599853515625,191.05999755859375,308.6300048828125,176.25,45.7599983215332,88.20999908447266,99.23999786376953,245.2899932861328,159.99000549316406,6750.7900390625,293.0799865722656,528.0399780273438,34.790000915527344,820.1599731445312,263.0400085449219,184.55999755859375,390.489990234375,188.67999267578125,373.5400085449219,60.08000183105469,22.530000686645508,112.83999633789062,193.97999572753906,15.09000015258789,129.60000610351562,372.95001220703125,19.579999923706055,744.780029296875,111.83999633789062,9.760000228881836,517.8200073242188,975.5599975585938,104.7300033569336,140.27000427246094,545.9099731445312,92.75,88.33999633789062,362.1300048828125,53.220001220703125,141.4199981689453,3.799999952316284,60.970001220703125,275.3500061035156,85.51000213623047,216.1199951171875,300.5299987792969,158.57000732421875,163.74000549316406,360.45001220703125,549.010009765625,58.72999954223633,352.4800109863281,224.57000732421875,12.739999771118164,373.1400146484375,131.27000427246094
