Date,SMCI,BIIB,RUN,TOL,GS,STX,XOM,SLB,TSM,HOOD,ZS,XLE,RKLB,VRT,NXT,MU,NUE,ENPH,BIDU,LEN,AAPL,MS,SHW,JD,XLB,XLK,KTOS,ANET,JPM,QCOM,LIN,BABA,XLC,PACB,BEKE,NTLA,COIN,GOOGL,AMGN,QBTS,AVGO,XLRE,XLY,XLF,PFE,LHX,ILMN,UNH,INTU,NEE,KLAC,FTNT,XLI,ABNB,MARA,APD,UAL,XLU,CRM,NOW,GOLD,BKNG,VRTX,DHI,PEP,V,PDD,LRCX,VST,MAR,AMZN,COF,XLP,ABBV,SNPS,DAL,BWXT,CIEN,ETN,MA,SO,SMR,MRK,JNJ,XLV,AEM,EOG,CVX,MSTR,ADBE,LUNR,FSLR,CRSP,META,ORCL,AMD,WDC,AXP,INTC,ASTS,MSFT,TWST,REGN,OKLO,COST,PLTR,OKTA,RTX,PHM,WPM,GILD,PG,CDNS,NVR,CRWD,LMT,LLY,MRVL,RIOT,ASML,RXRX,RGTI,BAC,EDIT,COP,AMAT,DUK,FCX,NOC,TXN,AVAV,NVDA,RCL,WMT,LEU,BEAM,GD,DELL,WFC,IONQ,TSLA,PANW,SPY,CCJ,KO,NEM,CEG,PYPL
2025-05-29,35885100,1957000,14743100,1252000,1736100,2434800,13825300,9902900,14609900,21300500,4203600,23792800,16266100,5908200,1317200,14628700,2437400,6357900,3234600,2230400,51396800,4337500,726400,18247500,9869600,14011800,1583200,17909400,5081200,5980700,1306800,12356300,4386200,10357800,5445100,24204000,7673400,29317300,2801900,66699900,20743700,4811800,8031600,34098400,26091400,2080200,1609900,16221100,1589700,11570200,9323000,4731600,12106600,4680600,26868600,1291800,10088600,20867400,28053100,6329500,201800,4840000,882500,3723200,6656900,4590400,15177400,8238500,3543800,949700,34650000,4204000,13321300,4925900,4314300,9060900,1420900,1122000,1617500,1347800,3670400,20748500,10785200,6810600,10670300,3629900,3421100,7554300,10175500,1780400,5337200,2514000,2722000,8858800,6994700,30501400,4570900,2362200,66372200,9682500,13974800,1192200,756700,21107000,2016700,62929100,9721000,3634700,1520200,976300,5596800,4842500,6281800,13700,13296000,851000,2785500,38742400,31246500,1166000,21634800,47543200,28545100,1554200,6999800,6845600,2292800,8927600,864000,4533800,296900,369241900,1426500,14338000,1252100,2313600,992200,14396000,14016600,25706100,88087800,4498200,69973300,7191900,10291100,9183300,2710600,7058300
2025-05-30,34887500,3640000,25393400,1346100,2129500,4352600,28645800,20668300,11998300,35691700,9946300,31038600,12706300,6935600,2249300,23758200,3548200,9516500,4356100,3356800,70819900,6436100,2509200,11037500,12114200,13494000,2236900,16492800,10977700,13755600,4344700,17213200,9044700,11546200,17638900,8853700,6070900,52639900,5439200,68710500,27088600,6882700,10233200,37953200,56618600,2784700,3661600,16309300,2887100,18802700,17177000,17093000,14254700,9562900,35164200,2872900,7487000,20680400,12388500,13319500,240000,5817500,2581700,4305100,12992100,8726900,17185000,19191600,5306100,1245300,51679400,6183000,17778900,11609000,3356200,9190700,1157500,2302900,3788000,4581100,10682400,15538200,20641500,15529700,11651300,2614800,5536300,12858900,12564000,4231300,6230600,5258100,2079300,16241000,17547900,36088500,7402800,5251700,114281900,9399200,34770500,1250100,6313100,23478000,5403800,185897600,7718400,8195100,3156100,1866100,11913200,12587500,2901700,35600,17954800,2196300,6106200,48347500,34036600,1785400,20561900,53928500,66537500,1276200,20170600,15273600,8078800,17241200,1304500,15101100,1092000,333170900,3481600,29980100,1169300,2294600,1657500,19208000,17042000,27156200,123474900,11419700,90601200,5413300,28019500,18835600,3656100,14937200
2025-06-02,25940400,1868100,20218000,1462300,1221200,3097600,17290500,12681500,7447400,30252600,5827300,32031000,10757100,4001800,1543000,16850300,7457300,5034900,2940700,2452200,35423300,3607900,1990600,6943100,15811000,12878800,2807400,9415000,6011200,6419500,1865400,13147200,5983100,5964300,7098800,7986700,6188000,38612300,2394000,64920400,19197000,4756500,8783800,30142300,30443900,1339400,2126300,19074400,1870000,9366900,8646000,5242600,12641300,5223100,36748700,1346400,6925500,26799200,9213500,5013000,326500,3417500,1179000,3780400,6723700,3845700,6288200,8246300,5613000,1339500,29113300,3858300,15827900,4435600,1299300,8117500,800700,2591300,1929100,2089100,4338600,10618500,11271800,6669300,11845000,4025400,4151400,9076600,8102800,4153700,6271700,4165200,2381500,15766300,7166000,34078400,4214600,1751200,67885500,7858900,16626500,1909300,2944300,15037100,2148000,93218700,4101200,3946200,1547900,2707800,9987000,7574400,1993100,22300,13933600,1154200,2946900,18270300,34057100,812600,19135900,29878800,28582600,2166600,8634400,5875300,2820300,15316700,765300,5648300,757700,197663100,1959500,16999200,771700,1993800,1001600,9027600,11237500,15261800,81873800,4411500,61630500,3475200,10202700,14953200,2097100,7518200
2025-06-03,41728700,1824900,33701100,1285100,1730300,4835200,19194300,16171900,9548300,43343500,4123600,30352600,12186500,8438200,2329100,22757600,4854700,6100400,2387500,1996600,46381600,4145600,1792800,7013100,13218200,14312400,2716900,12112700,6998400,6164100,2606600,14008900,4102100,5637900,6632600,5713900,9946400,45084900,2320400,60196400,30380200,6276900,7855400,33705400,37887100,1212500,1663100,12805700,1526800,11014300,9432000,3789900,10896800,5809300,49904400,1395600,5370000,28547800,7838500,5118500,191500,5310000,1683400,3588900,7339500,5221300,7574900,8920700,10019900,1358200,33139100,4623100,13265600,5335600,1295200,9400100,1233100,2690800,1978900,2116900,5353800,19429400,18139200,8209800,14304300,2875000,3279200,9001300,11351800,2737500,5317900,4474600,1838500,11585000,7155300,37161500,5635300,2202400,80401900,10494300,15743800,1437300,2141600,31354900,1992900,91297700,3578500,3493900,1650900,1570900,9884000,6223000,1617400,14100,30528800,1032300,3056500,19286600,42216800,1085100,16333800,42259500,31320200,1658600,5642900,6355400,2609600,11741400,578400,5612600,635700,225578800,2024700,15598600,1905100,1480400,1051000,6643900,13193500,12476200,99324500,4820900,63606200,5818700,20139800,10257300,10696100,7316400
2025-06-04,31201600,1472900,14339400,1645000,1294900,5769200,15648500,13545100,13531100,31915100,3231500,44939200,11683000,5005700,1348100,14595900,2248800,4167900,2176400,2847300,43604000,3123200,1557000,11293700,13268000,10899200,1932100,9528000,5915700,7143800,2092600,18115500,4388200,4852400,12485900,3993400,6026800,26900800,2338300,56340400,31536000,2969700,7581000,24600500,24500100,804000,1360500,11255600,1280800,10894900,8395000,3392800,7975800,4501000,50856400,1401300,5055500,33001800,7372500,3589000,157900,5230000,840100,3721700,6519700,4202300,9816700,7992200,5290600,926300,29915600,3022800,10804100,4382200,972400,8231200,832400,4094900,1669500,1530200,5816000,14002000,13009300,6983900,9986100,2255900,3333900,8735600,8472200,1843400,4896000,3033800,1446500,14031900,6375800,31025000,4739600,1842100,71166500,32676900,14162700,1019900,1870700,19199000,1422100,97306300,3854100,3200400,2063700,1747600,7963200,4939000,1430300,17400,61814400,1273700,3135900,26990200,39116400,1160000,46074900,29530600,30591700,866100,7268000,5990600,3288300,10979300,766800,5780600,718200,167120800,1136200,11115600,1903200,1363000,772500,4536200,29578000,12079000,98912100,3360600,57314200,3311200,13565900,8566100,4966800,7712300
2025-06-05,40439400,1235400,17344400,1650700,2086700,4765100,13924800,11545800,12214300,64664700,2503900,27655000,27953900,4812000,1565400,28833700,2429900,7286000,3271800,1815100,55126100,6193300,1438700,10160600,14234800,15885200,3437400,7932600,8173800,5605500,1679000,15332200,6785700,6233600,7006300,4328400,11971900,36379100,2522400,65927500,41970900,5412000,12096600,42014400,33173600,1136200,1729600,13529000,1242200,10967200,16189000,3368100,13814300,5858000,41371200,1151300,6021600,21175000,8642900,4512000,221900,4642500,1400000,2283500,9560800,6881900,7630400,10907700,4296700,1188800,51864200,2558300,16474500,4417900,1676800,7398200,889900,11619300,1600800,1480000,6725100,14292000,13983700,5295400,13705000,3042800,2697500,6342600,11871400,2275500,7822500,3604500,2594000,13083100,7707800,34091000,10981500,1696900,72458400,29674100,20131700,870100,1791100,13211700,3289400,131055900,2680300,3510800,1201600,2642700,10819400,10351800,1904400,9900,24713200,1063100,3636400,23426600,46346900,1506500,32695300,35304700,32020900,3176200,5110200,7386800,2443000,17270000,634300,6017700,723600,231397900,2207300,15817100,1869400,2030300,871000,5435000,20138400,17201700,287499800,3544900,92278700,3422700,13531400,13470200,4673800,6323600
2025-06-06,25509600,1166100,15438200,1051600,1675900,4377400,15487800,10410100,8532000,66229100,3016200,28556800,34136500,5377100,1482800,20710100,2061200,6994700,1730400,1912800,46607700,5004400,1495300,8489700,9348400,9026000,2033500,6622800,7738100,5794700,1352700,9753200,4002100,12923800,8993900,7210100,7360200,35731800,1996100,82618000,41146700,3533600,9948800,34982800,30426200,795700,1614300,12589000,1475300,9286000,9963000,3296600,11289200,9053500,61255200,1078600,5842700,21267200,7507000,4798500,195700,4352500,960500,2338200,7628200,5008500,5484100,7877800,3302200,986700,39832500,3452300,10948900,3607800,943200,7449500,731900,3207200,2206400,1528600,3995800,14203500,9863100,5391500,9153500,3712900,3055900,6563500,9384200,2146900,10077500,2121600,4726300,11728000,6833700,27042100,5952100,2099000,70072800,14295500,15285600,1478500,1497900,13254600,1855400,87175100,2476800,4511000,1396300,2541900,5263500,5697700,1365700,14800,17372000,714400,2069900,22926300,55897400,1345100,60323000,38279600,37013000,2450900,6042100,5717500,2094600,8501800,372400,5338800,1130200,153986200,1949400,15599300,995700,3902800,647000,4037500,10988000,16146100,164747700,3306200,66588700,3328900,9524000,13368400,3735300,7240200
2025-06-09,27406300,1081500,16987000,1507700,1610700,5425500,17087300,12437700,11472300,65748800,2294100,28680400,60217100,5820400,1567600,20159700,1642500,6755700,3400500,2155000,72862600,4838600,849200,11381400,11667000,11100600,3161900,8000700,8285000,10589400,1616000,10410600,6371300,11233400,6176500,6897300,6064800,28935900,1967100,57044300,25334100,4581000,10596400,28322100,42542600,1067300,2038800,12170300,1342400,7062600,15298000,3904800,9162800,3990000,64736500,1101200,6959300,24866400,5728300,4539000,172500,4982500,912500,2224600,8453100,4999900,7964200,14496200,5350000,1207500,38102500,3622300,13027300,4661500,1612100,6378900,1438300,3397400,1621700,1936000,3907800,11572700,18305800,5319000,9976600,1605600,3647600,7159500,10924600,3034200,7802900,2601400,3289600,12773200,9668900,55437700,6549900,2097800,92893900,34436400,16469900,1535700,1983100,15735200,1696700,74785600,6071200,7104300,1098000,1585800,6153000,6544200,2517000,22700,10898400,1064100,2262200,19351800,49134500,1769400,46978300,43412700,32414000,1222400,6212600,6320000,2407400,9938400,617700,6869700,1058800,185114500,2113300,13655700,1263500,1568500,789600,5123700,13453200,36305100,140908900,2566500,53016400,16021100,12281300,8173300,2997400,6166500
2025-06-10,21494900,991000,16300100,1725900,1376400,6119700,17634800,15648900,14514000,39178600,1637000,46092200,30798100,7573000,1393500,22949400,1881800,6139100,2427000,2768400,54672600,3816900,769400,6061700,7875200,9831600,3198300,8785700,7538100,9068400,1859600,8892800,7313500,11039600,15520500,5135400,5858000,61766100,2441500,64100900,25491300,4832800,8594800,27728600,40439200,927000,2949700,11384100,1422900,9888000,15155000,3789300,15625600,4138000,49306100,1340900,4795100,28052800,6309700,5946000,145000,4465000,1286900,3507900,11852900,4109300,5497200,11118900,7818200,1479000,31303300,4808000,12364900,4087500,1085000,5877900,1928700,3878800,1882100,2133700,3969000,17364100,13254100,6791600,11488000,2246100,4952200,9841500,7074800,2627400,6396100,3025200,3531100,10850100,11056700,41691900,7168100,2045300,171457000,21288700,15375900,1273900,1175000,14780200,2255000,69308900,5230900,6303500,2169600,1633900,8870800,7680000,1603300,14700,9890000,1150400,4744400,14948700,49548800,1715500,48268900,61400200,32229100,2880400,9687600,5711600,2095400,9460600,535800,6247700,547600,155881900,2025100,17162500,970100,1263100,1008300,8661400,14892900,31977900,151256500,2971900,66247000,10657500,12265000,10582500,3374300,9510700
2025-06-11,34008900,1331100,14226500,1921800,2063600,4553200,22648200,14446000,13326400,34056700,2007400,48996600,21283400,5560400,1556500,21614100,3617300,3956300,1899500,3935500,60989900,5810200,1115300,6792200,10307800,9599600,2538900,9307500,7434100,8859900,2734200,10443100,5455600,8736200,6989100,3707300,5986100,31646800,1828300,86552100,24599000,4809300,6888600,39368400,38558700,1560400,2244700,14711400,1276500,12000200,16504000,4220300,15837000,4020200,40761400,1069800,8318800,21394800,6568100,3714000,202900,6570000,1016500,4179000,9168400,5562700,6255700,10646500,4029300,1079300,39326000,4464900,11204000,3908000,1104800,10205400,1436700,2769200,1424000,2238100,5151500,32819400,11803300,6016000,13644000,3484700,3893000,9256700,6812200,3385400,5336500,3617600,2055900,9582500,18002900,32261900,4411400,2013500,146784500,12905900,16399200,1321600,963100,55913500,2459800,97366000,2838000,6370300,1765200,2353000,6413600,5960100,1259400,23800,11026000,3618200,3125400,13885500,41081500,1365900,33071700,178367000,47873500,2013100,8738500,6133200,1929700,13530900,895200,5062100,612800,167694000,1981300,16389600,2092600,1768600,970000,5436500,16442400,53397300,122611400,3463000,73658200,7928300,12718500,11461300,2751400,7706100
2025-06-12,24671700,1147500,11190400,1125600,1634700,3005000,17469400,10046700,9796100,22611100,1827400,34028200,12967500,6778700,1300300,17076500,2132400,3755300,1765900,2355500,43904600,4258700,888500,5265900,8660000,11210400,1573300,8765700,6618000,5689400,1572800,10204500,5616100,6040400,11102100,2500500,7725300,20941900,2159700,49982500,20410900,4151500,5413800,25500900,42465400,1336200,1735400,15957200,1300200,11022200,10917000,2946600,13097400,3461000,42679700,678400,7626400,19568600,8054000,4241000,160800,4832500,1074500,2318000,11444900,4874000,4925400,5989700,4357300,1152100,27640000,2541800,10709900,5781400,867800,7655000,1714100,2160900,1777300,1984000,7122500,18131300,13169200,7075500,9809500,2926800,3318600,6999400,9423900,6313300,4499000,2120800,1632700,7322700,54610000,44718400,3608800,1604500,78175900,9926900,18950600,924000,873200,38026500,1720100,56248200,2605600,4664400,1367900,1945300,7026000,6509900,1012800,16700,14080800,1700600,2271100,11862600,26537200,999600,28360000,93622200,30165400,3205100,7862300,4468500,2432200,8750100,635100,3257600,339000,162365000,1524600,17845700,692000,1401800,753700,5597700,14522500,20079600,105127500,4159500,64129000,4439100,12806900,12938900,2084000,8644600
2025-06-13,36493500,1207400,42841200,1372400,1674800,3000800,28540200,15387400,10152500,27789300,2066600,84194800,15593900,5900600,1626500,17453000,3304200,6456400,2414900,3320100,51447300,4367500,2797900,6847200,14289400,13193800,2786700,6217300,7098300,8446400,1415800,13355100,7342800,7314600,47445000,3283400,7062700,27663100,2191200,41618700,19028400,6375700,10292200,54921900,46368400,3051100,1612800,13762400,1148000,13213400,18322000,3425200,14060500,5090900,55022500,932900,10129300,25325400,7659300,6661000,357700,6550000,1021500,3219700,9581000,14181700,7194300,10979000,3960700,1783100,29337800,3413400,15635100,4965700,1162500,12952600,1151900,1845200,1565300,5905400,5059000,9819500,14550500,6587500,13722800,2990800,7915200,14148000,9378900,10629700,4192400,4466800,2019700,9274400,53707400,39702700,10554500,3405600,87655900,22908900,16814500,737700,951500,31769000,1786000,93519000,2240900,11765200,1599600,1955400,8150100,7104500,1188800,17700,10442800,2729700,2754600,14159800,39189200,1742900,37528400,45368100,43281700,3051500,16849700,5297100,2789500,9722100,1844000,5138200,774000,180820600,2791300,18694700,1045600,1424900,1649100,5137500,21168300,19404600,128964300,3818500,89506000,5083200,17467200,19690200,1525900,16744400
2025-06-16,33860900,1111900,30716400,1849400,1870400,3530300,22986100,16121500,10932900,27114900,2567400,69406600,13601300,7553800,1880700,21374100,2517300,6310800,2212800,5030900,43020700,6240500,1706400,9697800,10504000,13866200,2725200,7734700,8566000,8686300,1586500,10242900,6211900,16678600,18846200,5226700,12034700,27389200,2047600,59371500,20363000,6304400,4764600,35632400,35102100,1832400,1790900,14240100,1428900,14546000,16194000,3519800,13711000,3406800,39214900,889400,8555200,27266600,7177000,6154500,291300,5607500,1029900,2202400,11183700,7234700,6561900,11642100,4177700,1925700,33284200,3080700,12728200,4203900,1386400,10242300,2405700,1854300,3393400,3108200,5374100,17909900,12569400,7024000,14171000,2893700,5142500,10105100,8105200,6798300,4513000,4928900,1687300,13720300,22665300,100968500,5552500,2307800,86745100,17820800,15626100,922700,1325800,29283400,2109300,80779800,2898400,7986100,1752600,1644100,4740600,6332000,1697100,16500,10841200,2766600,2821800,19706100,46929500,1454500,27152600,47085400,34103600,2832800,10330400,6712900,3276000,10508000,1168700,5864500,712100,183133700,1969100,14881700,1303600,1639400,927500,5292300,16231500,29311100,83925900,4138000,79984100,11181200,15045900,15104000,2592700,7195500
2025-06-17,20761000,1154600,119998600,1965000,1479300,3410800,19451700,16172900,8389700,26677500,2885300,67884200,14498900,6102900,3591700,20837700,1855500,34627900,1564600,8196100,38856200,4767700,1593300,7943300,9158000,10525400,3032600,11797600,6739300,7146900,1272700,10205700,6034700,9681000,14423700,10372300,9050800,24973000,2515100,39546600,22014300,5610100,8473200,31130700,40408800,1371300,2387300,11593900,1344500,12971300,13340000,4096000,12654200,4773800,54622000,1154600,9396500,28335800,9110100,4099000,166400,4905000,1363300,3847800,10235200,5559600,4466300,10229500,4170400,1187100,32086300,4038400,15059900,4733900,765500,9221600,1626700,1566500,1870000,2246600,4413400,15126400,14040600,6407100,13506000,1683800,4563500,11330300,11218500,6866300,5494400,20640000,3881500,10066100,17819200,86623900,9616500,2625800,87512200,12867300,15414100,731100,890400,24789600,1668200,70479100,2465900,7251800,1953300,1303500,7460400,6809700,1130400,23600,13594800,2191200,2875600,25313400,42121700,1422800,21364300,33958800,27489600,5459000,9468100,6631400,2344100,10291600,764300,4656300,657500,139108000,1366800,14935600,1129400,3324100,984200,5968200,14156800,18889300,88282700,4132900,82209400,4245200,15437000,11622200,2158100,7374300
2025-06-18,40654600,2331000,47017800,1551500,2423100,2816800,17968900,17588600,6932000,36185600,2019900,70473000,18457700,6331700,2352600,20180000,4038500,14579500,1674100,4839700,45394700,6170400,1451800,9966100,8554000,11066000,3119000,9164100,9586400,6708700,1223200,14002300,5927300,9815000,10550900,5805600,37434300,28707500,2026800,52611100,30435500,5529900,7405800,45728200,37076200,1280000,2028500,12205600,2223400,7203300,14315000,4337300,14008800,3702500,37451000,718800,8039300,22324000,7628000,6047500,147800,4525000,1380300,3266100,8785800,15008600,4371500,9373900,5591600,1136400,44360500,3403800,11117700,3573200,1040500,7391800,1367800,1496900,2969000,6966800,5189700,10568300,23803400,8325200,12185300,2388300,4553000,9841900,9200500,4808900,5032800,7610700,5699700,10068300,15055400,49627100,6647400,3691500,94200600,21257500,17526500,1072600,841000,14650000,1509600,58260200,2466000,7116900,1915700,988400,12894800,7211200,1221000,30200,11321200,1871200,2442900,55359800,50959400,1372500,35107900,30230000,37684700,3586600,9116000,4946900,2937900,6185500,792400,3742000,800800,161494100,1767900,11333700,1101300,1839000,731900,4671200,23498300,18288700,95137700,3324500,76605000,4390100,16227600,11472900,1451500,20427700
2025-06-20,51588500,2166600,30459700,5014800,4115400,6027300,36273300,30021000,16992000,37245800,3365500,56744800,37066000,6689600,3456400,29290400,5239700,13064900,2223200,5779400,96813500,8904400,2707400,16387900,13409800,11490600,4784100,18552800,13969700,15501900,4365000,12737300,7469600,11572600,11114300,5904900,31468800,75659900,6801300,55758400,42134900,5834600,9704800,44456100,63098100,1636500,3181900,16177900,2709400,15182700,23478000,6944000,13985200,7968000,49493000,2050300,8660200,31688200,12859200,10038500,646500,11047500,2167300,5351200,23001000,19332100,12509000,22925200,6585700,2244300,75350700,5359400,16771500,12158100,1510900,10796100,3523400,2813700,4407100,8202800,10746100,12288700,34052300,22605500,13744900,3461300,11229400,23705900,12821800,8126900,7959300,5074300,3055900,22538600,20879100,79931000,9426300,5687000,133472800,23527900,37576200,1488400,2259300,15026100,3255700,87067000,5151400,9220600,3054700,2400400,23268100,16173400,2373300,50400,20732400,2419400,6210600,46009100,33914900,2303900,32067300,27759500,64591600,3068700,16026400,18396600,6203100,13986900,916000,12910000,1164400,242956200,3508100,20604900,2947300,2188000,1518700,9568400,27677500,33099000,108688000,8289200,94051400,5507700,40859400,24148800,4194800,18497900
2025-06-23,69270800,1190200,17234000,2039100,2020800,4372700,26631100,25846100,7535500,35289900,3054900,105688200,44056800,9121400,2938400,23399200,1789500,8131100,3251400,3497900,55814300,5232400,1600800,9278700,10120600,12277000,5487600,16234000,8094600,6860700,1611000,12536500,6925400,8057100,7117400,3948400,17553700,57671000,5764900,46541800,19747000,6057900,12557200,43022700,31959100,1193700,2151000,12274700,1223300,8671300,14277000,4523500,15902400,4250200,48736200,1133000,11985200,25573000,9283800,5499500,189100,4390000,949800,4075500,12840400,7553300,4732400,12551300,4150400,1728500,37311700,3541800,17771400,5157900,897500,16437900,1829900,2061600,1397800,3681100,5907600,12979200,18553800,7397900,14181600,2373000,5080000,10540600,10614700,3841800,5784000,3708200,2234200,11080100,13418400,65152900,4627000,3101700,81461000,21470900,24864000,925700,1076000,19045000,2082900,70501100,3532600,6548500,2007000,1469600,8173400,6588200,2134500,21900,17726800,2666400,3951500,26862100,40675600,1302800,21545400,33264900,42683600,1787700,9749700,6838800,2440500,11692400,978800,4565400,969700,154308900,3017800,20432400,1892000,1346300,1205600,5987400,17375700,24966100,190716800,4478800,87426000,5086400,21822800,12422800,2314500,11447900
2025-06-24,58068400,938200,41463700,1966400,2307800,4670500,24828300,24521000,14814700,42266600,2257100,65358800,28392600,7544700,2271300,26420600,2039100,11605400,2539400,3633500,54064000,5599900,1585100,10894300,8768200,11329400,4902700,11279800,9267900,7692700,1470600,17125100,4685500,6404800,13832300,5292300,29670900,40524300,3686900,33442500,32764900,5292600,8652000,41225000,34404200,1188700,2323500,8781400,1900400,9001300,11451000,3540500,11518200,5045600,43803800,1580700,7187800,20389600,9713900,7570000,184400,5850000,1068000,4484000,9226800,10172000,11724000,12838800,6851900,1505700,38378800,3549700,12580900,4074400,866200,11886500,1127500,2945300,2977800,4503200,4558100,21270500,15906400,9544200,11272900,3418500,3980900,10778400,10174900,4797100,4284200,5149100,2457000,13823200,19030600,78572000,6021000,2805900,130368700,20033600,22305600,741300,970600,18003700,2385100,58574200,3063000,8242100,2578300,2237000,7916700,7470100,1906300,41300,14534000,1970200,2788500,26999800,45854600,2039600,22993100,30463000,45437600,3015800,11016200,7254500,2477800,10817900,930600,7597800,1576300,187566100,2397000,22403700,1965400,1314500,1127300,5034500,16342300,19999100,114736200,4951800,67735300,5802500,15216100,14906800,2385000,9500900
2025-06-25,86439500,1095900,21940400,1116800,1566400,3574900,17483200,13448800,9168400,38974900,2047200,43723000,22969800,5324500,1748700,39407000,1713600,9841600,1426600,2433200,39525700,5736400,1614600,8387200,8744000,9228600,3571400,7883500,6826900,5280100,1608900,12835500,4401800,11870200,5328600,3235700,30154300,35479000,2740300,30993700,18894200,10960100,9302000,33123900,25603300,963700,3688200,8722100,1531100,12839000,7720000,2791900,9751600,3765600,37555000,1617300,5483200,26771800,6074300,5968500,139200,4432500,1077100,2551100,10922600,6836300,4822400,8690500,3813900,1514000,31755700,3039800,12880400,4471100,867900,7885300,1474200,1821700,1930200,2889200,5548300,15243000,12753200,7153700,11996400,1698300,2799000,7386100,10606600,3718800,4639100,3386700,2123500,9320400,11804600,74607200,4530300,2467200,64975100,23977600,17495100,1472500,639500,17089000,1827700,61435300,2267100,10395000,1667800,1405500,6053400,5933700,1736800,19300,11830400,1265500,3023100,19426700,34228600,1400100,20930100,29108700,33532400,2264900,8380800,5431800,2966300,7114000,724600,4748300,6343600,269146500,2785800,11154700,1639700,1497100,2205900,3977600,13954500,16075700,119845100,3242300,62114800,3953200,12540400,8539100,2263900,7851900
2025-06-26,72397600,864900,27078300,1397900,2849500,3047100,18304800,14211000,7982200,25222500,1878600,33565600,41601800,5398100,1915200,62678100,1838300,15876800,1754100,2334100,50799100,6013200,1724300,6795900,10508600,11288400,13922800,15262400,8942100,6278200,1983000,8388000,6375800,12622000,4441700,2985300,27371400,31796700,2998200,38744600,23569600,14023700,7543000,37866000,31835300,1956600,2928600,6532700,1420100,8010800,8647000,2816300,9728300,5138300,39641200,1462800,4633600,18746200,6708000,6022000,111400,5482500,1169200,3016700,11538100,8829500,4836000,9477500,3677900,1245100,50480800,3585200,13783200,5734000,1019300,8286300,1238900,3138900,2284500,3764100,6003400,9834600,13760100,7156900,13177700,3485600,2705300,7415700,10202300,3139700,8674800,4127900,2681900,13964800,10531100,58180100,5930300,3255200,63229300,14220000,21578900,801700,965500,9984600,2262800,69440500,3963400,5407500,1731300,1727700,6311700,7410400,2128200,24600,12068000,1590100,3118200,37440600,57591300,1705800,21512400,27523000,40127000,2318800,6545000,5199700,3143600,20484500,876400,4579200,4739200,198145700,3838600,19361400,2570300,1295400,1857700,9434800,18214800,21786400,80440900,5264900,78548400,7823300,14454100,9279200,2192400,10235600
2025-06-27,53757300,1100000,17994000,2011100,3650500,4651100,22002100,17166000,13133000,37005900,2548900,35411800,75749300,9337700,2219700,36888600,2860500,12193400,1544300,4287400,73188600,7249300,1366900,7636400,9375600,12196600,16654500,10396100,17868600,22100300,2643200,12355500,6949700,13881500,3210300,4006500,29000400,108140200,2894500,62783400,27477600,6608200,8902000,38954100,39528800,2158900,3837700,15304400,2051800,14275000,11755000,5706100,13380900,4930600,39794000,2433400,6495700,25307800,21741400,7571500,911900,7440000,3615500,4089800,26536500,6601900,4081600,10781000,8903700,4507300,119217100,4410800,15135300,29264700,2153600,10177200,1326500,3397400,3704400,3837500,5228200,19169600,60202500,10010800,13818500,4921800,4187900,9213500,18694400,5083800,16353700,4371600,15085000,18775700,14127500,61937900,6642300,4605500,95542400,31720800,34539200,1563200,1607800,45939900,2129200,202598600,3471700,9173900,2996000,2629200,19545200,19257000,2331800,27500,13865200,1996400,4115100,27254000,56141900,1201000,46633000,52444700,56705000,5463000,7555700,14202800,3578700,13661000,874400,8585100,3352700,263234500,12060600,31431900,1712900,4494800,2268300,7362000,21324200,21643300,89067000,5346400,86258400,8007500,23470700,16613800,3689700,10449500
2025-06-30,49238000,1184400,42329800,963600,3976400,3663500,19199000,13101500,9279800,101945000,2523100,26247600,18438400,5349800,4703900,22799700,2578600,11507100,1843600,2487900,91912800,8034400,1809800,7922900,8533800,13365200,7720000,12519500,12689200,7988200,1856200,10457300,5652500,11693200,10040600,2742300,11227600,63378900,2963500,38372500,24708400,6959500,7003400,42472900,44730900,1110900,1845100,10074100,1946900,20894500,7867000,4095400,10914600,3665900,46603100,1286100,4897100,22018000,8541900,5046500,314600,7192500,1114600,2415000,11402400,7080100,5701300,8218300,4753900,1341800,58887800,6402200,12080000,6482600,1343700,12531200,1032900,1822900,2212400,5054600,4924600,10735600,13895200,9039300,12407700,2140000,3491200,6980300,13752900,4645500,5785400,7938500,5290300,15402100,31844200,42972500,6074400,3416600,77102400,13635300,28369000,753300,1013200,13456700,2127600,97305600,2858200,5939500,1635100,2045600,6602300,11238200,1748300,21200,10811200,1205600,3041500,17072900,49089100,1080400,25780600,48094800,47921200,2255900,6518900,4070700,3486700,10256300,644100,5319900,1678500,194580300,3292800,17803000,1367000,1531700,1184100,5427000,21685800,29526400,76695100,4350800,92502500,4105800,15429000,10061300,1968000,7738000
2025-07-01,42243100,1919400,32377100,2514400,3301000,4951400,15536900,18964600,9990200,121171500,4228500,40772800,26656500,8974300,4849600,24825800,2092900,12436200,1631900,5523000,78788900,6166700,2310200,6415500,15844200,15144800,5960500,8685500,9338300,8942300,1856300,9243200,6614100,17740600,9472000,5564400,13132100,35904500,3502700,54151500,28847600,9438400,13085400,33844800,59259900,958500,2885600,17865500,1923800,23841100,10791000,6138000,13189100,3919600,41974200,1324400,5013100,39690200,6256800,6220500,245000,5652500,1146600,5367600,12846700,6653400,3637700,9760300,6125700,1515400,39256800,4923800,23302100,5937600,1512800,10037600,2217300,2042600,2407800,3827000,7399400,13562900,21800800,10896700,21204300,1771500,3680300,8508200,17289600,4516400,4953400,6575500,3448200,13431200,16962200,55257200,5360800,3836200,79094900,8324700,19945400,681200,1200700,13224900,2200600,91479700,3006400,4819500,3341500,1474900,7677200,10664900,1332100,25400,16356400,1242800,2734000,16702100,49405900,1065800,38012900,28156600,48540900,1749800,11895200,6572300,3498600,9385700,651300,5856200,3777500,213143600,2820700,15635800,1055300,1584900,1468700,4105000,20967100,21237900,145085700,6840600,70030100,6175200,21729300,10559700,3553000,8633800
2025-07-02,27703100,1474200,21326400,2281600,2906500,6703600,11892200,16153400,12012500,113204200,1632800,42468800,14865600,5761600,4251700,29303800,1970600,6690200,1699700,4417400,67941800,5494500,1340800,10078900,14644200,11950200,4811900,8326300,8158700,8916400,1423100,13843800,4865800,13280300,4369400,7234200,12493100,29128900,2287000,62915400,17582100,6737400,12436200,40791100,36772100,883900,2165800,18177200,1493000,11240100,10510000,3749300,11061700,2668000,82124900,1113800,5407700,21891000,6115200,4357000,198900,5285000,978300,4363400,9388700,5131400,4246000,11023000,3264900,1086300,30894200,3573100,16429100,4658200,979100,9833400,1195400,3045200,1787500,2502300,6437200,8222700,16052700,5544000,13720400,2423200,3460500,8228700,17454400,6912200,4451000,6332300,3365500,9336700,22326900,39228000,7125000,3040200,138245300,8698000,16319600,1162300,818100,10018000,1606100,59732000,2249900,3253300,2498500,1035600,5991100,8848700,1164600,21100,8452800,1127300,1978300,39388500,44100000,1383000,25072100,65581800,48003600,9568200,9436000,8800600,2834200,23271300,817400,5533400,5089700,171224100,2940700,12502000,853800,4004900,1086600,3937800,15195100,24757100,119483700,3367200,66510400,4886000,13050200,9316500,2106500,9361500
2025-07-03,18665600,633300,33830500,1124100,1502000,3619700,11223600,7240700,7779600,56373800,1367900,22266200,7976000,4003600,2920000,13247900,1029100,7032100,1167600,3163100,34955800,3974700,1088700,5948500,6766000,7112800,2147500,5296700,6541600,4280800,952700,11847200,3206100,13771500,2811900,2811300,6704300,21689700,1518500,29876900,10592700,5758100,6904800,25904800,27104600,575400,1423700,6161100,823000,8560900,4894000,2864100,4864900,2628600,32142500,682400,4047700,14900200,5031800,6029500,100400,3280000,764000,3428400,4941400,3702800,2746300,5028900,3342400,623200,29632400,1856000,10898400,3706200,2020000,6123400,718200,1082500,1088100,1528700,3467200,5842800,7734500,3482500,7282700,1409300,1437200,5173300,10013900,2863700,2806500,6399700,1839200,8601700,18441400,28646000,5162100,1541800,61176000,6101700,13984800,445300,456400,8869200,1101400,41812500,1765300,1888700,1616100,778200,4039800,6999600,2274700,17800,10616000,707900,1450800,10218000,27630600,910700,16582100,35342500,21620300,1914800,4331500,3568500,1953900,7607300,381800,2561100,2587700,143716100,1440500,7686200,462100,1364700,646600,3725600,11237300,13345300,58042300,2561700,51065800,2774000,9440500,5387300,1465800,5263400
2025-07-07,33006700,1086900,27995300,1015500,2863700,3661700,15415900,9710100,13817500,49466000,1733400,35673000,35564100,4427000,3945500,19148400,1546800,5969900,6788400,2828500,50229000,5991600,2209200,6779700,11761600,11560800,3580800,6245100,8825700,7187400,2099500,17446200,5533900,7133100,7099100,3609600,7885300,34175600,2144500,35884400,16760600,6417800,10081600,34049000,34905900,1263200,2877500,9031200,1296000,11368300,9012000,4762200,10687700,3550400,42431700,979700,4986600,20215600,6283500,5668000,130000,4400000,1589700,3086700,7773700,5138000,5216300,7239600,4313400,1258200,36604100,2743100,14365100,11049100,1391000,12227000,823300,1591000,1800500,2478300,3433100,6922200,15777400,6270900,14052300,2293100,3692400,9460900,8848200,3545100,5838900,3697400,2181400,9457100,16584300,37395000,6232200,2160300,80725200,8221700,13981600,1061500,960300,11928600,1832600,71959700,2190300,4532500,1710200,1776200,6956400,7225700,1824300,21600,13077600,1224100,2576900,22050900,26513500,1363700,37377500,50496100,35567900,2142400,6287100,6577400,2050600,19630200,653400,5221400,2385500,140139000,3426100,12930900,1050600,2832700,978700,4070200,18156000,33850900,131177900,3483100,74814500,5686100,16984700,8529200,2002100,5918600
2025-07-08,29002600,1350600,34247200,1297600,3100700,4598800,17913400,13525700,8854400,59808300,1815300,47472400,27769400,6641600,3090100,26238200,1975000,9639400,2058600,3037300,42848900,6620400,1319800,8190400,16347600,15715200,3620100,7297000,15440900,6879100,1627200,11319900,4353000,3583900,4325200,6609100,9735000,40442500,1534100,37366700,14869400,5768600,6855000,53715000,51275800,1233500,1894800,9613800,1437600,19550700,8625000,5288500,10845500,3144500,33898500,968300,5442700,44289800,6661200,7301000,230000,5922500,1103800,2878400,7718300,6966800,5264200,9570200,5076200,1507100,45692000,2989300,15712800,7106900,1314800,10734500,1946900,3457800,1739300,3083800,4600000,9832600,12752900,6438200,19485900,3166200,3753400,14082100,7022700,3708200,6153400,4965800,3777400,7770700,20401800,36124600,8355200,2643900,119545500,8476300,11846600,1002200,847100,15042300,1716200,59834800,2520100,4331300,1947800,2722700,4682400,12034800,2022900,24500,8573200,1243000,3301800,16356800,18320400,1327800,45341100,37275400,88086500,5701600,12934700,8097100,3135100,45175000,669600,6844600,1981000,138133000,2329100,16875000,1087300,3089300,1427200,3317300,18303400,25675900,103246700,3411400,59024600,6422000,17115500,14831800,1793000,8758400
2025-07-09,35063600,1528800,19112600,3128400,1763400,6198800,10652100,11430600,9475300,42206400,1681500,28672400,16267300,4936300,2065900,20464000,1459000,10322900,2310400,5552000,48749400,4837000,2120100,12983600,13435600,12933600,3517600,14511700,11273800,4190100,1522500,24609300,4973900,5948400,4195500,6893600,13238400,43025600,2098000,39291400,20133000,4867800,4864800,36634900,38362200,936100,3002700,12816700,1486200,8818700,6010000,4442500,10173600,4311200,42743100,1040400,5688800,40230400,6373600,5767000,458300,4625000,1044500,5721700,7762600,7297100,4478400,7323000,6931500,906900,38155100,3461600,22179000,5594100,839900,12870400,792200,1330300,1196600,2454300,3236200,7638800,18394600,6147400,13963900,2265600,2245700,9495900,13065400,4726600,5783200,2979100,5356000,11418000,10871600,37013100,8534200,2424200,70247700,10495000,18659500,1078700,843800,10649900,2922600,68494800,3314200,2666200,3865100,1828600,5234900,18770900,1092100,17100,7477200,892700,2703100,18453500,30139800,1334300,34721700,31627700,46227900,5606000,5351500,6170800,2102800,24277000,608900,5231400,1936400,183656400,1936000,13702600,476000,3984200,1134400,3966200,16135400,24574200,75586800,3090000,66113300,4122900,33704100,9988100,1685700,6755700
2025-07-10,33264400,992000,17997600,2032600,1733500,5593500,14901700,11649200,13124700,50119500,3561200,28823800,13663800,24686000,2085100,15378400,1967700,4876400,1722100,4238500,44443600,5622800,1216400,10081100,12865600,9988600,3091900,9371000,8410900,5674400,2238500,13554500,4126500,7701600,9888200,4238300,17241600,29252400,1925800,28330000,17891600,6045300,7566000,27992600,39499200,1157800,2137000,11355600,1783700,6955100,7982000,5972600,12385600,4933600,46005300,982100,20761500,29074000,7244600,10016500,242500,4230000,932600,7573000,8869700,6121300,3443500,6569800,4358200,1440200,30370600,2874900,16687900,6049400,1775200,46966400,876500,2332700,2809500,2577200,6686800,8646500,14725600,6732900,17668300,1720000,2703500,8395100,13208600,4022500,5496300,3018200,4583900,9913600,11486300,61101500,3916700,2844400,54599800,8656300,16492100,887000,827300,11426300,2897000,64383900,4141600,4130900,2533400,1728300,6096900,7200500,1463700,16100,16714800,1253300,3130400,11542400,30089700,1498900,28683900,25768100,44225000,2558900,4065100,5229100,2072700,18640600,624000,3971400,2035900,167704100,2004100,18894800,1517200,3303300,1362800,5368800,14348100,19544600,104365300,9249000,57529000,6329500,14608400,8280400,1745800,6380200
2025-07-11,24861400,1137500,15624600,1766700,1681800,2868600,11683900,11335200,8817800,60338900,2273500,30171600,16371500,7222200,2196100,15820600,1243000,4969800,2451800,2644000,39765800,3647500,1038500,7774200,11563200,9239000,9418900,12954500,7384700,5907700,1326400,10774600,4769400,4351000,6292400,3730700,16694600,34282900,1619800,30063500,14274700,5802500,6690400,30289900,34864400,954600,1998700,9808200,1047800,8094100,5705000,4132000,7065200,3123600,54864100,1042300,9855500,22199800,7011200,10773500,182400,3772500,892800,4065600,7963600,7580200,4582300,6203800,3714500,990600,50518300,2981000,16936700,4991000,1358500,17788900,614300,1638200,1698100,3221400,5014900,10642600,9717400,7872000,14246600,1783600,2215900,8333200,18448500,3548700,12127500,2136800,2890500,10873900,10208200,50049200,5339200,2091200,49367900,13402100,16459500,679100,844600,15123400,1942000,52134800,3073000,3468800,2650500,1780100,6116200,8053800,1201500,14000,13537600,1209200,2852500,10136000,31304500,932400,31616100,30496900,31653000,2254200,4903400,4424400,2098900,17122800,748900,5396300,4249300,193633300,2285800,14595000,1244900,2299000,952500,3560200,12583100,23363600,79236400,7412300,63670200,4033700,12916700,9155500,2015600,21877700
2025-07-14,25603000,694400,14843200,2069800,1909300,2856700,13220300,12686400,10673500,47356300,1780600,33441600,29196200,6560400,2562200,32117700,1419900,5653300,2491100,3070900,38840100,5376100,999800,8442800,12949400,8125200,6717900,8871000,9079900,7382600,1133000,13231300,6101100,3710400,4534200,2836300,12473500,32536600,1202300,28069700,11934200,7270600,7292200,27636500,25918000,963000,2090800,10681400,1114900,10420500,5678000,6019600,9069900,4575000,86813200,617600,5901700,23883400,6533900,9062500,217100,3352500,730000,3244000,8480300,5598900,6842200,12938100,3793800,976100,35702600,2145700,13694000,4072800,5084300,13722100,1044500,3647200,1179600,2500900,7698600,22373600,10368700,10185600,11095400,1793300,3074500,10706300,17952500,2898700,5575500,1911500,2462900,8939400,11337000,44718600,5100300,1890900,48420500,12149400,12058800,1347600,717100,25911800,1679300,81774400,3086100,4461000,2961100,2234700,6380600,11491700,1863100,18700,13362000,1488000,2401400,12029400,53371800,1456900,20420600,26361100,36381200,1268400,5504200,7264000,2684800,11484600,790200,4723600,2168600,136975800,1669100,13779100,1015000,2002800,1147100,3626900,20194200,16527600,78043400,5050200,51898500,6277200,13983200,9513900,2000100,12993900
2025-07-15,62012800,1317000,18267300,2261500,1981200,2461100,10959300,17351500,14270100,45879400,1534800,33859000,29999700,7079600,2487300,24958900,1486200,7465300,12043200,3245500,42296300,7392200,1322100,16352700,14653600,15657000,4052400,7456400,12526100,6467300,1263700,34785400,5813500,6024600,4183500,3452600,16889300,33448300,1592700,31591700,17918400,6427500,10133200,47704600,54458000,1012900,1984100,16019000,1452400,8880100,7462000,4172800,10278700,3315600,39532000,816900,7373900,26253000,5201500,6321500,177800,4092500,988000,4997200,8933500,4891700,6772700,9190600,4259400,1772500,34907300,3134800,17681600,6729200,3178400,13709600,821200,3086100,2062100,2449100,5215600,14511500,10827000,6873200,17095600,2547100,2993300,7346300,14315400,2551000,5957300,4188700,3116800,11529500,10728800,93370100,6334700,3006500,66099400,13927000,14927200,757800,998400,21973700,1878000,59126200,3249900,4530500,2495900,1714500,4938400,9142600,1447200,29300,10116400,1039500,4174100,15683100,30289100,2099600,29137000,22620300,55145000,1555800,4152400,6007100,2431500,20312200,539500,4419700,1324900,230627400,1546500,10450800,1119800,3010500,1146900,4041700,53938000,15889200,77556300,3963200,74317300,6068400,12639800,28756800,2742400,7333600
2025-07-16,30066100,1234700,13400900,1973600,3323200,2694300,11158900,19849600,15092800,54557800,1666100,35501600,26692300,6036900,1624900,30614800,1535900,6633200,13675600,2873900,47490500,10610800,1273300,7506600,13615200,17782600,6891500,6384000,9979800,7106700,1438000,14439000,6812600,13460800,3888300,3676500,14355800,33104200,1881000,50935200,15031000,8487900,13982600,46726500,44218200,1109800,2249200,9714000,1263100,8906300,12269000,3509300,9998300,3319300,49524200,959400,15492000,22625000,5649500,4925500,202700,4225000,785400,5599700,10941600,5544200,4292200,15369700,6605400,1005100,39535900,3272800,15633600,6202600,7936000,9066800,930700,2534000,1756200,2424200,4498100,15709200,11517800,22134800,14142100,2375000,3682400,7923400,10575400,3592900,7965300,3211800,3318200,13067600,12597500,59492800,4780100,2921900,58865900,10414200,15154400,714500,1089900,21439700,2950300,57550300,2155100,3361700,2301200,1698800,3958600,8479000,1595700,18100,7921600,935000,3255400,26477200,30469000,10789600,24235100,192877500,61296600,2561200,3773700,9400000,2160600,11377600,483500,6420900,1460400,158831500,2206400,11181600,1217900,2140300,1142900,5955900,30567500,24133200,97284800,3119600,88987500,4388600,13178300,16646500,2952800,9671100
2025-07-17,31534600,1151200,12102400,1330800,2046100,5155500,13151400,70887000,27395700,39114400,2163300,36085600,46760200,7989200,1918000,34702400,1109800,6687600,4353300,1634500,48068100,7695800,1331500,12359300,11840800,11955000,8490900,8587100,8509500,7018600,1515000,14573600,4640100,9992000,6532500,2815500,16840500,31992600,1725600,101936700,17231100,7848700,7742400,48213900,47393900,1469900,1937300,14792700,1071300,7174600,11353000,3480900,13374200,3495900,37813600,1254300,23413400,19757000,5837400,6378000,127700,3537500,1251800,3683100,26161000,4747100,7593400,9745900,3948100,1564900,31855800,3584400,17079000,4853100,3621100,13199000,1269400,1760500,3687400,2722000,4489200,15631000,8984800,11295700,15740900,1826100,2795600,8359600,8901400,3340500,14825500,3650200,2201100,11803300,17631300,50605100,6211300,3223300,49384000,15791600,17503100,658400,989200,20810400,2280600,60165500,2567000,4326500,2120000,1671300,4276000,8320000,1275800,14100,9026400,926200,4107300,15030000,50020100,4078500,27489400,83133000,56480700,1848800,4899400,5704000,2430900,11027900,620900,4920100,6617600,160841100,1945100,11165100,1052000,2004400,1227400,3763700,21837600,20228800,73922900,4300400,68885700,5384800,20464700,13669900,1984900,8522700
2025-07-18,31842400,1524800,11869700,886800,1925200,3336500,32366600,35376400,16252000,74033300,1819100,60975600,32919600,5781900,1920000,19349900,1492200,6584400,5779700,2221600,48974600,5572300,2202500,23776800,13623200,10281000,8057300,6007600,12217000,7433900,2267600,26787700,5593900,4393100,4176200,3837700,28063200,34014500,1967700,52081800,15012400,5608100,11246400,29791300,36309400,1441900,1888400,14979700,1509400,7986300,6820000,3640800,10201800,2983100,41471900,2097600,7634000,28627400,6381200,5778000,135800,3677500,975100,5126600,13752800,4927600,10525100,8115500,6416300,1547000,37833800,3107000,12755000,5332000,3682300,8978400,862300,1784600,2941000,2579600,4197800,14382300,11823600,9792600,13245500,1872900,5901900,45782600,19105400,2459200,12929500,2611600,10165900,12779800,9678100,48859800,4275300,5481100,60195600,7966400,21209700,624000,1307800,15255000,2115500,45771600,4368800,5928600,1941100,1140700,6627900,7337300,1390900,19900,11613600,1845300,3357700,16914800,54887000,2567200,53043400,56511300,48314200,2537000,7968000,4757100,2475600,13554700,873900,4550100,1248100,146456400,1464600,14636300,1219600,2182100,1636200,11025200,21236000,25760400,94255000,2978900,65621600,4633400,14928000,13519900,3532900,9011600
2025-07-21,38140200,1403500,13344600,866100,2006500,3453900,17010400,22403000,11971800,46430600,1348300,30434400,29305900,4821200,1238000,22189800,1362000,8711900,4199700,2277600,51377400,5853400,2350600,10481400,10631000,9246600,5653300,6686800,7898100,7662300,1797700,17937600,4468600,9766900,6227700,6749500,17018100,45803100,2025100,81623600,17726800,5336600,9807800,36871400,33663400,942800,2924300,10319200,1411800,8349900,6737000,3533600,10089300,2697600,39987100,727900,6664700,19895600,6714700,5564000,129500,3907500,801100,6883900,9025600,5216300,9333300,7026700,4315900,1294300,40297600,2999800,13430900,4954800,2445000,6074500,784500,1162800,2445000,2194400,4206800,13695900,11620800,8254000,9468700,2995000,3248000,17982200,9984500,2770400,12916400,2298200,7125900,9404400,7348400,39021100,4128000,2667200,61658000,12415700,14066800,1026600,709100,19275300,1742400,45072800,3215200,7116000,2211000,1528900,3573800,6328400,1042100,16700,13664800,1577800,3058000,15595300,127903700,2650300,75466000,44336600,32199700,5762700,4436500,5061500,2232100,11250300,832500,8269800,1121200,123126100,1631100,13450400,1929000,2933200,1065800,5560200,14506600,23907000,75768800,7642500,63375000,5126400,17811700,11233100,1937600,8200400
2025-07-22,31829300,1319100,17476700,2918000,1978900,3045000,13970900,20793800,11919500,44667400,1160100,32444000,24381700,6335800,1644300,27917600,1473300,18220100,6912400,5242200,46404100,5257200,3896900,10338600,13651000,13448800,6839700,7779700,6717500,6951600,1405300,11551500,5292500,11632100,7102000,5626300,14554900,44660200,2520800,43194500,16564800,6165500,10980000,32289100,48091600,1599700,2627300,14600300,1027400,9032600,16198000,2951400,15053900,2787200,36111100,739400,6769600,23518200,5001400,5878500,206500,3590000,1005400,13102900,8281500,4614200,8608200,14170100,4187400,1467500,37483700,4398100,20413700,4432100,2890600,7547700,844300,1680300,1805100,2010400,3889500,10660400,10571000,9288000,16681900,4376600,2200000,26196500,10524200,2449000,6668700,1944900,4205600,8921100,11380900,49028000,5096700,2296100,53969800,13718500,13868600,685400,976700,15071000,1799900,49880800,2163900,10722700,5151100,3027600,4487900,8187000,1211400,28700,7902400,8886500,2496600,12192300,55230500,3425100,37476500,40588200,34749400,2616200,5545500,7074500,3194700,15316100,2395100,11730800,1497200,193114300,1727700,9049100,1350200,1938800,1597400,6278000,22437000,18995700,77370400,3658300,60046300,5325700,22339900,9369200,1780100,9094400
2025-07-23,25249600,1127200,14608600,1960300,2395700,4024900,12002700,22471100,9885400,33805200,1249100,28046000,18179900,6072900,1846400,17810000,1685100,28643400,4818700,2939300,46989300,6612900,2234100,8726200,13494400,10091800,4168500,7428900,7083500,7296200,1193900,12874200,4967000,13445200,3474100,6669200,12433200,58681900,1782700,77379100,20556200,5625700,10083200,32111300,42073300,2155500,3152100,13111100,1939600,21219500,12075000,2582700,14747300,3003800,138542800,654600,5372300,40333000,5620700,9920000,143200,3737500,908900,5946600,6166000,4385600,12684400,12013900,8849500,1351000,28294900,9069600,13808900,4344500,2002300,6782300,1389100,1503200,2355000,2180400,4353400,13539300,11542100,10617600,16624000,2681100,2798100,13162800,12990000,1994600,21006200,1894400,3790600,8771600,7255800,41510900,7210600,2139100,68711700,9828300,16396600,1097100,891100,33806900,2401600,48062000,2270100,8667100,2785400,1973800,5228500,4804800,1523600,26300,12096000,4578600,2683600,11239000,65549400,3379400,41946900,32975100,31380100,2467500,6921500,5419800,3309500,23135900,1250900,30755700,974900,154082200,2087400,9729700,1454100,2411500,2415400,4175700,19379200,14455100,92553800,3050500,70511000,4909000,21030000,13305100,3821400,9283200
2025-07-24,37679300,1280500,23450800,1726800,1974700,2429700,15647200,15592100,9081900,26698100,1036700,24022200,12600600,4504500,1710800,20293100,2069700,10703800,3929600,2792100,46022600,3817900,2132400,7713800,17343400,12159600,4191500,5370200,7001200,5014800,1383200,11378400,5732700,5970000,5243500,7334900,7904600,74881700,1531200,49987900,16413800,6727900,15148400,32371900,25672400,3422500,2051200,22585200,1379900,11166100,5497000,2440000,11695600,3067400,59837900,686600,7330000,22137600,5877100,20350500,121500,4312500,907900,5070300,9749400,5887200,7485900,9076600,4919300,1103400,42902300,7498600,11462600,3462700,1414300,10696500,659400,1708700,1658900,1874700,3904600,17648600,8016700,6636900,11054800,2363100,2452100,15701000,7407300,2692100,9097400,2046700,2925200,10920800,8237900,48440100,8054300,2288100,131963300,9373500,16107000,1008300,1037600,40388000,2057100,38925700,3219800,4865300,2154600,1335300,4103700,7027400,1649500,20500,9944400,3083900,2786400,10641400,59749200,2037100,22935200,34835400,42967600,2660200,5047900,4819900,2133200,13223900,974800,9049500,1113600,128984600,1523000,14991500,1084100,2881300,1641400,3785000,19031200,18006300,156966000,2887800,71307100,3695700,12511400,13179600,1818100,10504300
2025-07-25,34308400,977000,8774800,947200,1851400,3125900,10548900,11467800,11593400,35637800,1005400,20143200,14517900,8556100,1844800,16372300,1983700,9321600,1726600,2553500,40268800,3463000,1868400,4898000,15752800,8002000,2458000,4868100,5918500,4808200,1212100,7060600,7300700,4631900,2869600,4120800,8643300,39785900,1451300,31470200,12476200,4698000,12268000,28964700,35643400,1965300,1937700,16486600,1406400,8074800,8080000,2087900,9376600,2499200,39143600,713000,5263300,16320400,4015400,9998000,116400,4620000,1176900,3752100,7021600,3915400,4987800,8914400,5492100,1013500,28712100,4726800,9284900,3786800,1819800,6819900,1026200,1116000,2107400,1513300,3069800,9932700,10058800,6254900,9539900,3437000,1785300,7875500,8380200,2053200,5981100,2048000,2915000,8271700,7149600,53432300,7880400,2149300,245077700,25294500,19125700,871900,755800,18541300,1827700,57972300,9545800,4728200,1415000,1553800,7680800,5799900,2718300,12700,7178800,2461800,2976900,9830300,43124400,2312100,23778000,21368400,24461200,1275200,4501800,6608700,2317100,16011000,635700,7031800,722300,122316800,1652600,12868500,747700,1623400,1218100,4301000,14072400,13392000,148227000,3459200,56865400,3508700,12574800,30913500,1383900,6888100
2025-07-28,72578800,1045500,12120900,1077700,1464800,2585200,12353000,13367900,11892200,30578400,1166600,23705200,20928700,10607100,2574800,12932300,2404200,6579600,2877400,2891200,37858000,3729300,1919500,5788300,15015000,11517600,3749200,9431500,5840400,9627300,1283700,11207400,6326900,7765200,2776000,3891500,11270400,38139500,1948000,34377600,13683400,4776600,11332600,29119300,31096600,1216500,1533000,15779400,1933200,8157200,8399000,2129000,9214700,2808600,40821700,661900,5138600,22413600,4533700,7373000,104800,5640000,2107300,2891800,10639100,3921000,5443200,8156100,3211400,1485000,26300100,6192000,12113200,3776900,1770500,6545600,1077200,1136500,2334500,2492400,5481400,9616800,12882000,8014600,9780300,2282700,2795000,8755400,6996500,2984200,6369900,2622100,1688100,8715700,6756800,68267800,4508800,1653800,86105600,8080300,14308000,1017100,588400,17264400,2006300,63886900,4127600,4022900,1569100,1381300,5370500,7885000,2682400,15500,7303200,2423700,2587700,13267400,47947100,2253900,25013100,33355400,20590400,1809700,4632400,4913000,2930100,26374100,679600,8586800,1009400,140023500,2427700,12293100,821700,1770700,1153600,4846600,10627100,16976700,112673800,2134700,54917100,3534900,13668800,11877400,1701400,15978400
2025-07-29,57488300,1108800,8488000,1198800,2136000,6242800,15928000,14315300,9411500,30568000,1963100,24552000,14706500,15169700,3089900,16653300,4232700,7021500,4450300,1744000,51411700,5158700,1518200,11111500,14205800,13739000,4064000,9916700,7635700,9460900,1386100,13599700,5396000,8019000,4735100,4904000,9334700,41389200,1406500,30091000,19210800,9447100,11012600,37883200,38499800,931000,2178300,41706000,1693800,7588500,10272000,3246900,13546500,4143400,41980500,654100,5144600,18395400,5137100,6038500,153700,8110000,1151400,3067800,6282900,7402300,7547500,7283700,4255800,1504500,33716200,3435900,18872900,6715500,3293600,5916300,1016400,2215500,1777100,2393800,5217400,9449700,27826400,7663400,14967600,2049800,2916200,6446000,10580000,4234200,7418900,1584800,4206300,13267000,8415300,108154800,8861400,1796400,100831500,8490900,16469200,884000,814900,15896400,2065900,42427200,6789500,4341800,1630600,1053600,6278900,11466100,4666700,11900,10999600,2428800,7100700,14717200,31350900,2292900,23880000,31378200,26216500,3819700,5157700,4605400,2848000,16495800,682800,7144700,769900,154077500,5513500,14034300,1127600,1895600,1140800,4013200,12478200,21070300,87358900,13615200,60556300,3714300,16223400,8035200,2696000,42890700
2025-07-30,53032900,1892100,10958200,1633200,1816200,12025100,12996900,17945400,6823800,39913500,1056900,26552400,16853400,18502400,8073200,16378800,2675200,7748100,2543800,2526000,45512500,5236800,1539700,9185100,23629400,13934600,3509700,9861700,8061700,14382500,1301600,12794100,6331700,5667800,4454000,4438700,11100000,32445400,1550400,37283200,16738900,9908200,13746000,37260100,35649500,954600,1713500,22371800,1606400,6940300,10582000,5326200,13795300,3502200,58937300,1539800,4661800,27424400,3928200,5471000,173700,9285000,993300,4277100,9738400,12129700,7266800,12529400,5511800,1300400,32993300,3471400,16485500,5008400,1919000,7354800,1206200,1426200,2727000,2833200,6808000,10481100,13055200,6189200,11634600,3258900,2691400,9191700,7543800,3295200,6135100,2300800,3274000,27077300,8441400,64820300,13984000,3132400,67420300,7964500,26380400,1258800,564900,22211100,1699600,40261700,3094600,3998700,1932600,2024900,5826900,8162900,3894000,17400,8470000,1632100,4338700,45527600,21239200,1407000,20497300,24466200,32265900,2314700,6607600,4018500,3432300,64894200,661500,6985100,707800,174312200,2436900,13864100,1003800,2780800,1518000,3765800,15579100,17861400,83931900,42277200,80418900,4376900,10448200,10392900,3026600,20790400
2025-07-31,46751800,3239700,9378900,1230500,2358100,7049800,17233700,13121200,13490700,58057600,1779900,24960800,13041500,10875600,2801900,29224300,2753300,7546900,4064100,2258500,80698400,5523700,1752600,12633600,23230600,16414400,2371200,16040900,14749700,24440100,2228600,13650400,11450800,8662700,6175700,6811200,12371200,51329200,2252700,37839200,25488500,10320700,13728200,46179400,62768300,1308300,3421100,29606900,1779100,8845200,22841000,4311900,16520400,3876500,40020400,1544300,5957400,30179600,7340300,10659500,192400,7210000,1480000,3513900,11689700,8641700,4647500,27661800,5635400,2279400,104357300,4299500,18339700,10347900,1165900,6538100,902800,1980300,2900000,4568300,12682300,12515900,19813300,11036200,26441600,3447700,2657200,10237100,10467500,4513100,5882300,3571200,3267200,38831100,15548700,71765300,24012700,2718200,90665200,6626200,51617300,1164400,1413900,23970900,2564400,45342600,3566100,4796000,1932300,1225200,7883500,11845400,3012700,20500,11331200,2178000,5810300,26433200,28775400,2892200,21995600,50653500,40016300,2135800,5648100,11375400,5490800,26276800,850700,10144000,711000,221685400,3496100,15651300,1073000,2395500,1647900,3876200,14813900,21572700,85270900,29824700,103385200,7921500,17193400,8797700,3581100,16657600
2025-08-01,40840300,2798200,8252300,1673100,2999100,3827300,19652000,17071400,13549800,76745100,3244100,42329400,16566300,11015000,2221900,24003300,1721000,7597200,2619900,3639600,104434500,6678500,4073900,11472700,28581800,19438000,4800300,11560600,12007100,12706700,2219300,12424300,9181900,7374500,4616500,5099600,31342200,34832200,2410900,31626300,21428100,9602600,22660400,63060800,51332700,1413800,4769800,39989200,1490100,6628500,14746000,4709400,19191700,5100400,43231700,1072200,7304100,35852000,7646900,9055500,241800,4990000,1857300,7147900,7630500,8658700,7646100,16601000,5737100,2496300,122258800,4794900,28529200,8082000,1300400,9535100,1375800,2151900,2416800,3316700,7496800,26341400,11900300,8927800,20736200,3800100,2689000,10706500,21808900,4307900,6252700,5804800,2992300,19028700,12718200,75396100,8789800,3012900,86496100,9130700,28977600,1382900,1656400,19769700,2934500,61287000,2890600,4420700,2028900,1622200,5016300,8594200,2070000,15000,12057600,2006300,4859500,28877000,50470100,1627100,18032400,31989500,52310400,1622100,6349200,8393200,4642700,15601200,1006400,6625100,950700,204529000,2827600,16750400,1299000,2714200,891100,5521000,16071300,20028200,89121400,16242900,140103600,6061800,16107500,11280100,2871900,15181100
2025-08-04,32743600,1897800,8631200,1003600,1753700,2510000,19129500,11901700,6450700,46466000,2271400,26509600,11625100,6744800,2225000,14780600,1190900,5741100,2782000,2527900,75109300,3851500,2145700,9410700,15497000,12377000,3091900,9524100,6649500,8150200,1684900,7272100,4883600,6460400,6863500,3423000,12106400,31547400,2316200,33087300,17164600,6584500,12640200,40053100,57010700,1097200,2360400,17427900,1484400,6543600,10645000,5383000,11355600,5277200,29808000,855500,5135700,25730800,4403500,6427500,169700,5922500,2326800,3328700,8384700,7335300,3842600,11876700,4625600,2057900,77890100,2174800,14441900,4217500,1121700,7476400,1642100,1434300,2741900,2984700,5838300,14471100,13380700,12679100,11331000,3376000,2300500,10116600,12362400,6449300,4911900,2150500,3401100,15801700,8614800,52951000,5097400,1876000,69249400,9022100,25349000,4900500,1362500,16256900,2389900,82993600,1608400,3961900,1965700,1546400,5634200,7679400,1841900,14300,7531200,1548200,3353400,11882900,17459700,1025600,18704200,50062600,31038900,1346600,9384500,4189300,4066000,12727200,970300,4682700,552400,148174600,2017600,19050200,1065100,1589200,852300,2765300,13892100,16131400,78683900,11191600,73218000,3438200,10701500,9765600,2899300,11756800
2025-08-05,49970600,1395600,9012400,1066600,1977300,3449500,21314300,12204500,11868900,33460900,999800,31413600,10920400,5091100,1522200,17836000,1035300,4593700,3224100,3021500,44155100,5331100,1565400,5967100,16047000,11176000,5125200,14691100,7182300,7794500,1691000,5885600,5774100,4663000,5929700,3458300,16863900,31602300,2664100,58268200,18477500,6265300,11021600,33551000,113955100,791500,2487900,23795900,1257800,7178900,11783000,4034200,12724800,7680000,28810500,773500,3817000,21454400,6761000,7242500,120200,5545000,10729400,3726400,5535100,7295600,3181900,12100100,4601400,2346000,51505100,3683600,15062900,4153400,1032200,5846500,4758200,1470700,7068200,2883200,6033400,16986000,9984300,7934400,14319200,3340700,3035000,8604100,8467100,3909000,6000900,2510800,4543300,11640300,11197300,88808500,5898200,2181000,97338200,6287600,19171600,2466100,993300,23516800,2462300,130917500,1640100,4993900,1856500,2763800,6132100,6670100,1682100,13200,12418400,1643900,3615200,11920800,26878900,1261200,35713600,45290400,36798300,1618400,7716200,5292000,6746900,11521300,905700,5761900,1106400,156407600,1711700,17977000,1086100,3753600,1017700,4754800,15765100,22060500,57961300,8645700,68051400,4324900,11993400,10372700,3380500,10714700
2025-08-06,115217900,1538600,13059000,1369500,1477100,3776600,15321800,11467900,9457200,33023500,996500,38249400,8051600,4079300,1611100,13021900,852000,8119900,2926300,2507500,108483100,3765800,2134200,4616700,13141000,10167000,3437600,25997100,6330200,8475700,1275900,12079600,5141000,4237400,7875600,3888000,15982700,21562900,4576000,38888500,17392100,7569500,11728800,34198700,65689200,1294800,2152300,12946400,1154700,7720200,9350000,8765700,10736700,11212800,21598700,560600,4046600,23020600,5834700,5343000,121800,4975000,4726600,3355200,6747400,5944100,4374100,10631900,7360600,1635600,54823000,3186500,16043200,4057200,1016300,8476700,1829700,1363500,4507500,2245200,3656300,11221200,13028700,8957200,14342800,2278100,3050400,7840900,7242600,3347200,8325600,1758600,2431600,9733900,9930200,133641800,7647000,3430500,67074200,6366500,21355700,3235700,865000,13409100,2753000,82924800,1680400,4112100,1655500,1968600,7446500,7376200,1058800,11800,8142800,2032300,4752100,14469700,37511300,1218700,18092300,24349400,27916800,1158800,7078500,5857800,3813100,9498400,992400,7089000,635800,137192300,1384700,23738400,2838200,2373900,893400,6250900,14157000,23969600,78523600,9890900,64357500,4451900,10783000,9551900,2946500,11913000
2025-08-07,43942200,1718100,48256300,1143600,1400400,3472500,13468300,11213300,17691000,44736000,3192400,35042000,21522100,5302500,1594500,18986500,1225700,10498700,2608400,2255300,90224800,3728600,1410300,4975800,15272600,10318000,3597800,11165800,8057100,6753500,1090400,9480600,6248300,8317700,6522600,5831300,13857200,26321800,2588800,65506200,16319400,6429600,12127600,43119400,45494400,2100600,1324600,11369900,1435900,7418600,7172000,47433000,11095100,17502100,26323600,670700,3686500,25702800,10010200,13993500,143000,5065000,3995500,2440800,7674600,8797100,5153900,9572300,8944400,1695900,40603500,3456600,15984100,4683300,1428600,4976500,1000400,1216400,3057700,2979600,4162500,12678600,10830100,9315900,24421900,2190300,4400400,6510400,13051200,4661800,10563000,2216000,1907000,9019700,11954200,95448300,6938300,2842500,131382800,11892600,16079100,1943300,811200,14533200,1893300,77829200,4279100,5105800,1611100,1908800,9190300,6719000,1526600,18300,22840400,1490000,26101600,14628000,23595300,1723800,14342000,27526400,30609900,874700,10307300,6616600,2832100,9660400,626600,6563900,679100,151878400,1295800,12509500,1528400,1799000,954400,5691200,13105600,27970400,66658700,14553500,74205800,3332000,15790800,9306200,3632000,10129300
2025-08-08,43796800,1327700,18609900,898200,1275400,1901600,14417700,10217200,10552500,41905700,1673600,40736200,39170200,3734000,1647400,28962200,1066800,8055100,1985300,2093700,113854000,3943500,1628300,4302800,10402600,11015800,7231200,9767700,6634100,5028700,939300,9763600,5984400,10437200,5725500,4085100,9253800,39161800,1803300,44646000,12458700,7161600,10108600,39484400,36377000,1639200,1361700,10185700,1670200,5575700,7195000,17024500,9124700,5791300,25638900,1372200,4643000,18445200,8812000,9514000,204000,4720000,3680300,3547700,5315100,6073900,4328500,8765100,4064600,1353600,32970500,3109200,14135200,4101700,700600,6638000,1044300,2021400,2139200,2907700,4148300,21723300,6882900,7686800,13747100,2240400,3969100,6332800,11200100,3507800,8967600,1631100,1623400,7320800,8313300,68866700,4983600,1778100,75415000,7173200,15531000,1969100,1024300,13742600,2189700,62657900,2432300,3667300,1495000,3101200,13115300,5811000,1373000,13300,14528400,1477600,14125100,9971300,20812900,1042900,12058000,20793300,37131600,2274900,8765300,4338400,2643800,11828700,749400,5946200,1094400,123396700,1905600,12394700,1282800,1795400,1157300,5458600,14123000,20441500,91200300,9842200,64051600,3769000,9232700,9070500,1961000,9683400
2025-08-11,31865900,1070300,14000300,1163000,1273500,2759400,13570700,10020000,8272900,36942300,1281000,28828800,24893500,4109500,1731300,35065800,1474300,7807800,6991100,2412200,61806100,4024700,2626000,7618000,12035600,9425400,6001900,7837900,5510100,6215900,1069200,12072000,4686800,8601600,4482400,3287600,14664400,25832400,1856800,43714700,12396400,6054800,9686400,29351200,38115700,996500,1481800,11779500,3195300,8420000,8140000,13429600,9643500,6577800,32497200,1115100,4008100,19548800,10740100,11849000,151600,4372500,2792600,2914600,5773400,5715800,4445800,8637000,3690600,1285800,31646200,4378400,12970500,6067800,956000,4821600,806100,1409300,2850000,2116600,4313200,13769800,8210700,7256800,14474000,2224700,3043100,6169700,10394400,4366200,6742700,1508800,2014300,7612000,9012100,70651000,7304300,2316700,175545600,9531500,20194400,2548600,1103900,16515500,2290100,56125600,3891800,3572900,1651400,3403100,7953000,7331700,1624500,12100,10101600,1462100,11294200,11843600,21563300,1179700,18672600,28439100,35559400,1636700,6491400,7816000,2244500,10676300,744700,6457800,898900,138323200,1446300,12856700,774700,1938700,1004600,4402800,14408100,35598800,105320200,10219700,58742300,3296200,10909400,7910900,1829800,10118600
2025-08-12,30326100,1127600,11611000,1352400,2418100,2361600,14109400,10286500,7295800,31461900,1123800,34522600,20848000,6185600,2570200,25961200,1011300,6678800,4410900,3044600,55626200,7111600,2567500,8440300,12501200,11153800,4295300,7457400,8570900,9304100,1347700,11939800,7128000,10628800,4164500,4029200,9947800,30397900,2200300,46380900,17609600,8099800,9791400,37510000,34402700,1023100,1491100,12171800,2146000,8671100,10279000,15463900,9518300,6278900,26799400,1061400,11540800,20756800,13178000,14329000,172400,3612500,2044300,2855100,7668700,5682800,7939900,11885800,4059700,1110700,37185800,3250600,16449500,3049800,1168400,15727800,1111500,1488500,2488900,2593800,7908600,11072300,7852700,7916700,17219500,1936900,2902100,6641600,8333600,3569400,4377400,2018200,2176200,14563100,9998400,52243500,7694700,2170500,134153600,21541100,18667000,2201900,766000,26165600,1588500,54819000,4943000,2962300,2446000,2099600,6084100,6938000,1263000,14700,9244000,1492100,6897400,15547900,16898500,1461800,16548000,35648500,35481200,1287600,7524800,5915400,3826300,12573800,643800,9961500,1040000,145485700,2202600,17915300,1028100,2791600,1034400,4856200,14365200,20775300,80522100,11514300,64730800,3087300,11061100,5883100,1890600,9747500
2025-08-13,26004400,1549000,13468200,2145000,1862600,2052600,17958700,10370400,7971900,54719700,1269300,25601200,14523600,9976000,2587600,18438200,1342700,6994100,4910300,5589900,69878500,5542000,2880900,16590600,16882200,13990200,5177600,9178100,8420400,7103300,1797800,19362500,8215500,22881900,4840500,9603500,15399800,28342900,1784900,52175600,17371200,4962700,12555400,41154900,40176500,1502400,1671100,19480300,1602400,8122300,9007000,14129000,12786800,6651500,46169200,902500,6048200,22425400,10209200,12268000,179100,4762500,1913700,5055600,6147000,5693400,6696900,12118600,4111700,1038500,36508300,2951900,17683900,3558500,1012400,9103700,1451200,1547900,2751600,2352900,5478100,13281600,11043800,5878700,15069900,3233000,2951200,6581900,10884900,4375100,4943700,2837900,6935900,8811800,14182100,108305100,5298600,2586800,86024400,9534600,19619200,3860000,1096100,18898300,2352600,53610000,2277800,5012300,3062200,2183500,4928200,5812400,1208400,21100,9844400,1890600,6310000,11740200,18242500,2011900,23560900,92447800,29465100,7749200,7263300,5923400,3009200,13120800,745600,4966300,798200,179871700,1900700,19398500,5105500,3613800,813500,6025200,14415100,20702300,67838900,11947500,60092800,5341300,10356500,9919400,2788100,12344700
2025-08-14,22948700,1169800,12232000,1504300,1371200,2319600,13683500,16284400,11040500,34395300,1014800,24944600,18472900,8129200,1863200,12235900,1155100,10133800,2621700,3549200,51916300,4188600,2615100,24556800,16098600,15484400,4746700,7285500,6322400,6294800,1545400,15045600,5120900,13608200,3626300,6969800,9403600,25230400,1932300,42780100,15717600,7988300,11244600,35841500,32514000,984700,1314200,25011100,1241000,6781000,10053000,11823100,9516400,4706500,45222400,1208300,3879000,18747800,7544800,8939500,152200,4495000,1703600,3796600,6892500,6224000,5151700,11163800,3005000,1153200,61545800,3032900,12826500,4635400,954200,4300300,837700,2612600,1895500,2642300,5252500,10882000,10217600,8241700,15464000,2067200,2246700,7337300,16461700,3745600,38992300,2514600,4974400,8116200,10285600,66308800,6621400,2108300,188052500,11624400,20269100,3102600,976300,12116100,1808700,53472900,3523900,2766600,2495900,1746300,5461300,6343700,1220400,14300,11646400,1733600,8395900,10127800,34334800,1577400,15607400,63512100,21073800,2275200,10057700,10992400,3410300,11933400,543300,3917300,626100,129554000,1287800,10858400,2849800,3673400,843100,3813800,16051500,16638200,75000700,8784600,59327500,3002800,10722400,5387300,2020700,10695400
2025-08-15,27407500,1643800,76431500,1542300,1645900,1431500,19271900,10421900,8155500,32215900,877400,27297800,14183100,6207700,6047400,18986700,2180300,20906400,3846400,5174300,56038700,4986000,1785100,14059800,16132200,13373200,2870400,6056300,7340500,7583700,1951300,11141800,5535500,8101300,2808800,4768600,7881200,34931400,2168300,45627500,22806900,5689600,9346800,46108500,31844800,1178000,1534700,68198500,1751700,23398400,20645000,10868800,8796000,4309800,37126700,1033300,6343700,29576600,12942800,8794000,296500,3950000,1408800,5931700,9162200,4946600,10085100,23155700,4025200,1083700,39649200,4464100,12217700,4430900,881800,9825500,902000,1478800,1899700,2263800,5698500,9087400,10481400,9477600,13929600,2164900,2944400,11617000,13125300,3718700,12492400,10932500,3063500,13375400,11554000,51543100,4258400,2728000,310161100,4503100,25213300,1751400,1122200,10587400,1638300,60288700,2104600,4593800,1920200,1619600,8859800,7121700,1567700,14900,9057600,1501700,8224600,13212900,30886400,1635100,14884700,48381500,26276900,3198000,6564700,31803300,4024700,8885300,667300,5872900,671000,156602200,1407500,13604900,1666500,2148400,900500,3448200,15380400,10334800,74319800,9548600,68592500,2663100,12381100,7907400,1749100,8128000
2025-08-18,22586500,1813900,50682600,1515600,1157800,2016300,13040000,9148300,6919800,35579200,969800,26428400,21268900,3251400,6492200,12208800,1118500,13654600,2773800,2653200,37476200,3548700,2097300,9850000,9423000,12233800,2493100,5098200,5386900,4774400,1218100,8550400,4295800,5506200,7433000,3758900,8798800,18526600,1743800,27337500,14724700,4496900,9293000,25405100,35623300,1118200,1211500,39600500,1628800,12568400,8538000,12268400,7342100,3985000,50673500,607200,3886400,16080000,8809200,12887000,152800,4237500,1382500,3640800,9901000,3999600,6781600,15119300,2890400,909000,25248900,2744400,11892100,6083500,749600,6504200,2027100,1077600,1158500,1812000,5070500,7240900,8273600,9284000,12572000,1455500,2743200,8174300,9002000,2923000,9432400,9507100,2219000,16513700,6759900,35937500,5191900,2115100,212515600,9732800,23760600,1195700,769400,7574300,2078500,62656600,2102000,3679300,1556900,1876700,4476400,8274500,1496100,20700,9010800,1154400,4997300,10192500,40044800,1086400,17054700,26820400,43125100,1850300,4849500,10125800,3224700,8325000,922300,2763600,655300,132008000,3284000,11656100,1075200,2723600,818300,3202500,11660900,8204300,56956600,17895500,43804900,2658800,14094900,7071200,1860300,8410200
2025-08-19,30319200,1447800,18712900,2963300,1856400,2546400,16113600,10834500,14594700,49635700,1151200,25693800,24104800,7307700,4069100,11491200,1383700,9284100,3615400,3540900,39402600,4257700,2089400,8780100,11980200,17367000,4957100,9630300,6031500,6396500,1512400,8106100,5086000,6299400,5719200,5193300,10327700,24240200,1858500,33392300,20149600,6803400,11843000,24870800,29170500,990600,1025100,22348600,2582100,8047300,9867000,15012600,9035200,3739800,40759700,962400,3732100,16436800,8642200,10921000,148100,4995000,1700000,4572400,8596900,4457200,6033800,11622900,3358900,1141500,29891000,2432500,13215600,3975500,1170700,5734000,1760200,1593800,1870500,2334500,4691000,11004800,14307700,9274200,13578200,2183200,2425700,8567500,18254600,2808000,9037700,4568600,3100400,12286700,16819300,64455000,3770800,2215800,297659200,8960000,21481000,1445300,854600,11117600,1673400,137922700,2477800,3008600,1818700,1337900,6484500,7868100,1825300,22900,11147200,1248100,5941000,16963400,31142900,1121300,20377300,37661200,33783400,1471500,5412100,8921500,2908400,7630500,470700,5491100,1013600,185229200,3354300,16999000,1368200,3107000,748400,3570100,10118500,18738400,75956000,27834500,69750700,4162400,13862200,7873100,2122300,9052800
2025-08-20,31496600,1286300,16863300,3508000,1872700,2177100,18959700,9917500,17165200,56515300,1043600,27967200,20325000,8282300,2898300,25795000,1190900,5392400,9324600,3653100,42263900,4619300,1798300,7150400,13436000,23064200,3801200,9449800,7374200,7151700,1160900,7095800,8825500,3859800,4485900,3456900,8570300,28955500,1723700,36855000,23600500,7026700,15303600,39138800,38111000,851300,1435500,16679000,2096200,11011600,9785000,12247300,9549500,4097900,40586200,534100,4408200,20169000,8195100,9859500,228500,4387500,1669600,3696900,10023500,5834400,5640700,14287700,5225300,1090000,36604300,2967000,24835800,5782100,1659500,6517000,1408800,1889700,2454300,2884600,5556600,14611200,8904700,9030000,14607000,2610200,2527500,8076300,13807200,3727900,6357300,3045800,2006500,11898200,11256400,60233200,5478100,2481700,161149400,7116700,27723000,1404200,1298500,13132100,2229600,220336400,1853400,3766500,2065100,1589200,5639500,7840400,1779500,17800,8850400,1282800,4139400,19895200,38233000,1368400,24970700,26581600,30822200,926500,6133300,9323300,3455700,5526200,610400,8107300,637100,215142700,1883600,18655000,1543400,2740600,798900,7222700,12101900,16401300,77481800,13637500,88890300,8106300,17530800,7642100,2638500,9992300
2025-08-21,16552100,1074100,14921200,1753600,1162000,2300000,12194900,11130100,7449100,34679000,805900,22088000,14951500,3744300,2079900,13174900,986200,6432900,3533700,2272100,30621200,3269400,1450100,5008000,13017600,15148600,2535000,5873700,6624000,4997300,1263500,8231200,3794600,5578800,5930700,2724500,5743400,19774600,1843700,24222500,14946300,5851800,10117000,29037000,37068100,908500,1257000,13359000,2511500,8637100,7305000,9966800,7679600,3115800,47738600,777200,3740700,16230000,5646800,5635000,179500,3907500,1851700,3807900,8153600,6073600,13413800,10706500,3028800,1116600,32140500,3284800,18125200,5323900,1145600,5175100,917100,1496000,1455400,2349200,3294400,10181700,13889000,8859600,13218900,2007600,1853000,7533600,8398500,2363200,3525100,5222700,1176600,8876300,7403100,37880500,5490400,1848500,97718300,3531100,18443300,916200,1010000,12454900,2145600,94678600,2713800,3179800,1450000,1375600,6063200,6417500,1038000,12500,7201600,1026000,3617300,9854100,33741900,952700,14600500,22675600,28713200,849200,5342100,8294900,2084700,6181200,610200,5291100,514100,140040900,1473000,51825100,833900,2485800,717500,4057800,9102700,10121000,55744400,8181300,54805800,3032900,8840400,7720600,1622600,7039500
2025-08-22,24089100,1198900,16060000,2904400,1948600,1920000,13586700,16024900,10299500,39922200,882600,30936400,18818200,5622100,2136700,17038300,1410300,10315300,4256900,3937800,42477800,6759600,2298600,12016200,11434200,13756000,2985500,7362100,8552800,7711500,1782500,13855300,6382900,7240900,4048100,3219700,13029200,42827000,1644000,31682500,16301300,6488900,14933800,47249800,34560500,754900,1965300,14930000,6368800,13128900,9463000,6175800,9298800,4563100,79096900,765200,6043200,19234800,6694300,5421500,329200,4887500,1404000,6112800,5218000,4973200,20172300,9689700,3447300,1605900,37315300,4137900,16491500,5516900,863200,10312400,1278300,1971300,1964900,2388900,3304900,11240600,11977400,9524000,11898600,2873500,2245900,9084300,17386900,3058600,6227600,4433100,1726500,10612700,9343600,43998600,6521300,2785200,200266800,6555600,24324200,1089800,1439400,14143700,3136000,102099200,2741700,4252700,2943700,1439500,5503400,5797300,1198300,17400,8809200,1890300,3222700,14435900,52236800,1456000,20025800,29793400,45078900,1466100,6338400,7448100,2182900,10822100,616600,6177700,806100,172789400,2268600,32695200,1713600,2393900,917200,3786000,11282600,15199400,94016300,6861700,84083200,4584000,12999600,6578000,1856300,9394100
2025-08-25,18782000,861800,10029000,1433600,1381200,2515400,9744900,8184200,7655000,29478100,820500,23412800,30133200,4610800,1801500,8674800,1083500,5366700,6426000,2518300,30983100,2596500,1411000,9985600,12563800,10691800,2419300,5341200,5856300,4653000,1151800,12888400,5684400,4090000,10894700,5969600,8473900,29928900,1734300,21415500,15124700,6213400,9851400,24756500,32684200,704800,1686400,8917100,2201500,6337700,4693000,7269000,6869000,2960500,75372600,403800,2856200,16982200,4957700,4306000,286600,2890000,1175100,3478700,6624300,8019800,31306000,5438500,2723100,1259700,22633700,1959200,20490600,2796200,783800,6191900,1074200,1663800,1251400,1984300,2559500,9671400,9417700,6229100,10681000,1758300,2092800,7030000,10983400,2259500,7387800,1937400,1487300,6861200,6308600,36134700,5401400,1599600,156825600,10504500,21638600,1000600,880900,8683600,2284300,86879800,5447600,2431100,3012300,1183000,3812200,4692500,1022400,10500,9653200,985200,2898100,10057700,50003300,731100,15935300,23401600,34715700,1035400,6850800,4186800,2454300,12596800,478100,3442600,739700,163012800,2286600,18956100,978600,2055600,804100,3202700,12017000,12158700,86670000,5801200,51274300,2861900,13634600,9410200,1386200,6460300
2025-08-26,18168200,1579900,11127700,1194500,1511600,3272300,18143900,16438200,9793100,27361000,1246400,22855600,47698000,5947500,1893400,12584300,1469200,7133000,4429800,2850900,54575100,4453800,1828400,5606200,8414200,11081000,2958400,7242100,6714700,9173000,1699500,8706100,4680600,2990200,12274800,3401600,7745400,28464100,1750400,23348100,25689100,4318200,10809600,27907000,43938700,1543000,1800100,16303200,3762900,7162700,8123000,6114300,6927500,4355500,50801000,660700,3905700,17263000,8862300,13418500,169000,4272500,1907200,4224200,11208100,5876200,15955900,11781100,3430800,1254200,26105400,3672300,17724000,3702900,1224400,5618800,1276400,1187200,1994900,4774600,3699500,13630100,14062700,9145000,11397500,2073100,3191300,10270000,9144200,4067400,4461100,2297200,1278500,7601800,11805200,52138600,8724600,1848600,78558200,8474700,30835700,736100,1614400,24362600,4341300,86573700,12491700,5096100,2520200,1627100,5932800,6338000,1718600,35400,12586800,2051500,7695600,12302300,35059200,860100,11382300,39223700,40609300,673200,7052100,6770200,3102000,11824700,1002100,4549700,653600,168688200,2324100,22270400,2440500,1708900,952100,3735700,14936600,13548900,76651600,8319100,51581600,2837000,17964200,10710600,1674000,9471500
2025-08-27,18925100,1403100,9003700,1314800,1534800,2688400,15262600,13565700,9516400,35942700,1031500,26877400,16784700,6412800,1487400,15349300,943400,4556200,4298300,2616600,31259500,3329200,812400,16777300,8967800,11538600,2082700,6271600,6056500,4549900,2259600,13833100,3603900,3434000,8001000,2714800,5746300,23022900,1400800,26923500,13830300,5171300,8764400,39530100,31840300,741300,1169100,9982800,1690200,10119000,5285000,5711000,5876400,3830600,49786300,543300,3158600,16821400,6506900,6011000,168300,3780000,1911200,2797000,8092900,5531100,10451100,7214700,2665500,907300,21254500,2829100,11764700,3459100,916200,4693100,994300,1657600,1434500,1480900,3089900,7621300,10588100,5951100,8321700,1560200,2195000,7483000,8454300,2353800,6626300,2030800,1477500,8315400,5637600,37031000,5536600,1970100,90934400,6266800,17277900,621400,584100,12243800,1893600,76380600,15004000,2992300,1369900,1821500,4663300,4551200,1069800,11200,32478400,1293900,4326200,11373500,29031700,1140700,11503100,43923400,42428200,614000,5759500,4633500,2560800,11201800,679300,4189700,625500,235518900,2164100,12925700,1394600,1525400,846900,3799300,15567700,17335700,65519000,5990600,48341100,1862200,11562700,8994500,1369900,8648200
2025-08-28,22120100,1557800,6703700,1036200,1411200,3079800,14189800,18279500,8466200,26059100,1698900,24086200,16940200,6817500,1786400,17295500,1083300,3874600,2642600,4029300,38074700,3898100,1136900,18320600,8557200,12380600,2294300,8372500,6410500,8156300,2579200,14501100,4645100,2680400,5281000,3762500,6292500,32339300,1886700,32742500,18907100,4199700,8211400,28837300,44306800,759300,1144900,11235000,2071100,10917200,9642000,4929700,7166700,3657100,38340800,541700,3985900,16078800,8461200,15218000,120100,4197500,1526100,2539700,9265100,4987100,5667900,7375200,3376200,970200,33679600,2822300,14505000,4523100,902200,5825000,811000,2790400,1773100,2159800,2797400,9570700,14485300,6424700,9165700,1851000,1937900,6502000,8116100,3803100,4136300,2017200,1449500,7468000,8691500,36285200,4557500,2194800,60035100,4547100,18015600,1539900,616600,17316200,2067900,57885200,7085900,3117700,1133800,1415700,4148700,5857400,1081300,12400,39927200,1385800,3117000,36895300,37356800,985400,12751400,75480500,32949400,756900,4241000,7899500,2496500,9253900,479100,6166400,438600,281787800,1578300,19241600,1529800,1743100,801100,11144100,13963200,16109100,67903200,6031800,61519500,3989900,16209900,6797900,1751500,5882000
2025-08-29,36835900,1083000,6815800,1188100,1467000,2798500,14597900,11887800,15526000,22269200,1494200,23745000,15897800,6367600,1399200,16774000,911600,4036800,10905100,1847900,39418400,3629400,1328500,18807400,8288800,17481200,2395800,7959600,6796400,9949100,2058200,82165100,4311800,3266400,6226300,2787200,6611400,39728400,1302700,20006700,21610700,4810600,11766000,36062400,37030000,1266200,1009100,12065400,1594100,11280500,9543000,4458200,8806100,4159400,66806700,510800,2868900,19469400,7363200,9409000,127500,3472500,1309900,2338900,7760700,3671900,11937600,12178800,3999300,858900,26199200,2551600,15675800,4264700,992800,4856300,847300,2230600,2386100,2111200,3227600,8497700,10872900,6942300,9655700,2804600,1738000,6934800,10162300,2639300,4890800,1397700,1589400,9070500,16618600,37516800,5004400,2981300,63734400,5184300,20961600,1199800,574300,13628900,1609000,45270500,8811200,3774900,1344300,2019200,4630500,5318200,1304300,13400,21940400,1373200,2551200,96830800,35730100,1317800,15124800,42451100,32496500,1147200,4594300,7202100,2151200,7371000,528600,5372700,624600,243257900,1962300,15600300,1440300,1898500,670200,24363200,12041200,11540600,81145700,5195200,74522200,6985300,14601100,7946000,2326300,5636300
2025-09-02,29924300,2466900,6980200,1380700,2296400,3175400,15206700,20356300,13974900,40899100,5561400,25964400,20305200,8130500,1509300,13771900,1202300,5709300,7145400,2400400,44075600,5330200,1472500,16122200,13028600,18226000,3188400,7415200,7221900,7520300,1262500,41625400,8205300,3669600,8504100,3459600,6814900,47523000,1948200,29039700,19693000,8204200,14705400,38733100,44725000,1529600,1205000,10957100,1679900,8661500,12416000,7353500,9798600,4195500,56252800,868500,7055000,20655000,9312500,6239000,213800,6115000,1859400,3265600,17348600,4940300,8217300,14695200,4234700,1423000,38843900,3470900,16662400,4335500,1399600,6925300,712400,2702400,2464100,2284500,3467500,20743100,11642700,9049000,13325300,5526300,2224900,8947300,11123000,4229400,4335300,1935200,1494800,9350900,10461900,38656100,5777800,3225100,57661800,6716200,18128000,1528400,1020200,11651600,1793900,65435000,5111700,3260100,1443200,3258600,4409700,6432800,1202500,18500,15051200,1645600,3222500,36275600,46639400,1867400,12483800,64148900,52719800,1307000,5192300,7683400,2449100,12166300,635600,6238400,518400,231164900,1712600,15351300,956100,1647400,874200,8969900,13326000,13787100,58392000,7066900,81983500,4950700,24770100,15187800,2426900,12882500
2025-09-03,20472800,2279400,8776800,2150700,1485600,3790400,14920100,16567600,7198500,24194800,6038300,36018200,33322300,4081900,1680000,14101300,1125000,4386800,4299700,2574000,66427800,4338900,2528600,9620800,10157600,15636600,2147200,6840100,6316900,6336400,1617900,16470500,8269300,2966000,4191100,4683100,5220800,103336100,2604100,32108000,18529400,5668000,13839000,36420100,30957600,1119700,1163500,9654600,1986900,7722300,9336000,4857800,12036200,6267200,56723900,606700,5783900,17268000,17417900,6690500,279200,4745000,1250900,3183000,11259200,4176400,7760700,11023300,2815300,1046300,29223100,3019000,14723100,3973500,973700,7237400,1015100,5741200,1521200,1959400,3481000,32491300,12714400,7111700,12586000,3261800,2658300,9556100,9180200,3035300,4870100,2546800,1640200,7699300,8900800,30752800,12194800,3439000,47822900,6279300,16345100,1284400,1118500,10238400,1670500,66052300,3446000,2738900,2042300,2382700,4546500,6592500,1141100,15700,12146000,1541800,2222500,34297300,40967000,1330300,12646800,27360100,38344200,1684800,9793500,7335000,2152100,12237800,463200,7039600,433400,164424900,1174900,18995900,1061700,8602400,658000,5966800,11174000,10369800,88733300,5482600,70820900,3618300,33581500,8905900,1374400,11808200
2025-09-04,22479400,1529000,10075400,2727700,1778200,5571800,12864400,12427600,6241900,30626300,2091400,25895400,17273100,4607300,1631000,18589100,1141000,5562200,4236500,2970500,47549400,3955000,1922900,13222500,12530000,24397400,2812700,8365000,6605800,7781200,1660600,24730900,5497600,5793900,3835900,2974200,6211800,51684200,2622000,27518900,31220800,5991100,24662400,32730000,41695500,1084600,1137600,7725700,1719100,14596800,8134000,6127700,10148800,6194500,53255600,579600,5044200,22362200,30967500,8519500,211600,5510000,1053000,3386900,6342200,4324000,7811400,8822400,2771800,1232400,59391800,2626400,12717400,3531600,1012900,7023800,1112400,11296500,1859300,1653700,3468700,19563100,12554800,7854800,11778600,2794800,1689700,7243000,10530000,4918300,3468300,1741100,2061900,11439100,10303100,32103500,13542500,2485100,59056500,14376200,15509500,1352500,1124300,9266100,1471900,53292300,2904500,3218800,2280600,2072000,4024700,6934900,905400,17700,11053600,1449200,2423400,27726400,38251400,1532700,14775700,29216800,34796900,1181400,5612700,6245100,3069700,8509000,505500,11335900,1223000,141670100,1084800,15640900,619600,3295300,943800,7053800,10822300,13213900,60711000,5996100,65219200,2194900,16736000,7707200,1757700,14063500
2025-09-05,21771700,1561800,17576600,2741500,1822800,3761500,16826700,13436400,14056600,62538400,1621100,48182200,17362000,7719600,1951100,28416000,1374700,10718100,7276300,4268800,54870400,5697300,3067000,13874900,15054400,38561800,2611200,9567500,9837700,7954200,1066200,19202500,5323600,3799100,6296400,5160200,11367000,46588900,2299400,32925300,78401600,5298300,30997000,58377100,34613200,1072000,1520100,14126700,1614100,10067600,11556000,10495900,16781000,4327200,62432000,544500,3634100,27006800,13029400,6419500,209400,5060000,1171100,3750400,7186300,5448300,8495100,8142000,5199600,1378600,36721800,3841400,20657300,4465400,1388900,6398500,1467800,4410300,2120700,2432100,3166400,13121700,13231100,9733800,14664000,3103200,3711200,11011700,14047600,4662600,5704700,3066300,2736500,9663400,15386100,78256000,20310400,2971800,55975300,7066800,31994800,1266200,960400,12104500,1928500,81855900,3279800,4046300,2190500,2115000,6953900,6436200,1115800,13300,8677200,1465200,3958200,25793100,37097700,1887300,13757700,33450100,40063300,1997500,8510300,7046800,1980700,8069200,633600,9491200,775200,224441400,1455900,13748500,928400,4723500,860900,6413100,20661400,11508900,108989800,5670400,85178900,2481200,23978000,8678700,2821200,7794300
2025-09-08,19033300,1624300,12286600,1501100,1400100,4019700,15440500,27242300,12986600,102382400,1839700,34931800,18846400,10222700,1782500,19492600,2331300,7661600,13860300,2831300,48999500,3820800,1544600,21711600,13605800,20556000,2632000,7925500,8188500,7019700,1677200,20095300,8005300,2445300,5448900,3630300,8824100,32474700,2452900,22874700,43535600,7678500,18769200,49490900,49242900,1194500,1075500,18438600,1558700,12596500,8865000,6728800,11647200,4765200,59266800,717200,5219200,28469400,12602200,8180500,318800,5350000,1365500,3665800,11127600,4711600,6793800,7972700,4153400,998200,33947100,3820000,18019800,5525500,1729500,7579200,856900,2593300,1632000,1948200,3712000,10257100,13111200,8382500,15753300,3303600,2550500,9462000,9954500,5043300,4271900,2450300,1500100,13087800,18803000,41849000,8499400,2264400,51122100,20364000,16771000,2250400,1250400,7781800,1737000,47643000,2351100,5522800,1905200,2158400,16945000,7178400,1773400,15200,10183200,1477600,4534600,24466600,42427800,1284500,15260400,24957100,48033100,1486900,9750600,7933600,3069000,10436400,814100,9701200,1491000,163769100,1587300,13685700,767700,4790800,810300,5187100,17107000,10501700,75208300,5503800,63133100,2469500,21671700,10106800,2333700,7954900
2025-09-09,37459000,1490700,10477900,2350600,2611300,3230800,14899500,12029500,13443400,51536300,1634400,41193400,13243700,7608500,2235000,20705000,1689700,9337300,5395600,3702000,66313900,6673200,2210000,27784500,12112400,19355000,2152900,6158500,7848200,6126000,2966100,32792300,5455400,3952300,8163700,4785500,10361300,38061000,1733000,34180600,26972300,4308300,13340200,38884500,32751300,1092200,783800,46408900,1254900,7294500,6778000,4507700,12179400,3607600,71693300,440300,5259500,25741400,10901900,5988000,569700,3970000,946700,3839500,5866400,4646200,9153800,7264300,4451700,1253500,27033800,3346700,13459600,3097100,2236200,6424300,773400,2131800,1763300,2266000,2889600,11157500,9767500,6005700,12249600,2417700,2359000,7769200,6587800,4324900,3431400,1846800,1850700,10999000,41178700,42802500,7195000,2056000,42146200,22533600,14410500,1712100,873200,12162800,1496800,61359500,3059200,5461300,3122900,2162400,6217200,4984900,1271800,22200,8507200,1008400,2986900,17226000,66569100,1324100,13282400,45080700,40060100,1254300,5838300,5315400,2182800,24956700,482500,6135000,1801100,157548400,1418600,11819700,1521700,1959800,789700,10704400,17157300,17694900,53816000,4074000,66133900,3714600,14120600,10468700,2081600,8776500
2025-09-10,40876000,1278800,6952800,1524000,1996200,4343800,15837600,20429100,18822400,46671200,1836000,29932800,11638500,12971100,1901200,25791300,1439200,5559800,4711000,2726600,83440800,4945600,1777800,20033900,10671600,25957200,2774200,19772500,7787300,8256900,1551500,21079900,5378200,6669200,5166600,6417500,8664800,35141100,2150700,29141700,51086800,4006500,16330400,32915900,32975900,951800,1167600,17804300,2789400,9254400,7128000,5899400,16515000,4772600,59254500,801600,5245300,32168800,11363600,8243000,825300,6242500,1512700,3758700,6015100,6557900,7619700,12279400,9715800,1414600,60907700,2667800,19041800,4520600,21155800,5199500,784400,3431800,3484000,2535200,4309800,15044400,13073300,6891600,13588300,3179700,2128100,7440800,9741400,4552500,4836700,1692100,1160100,12478300,131618100,52465300,8398400,1846600,61600700,9110300,21611800,1999300,874700,10834300,2277500,62211400,2899100,4520400,2184400,1752700,7839700,6205500,5847800,21900,9115200,1076900,2477400,23751400,55199700,1634300,15881200,32877300,31706300,1561800,4353800,5690200,2104400,16678900,547300,5957500,2574300,226852000,2288900,17934900,884200,2158900,709100,8447200,16460200,14430000,72121700,6342400,78034500,4657100,16041900,12294600,4040700,14352500
2025-09-11,24437700,1714600,10269400,1409300,2075700,3625600,11534500,15317600,10005000,35760900,1946700,25176800,22816300,6779700,1725400,52446400,1515200,6648600,8221100,2468100,50208600,7399500,2079000,23508000,11685200,23429200,2962700,13666200,7942500,8360200,1907400,50089200,14732600,6101000,5532900,5062100,7702700,30599300,2233100,38787000,29430900,3604900,16448800,36635400,36784100,948500,1738000,18943500,2201300,7418300,10221000,6932300,17820600,5241500,53841900,716400,8182600,24265200,6944900,5865000,611300,4495000,1330000,2216700,6144400,5157600,9601500,20296100,4408900,1126600,37485600,2107300,16717500,7647700,15275600,18816800,1095400,3381100,2253200,2407000,3701900,12727000,9667200,5792500,16470800,2552300,2283100,6417400,7506900,11804200,4568100,1653100,2204900,7923300,69986000,48817700,6985100,2825900,55536900,7983500,18881600,1965300,868200,19906200,1532000,42025500,2193700,4289900,1736000,1635200,5457000,5819500,3571600,22400,9647600,1623700,2197500,13912400,36113300,1297800,32111200,38165200,28055200,1232300,4721000,8999900,2178000,14919200,901100,6596000,1861800,151159300,2333900,15900800,1182100,3275700,834100,6159400,17785800,21599100,103756000,4327500,69934400,3701200,15128700,9330500,2263800,11154400
2025-09-12,38138300,1810700,7217600,975300,1099400,3293200,11105700,13476900,8496600,37245800,1357300,22297800,27889800,4065400,1460700,32288300,929900,6466100,10571900,2854200,55824200,4341600,1848800,20314000,11069400,15612200,2539100,17920400,6846700,5430600,2069700,20903300,6091200,9677200,5681600,3346400,6929400,26771600,2143700,59652400,31949800,2515100,9002800,25705900,81378200,800800,1517100,14016200,2202100,9345600,5839000,4428900,8907500,5263900,70580400,985800,6077800,18727000,8386400,3555500,913700,3220000,978300,2369300,5713700,3518300,4868900,11060500,3824900,1051600,38496200,2153800,10261000,4418800,6689000,6771000,688800,2778000,3108400,2242800,4076300,12267800,9939500,7220200,11345400,2280300,1967200,5546300,10809900,14146600,4628100,1239000,2000700,8248600,51781900,42232800,6753100,2000300,52672800,7606600,23624900,1503400,602600,12597000,1461600,54498500,1810700,3194400,1266200,1892800,6468100,5957000,1616900,15900,11058800,1041100,2198300,14868600,39962200,1019700,17162500,112179000,27851100,1101600,5170400,5170600,2136400,16046300,717900,6284200,781500,124911000,2073000,11641900,663200,2444900,578800,4365700,10498300,68818800,168156400,4431600,72780100,3651100,18712400,8286500,1414800,7505600
2025-09-15,22441800,1432300,8447100,1638400,1292000,7398100,12880500,14218500,8147700,36787500,1268500,23287800,23957100,7643900,1220000,20101400,1548000,6694700,4278500,4581900,42699500,4829900,2016300,19129600,9791400,16268000,3391900,12140800,7122000,5604800,1130700,23567200,7242400,7061500,5430300,4276500,6896900,58383800,2563100,44351300,21792200,3844000,13760200,31922000,50760200,783400,1777500,11035900,2186900,10399100,8456000,6220500,9412900,7060400,76839500,1002600,4722000,22818400,7244600,7730500,675600,4127500,1404800,5746700,7279600,4367500,12331500,9785700,4750600,1412200,33243300,2744800,14871900,5162100,4432300,9773300,1181000,3375500,3031500,2222600,3922300,23182900,10229800,4768100,11233800,3091600,2179700,5030500,9527700,6768600,8779100,1925600,2326500,10533800,40004000,36808700,12523300,1646300,83951600,10141300,17143800,1636300,995700,28016900,2199400,45396100,1700400,3891400,2008100,2087300,6168900,5995000,1405100,17400,11517600,1148300,2790900,17340800,40517200,2702300,20913700,43217000,29043600,1136400,4932100,5597600,2202600,12670200,804600,11658400,940500,147061600,2558500,10756900,1491600,2196700,694800,5734400,9563200,34677000,163823700,6076900,63772400,10202900,15986100,12131600,2049300,9597900
2025-09-16,18139200,1935800,6336000,1432100,1529500,4888200,17208000,20804800,10381900,36628500,1846000,41593000,42608100,5449900,1728500,16911600,2037300,7011000,11801100,4007900,63421100,7539500,2266100,27885400,9700400,16081400,5322900,9382400,10525600,7997500,1470500,26017700,5802300,10453500,4594000,7119900,7434900,34109700,2157400,39742600,21306500,5432500,8687400,28482500,57010800,1332700,1473200,12695800,1578400,7930200,7761000,5585100,10336100,5072200,112743500,735900,4989400,21652800,8779800,6501500,441200,4307500,1698400,3133500,9283500,5527700,12083100,9897200,3828400,1266400,38203900,3254900,16171000,4251000,3006200,10140900,1867000,2907000,2251100,2537000,6625700,16497200,10065900,7959300,12443800,3378200,2717700,8011000,8651300,6697000,4803600,1847100,4625300,11782500,51923300,27946500,8734900,1987600,60336600,8576100,19711900,2312900,707900,20223100,2012600,34598700,2287800,6525200,2257800,2051200,5458800,6559600,1459000,17100,11632000,1156900,3881300,15931000,53945100,1832400,21422800,43946800,31624400,2574400,7860400,6447500,4158400,10043200,1104500,7920300,1348600,140737800,3128100,14481900,1311400,3251900,1350700,4461300,10705900,30636600,104285700,5365500,61169000,7893300,18555900,10773200,2374000,9353900
2025-09-17,22589200,1501900,9964800,2095700,1945300,4268800,13302000,20414600,10422000,34516600,1297800,26044800,20731000,5123300,1766500,18843600,1485600,8156800,19885200,5872100,46508000,4604200,2165900,31709700,13319600,18948600,4247200,8295400,8657800,6057800,1698800,29344300,5993800,7431900,12816500,6876000,8921200,34108000,1748800,126852200,45197100,7312900,15324000,47976100,46351600,732500,1725400,8467700,1861000,10799600,7239000,4978200,12549500,4973300,79415800,957100,4918200,20168200,10124000,6423000,550500,5287500,2041400,3540000,6092900,5763500,24258500,10996100,3468100,1941600,42815200,2850600,14408700,5258400,3082100,8361000,1797800,3196700,3481400,2930800,5065100,12722100,12642100,6714900,12501500,3778600,2851200,5736800,9691000,6449900,7095100,2656800,2768300,9400900,27707900,41823800,8787600,3586500,63093700,8383500,15816600,1720500,921500,13875900,1556800,69255500,2569600,3999200,2323700,1930700,6539600,6764200,1671600,19500,15491200,1016500,3471200,29593100,43787700,1553300,28415200,77851300,38337900,1464900,7072700,9588300,2437700,8951800,790200,7209700,1112500,211843800,2042700,25382000,950800,3426200,1343800,8237000,14746100,49629900,106133500,4916100,101952200,3893600,17372300,10380300,2171800,18607800
2025-09-18,26315800,1514400,10348800,1537800,1501600,3044200,14628700,18765500,16917300,35865100,2161300,28713000,19434100,5295000,1465500,28212800,3676100,8642500,9266800,5239900,44249600,4323700,1608000,26354200,15116000,20882600,4310100,6939000,8050700,10421200,1650900,19529600,6022700,6088500,5351200,16504200,17324500,31239500,3322500,80856500,24663900,5162000,10819800,36609100,34419000,664700,1137800,11255600,3006800,8488500,18247000,5119700,13071800,4235700,83114700,678000,4302200,25303000,9344400,7455500,363600,5870000,1979600,2950600,6106600,7526600,8979500,13763900,3589600,1376700,37931700,2295600,21046100,4445600,8240300,5574400,1184900,2048100,1857900,3294600,6073900,25964600,10458900,8200900,11472900,2847400,2911400,6244200,19697300,4752400,7806600,2331200,2792500,10955000,24673100,84549500,10389100,3204000,523908000,9240200,18913700,1632100,1267000,27987200,1860900,70768600,3154100,3696100,1830900,1800600,7115600,7651500,1762800,21600,40482000,1107700,3464000,28894800,30168500,3176100,25034900,113908000,35246900,3778500,4416600,15473700,2541100,13174400,798900,7937100,1529900,191763300,1608300,14869400,1886100,3826700,1096300,5528900,13021100,45892900,90454500,5446400,90459200,4374400,17722900,10556900,1732400,14330500
2025-09-19,28688400,3748500,14191600,3055600,3789800,4834900,38746500,33104800,17640200,202388400,2050000,29979200,26870000,6682800,5969500,37309900,4919200,41411900,7664900,17041300,163741300,14902000,2559000,28939100,16468200,15670800,35427700,17810900,23568600,19444400,3742100,18183200,5548000,9553400,5390400,15264400,13272100,55571400,8735100,102188600,41240100,5331000,12576200,46731400,86577600,1316000,3621700,13656800,4226700,14819300,15869000,22847000,8778300,9144300,62943800,1374400,11193200,20974000,11813900,14036000,941100,10512500,3394000,8261100,12365500,13674300,17408300,24271900,9188500,2771000,97943200,4825300,13348900,14415100,6099800,15278900,2477400,3153500,3483100,6745300,9381500,52070400,25627800,25621000,11280900,9138200,6830300,16734000,17699700,7693000,8423400,3860600,5234700,23696800,40776200,55448100,11030700,8632000,225702900,20745000,52474100,2856600,2178000,63584000,4606000,109129900,5822800,7083700,5783600,8717500,12580500,17224800,5005100,45300,28371200,2839100,7349500,31788100,43345000,2410200,53313500,127847900,98970700,2950600,15284100,18903500,4842000,21120200,1478200,16206700,1991900,237182100,3628400,34791600,3395600,4271000,2654500,9052000,36482400,50959400,93131000,8925300,97945600,7982600,31192900,42540200,3416400,19774200
2025-09-22,39930600,1445800,11217600,2126900,1151000,5243400,15611500,19114000,15630300,33482600,1070700,22502400,22995900,8731700,1598500,25851200,2225400,9081200,6907700,6043700,105517400,4421200,1224200,21413800,8882400,15771200,6450300,8675200,7520200,6196600,1562700,18667700,6412100,6558800,3563100,8914800,8720700,32290500,3050500,69773500,28660000,4786500,12283600,32393000,67863300,785400,951900,8903700,2403400,9856700,10207000,6172900,5688500,5591100,84866900,834800,6791700,19477000,7523800,6039500,321300,5360000,1484600,4036400,5797600,5621800,7296000,13403700,4819500,1477600,45914500,2567100,11993700,5990700,4831800,7157800,1046500,2613100,2399300,3241700,5569500,26290400,11986400,7193900,9732700,4859600,2930000,5244000,10053500,4709600,9954500,2692500,2385800,11706900,44437500,46505500,9686300,3328000,130314500,13639000,20009300,1338300,904900,37181200,2794300,45916700,2522900,3296700,2172700,2966700,7261300,8712900,1620300,19900,15501600,1409800,2527400,20037700,43066300,1885000,29922900,87217900,27468000,2804900,5798800,15475500,2062000,11980600,566700,7030300,870400,269637000,1529900,12861900,1943700,1867800,1354900,10255200,14545000,35675500,97108800,5468100,69452200,6029900,13298700,14021700,2879900,13298200
2025-09-23,27042500,1102800,9987400,1096000,1758800,4389400,25369100,26182700,17830300,28923500,1011300,44214800,38064000,16541300,2006800,43316500,1828100,9101500,11610000,4178900,60275200,5335900,1350600,20467900,8228800,16456400,4998300,8215500,8584400,5468400,1462900,18278600,4127600,6749100,4076300,5835700,8245900,26628000,2342000,66448000,21944100,3002000,9696400,28698900,38955200,760300,1184100,12504100,2400000,7795900,8295000,5370400,8589300,5634700,66847700,1911900,4071600,17900600,7669800,7035000,395800,4477500,1568900,3420400,6356500,10142700,7937700,12051100,6525200,1050300,70956200,3131500,9703700,4629900,3517900,4527500,1087900,2846200,2776200,3223000,4413500,21098400,13145300,8350400,9903000,2995700,3838100,7181400,9468800,3831100,10710600,2479500,2355800,10872600,35280200,39448300,7375500,2697600,126317900,25744700,19799600,1247800,1362200,30248600,3258500,62354800,2157100,3287100,1316600,2830500,7281500,8853400,1527900,12000,10938000,1135500,2910100,21403700,36249100,1664800,40399600,103564700,28278200,3095500,8241900,12417900,2123700,14308500,656300,5900800,1588400,192559600,2064000,13158700,1287500,1845600,1250600,4750800,14818500,40011900,83422700,7125700,81708900,4657400,15072800,18395200,2522700,10449000
2025-09-24,24991300,1309100,8503600,1098200,1402500,4121100,14756100,14604500,10231000,26956400,1031200,35406200,30681600,5978100,2289100,57096400,1669400,6014700,12114900,3557700,42303700,5195200,1128200,34013500,10669600,13471000,3738100,7035700,7310500,9213700,1579400,52642300,5099800,4932400,5407800,7477700,4869800,28201000,2374200,66549300,19677300,3990500,9862000,23893400,39669400,965200,1666100,9016300,1727800,11281800,8680000,5658600,5938400,4060500,71463000,1284300,5796900,17317600,6707100,10109500,376600,3805000,1530600,2978300,5949100,5207400,9581100,12435900,3844400,1295700,49509000,2432000,10634100,5074500,4028400,5372600,612900,2367300,2290800,2867200,4826500,16844500,11804200,6676800,7471600,2820400,3793300,6285200,9153100,6140000,7628400,2818800,2166000,8828200,33765300,38464100,8412700,2279100,164458500,11419100,13533700,1294300,777300,25248500,2149800,45379700,3193800,4269800,1720200,1915100,5222500,6483300,1655800,22200,8872800,1424200,2243000,50429500,59315300,1400700,42205200,141839200,27010400,6637100,7935600,6360500,2173100,91311700,784200,5905100,1378200,143564100,1130600,11391800,1618000,1685600,1452400,3921900,9478700,33075600,93133600,5160000,68082200,6363600,14759300,9528300,1735200,9180600
2025-09-25,24372200,1260300,10205000,1020200,1413100,4200900,15012600,11619300,11863400,32876000,852600,31887200,22418500,6197600,1643000,32209200,1701200,6379000,5341500,3406100,55202100,5351100,1582400,22362300,11077200,21349600,4291100,6325300,7083200,8093700,1536700,20712200,3786700,4921300,3113000,6788500,8865300,31020400,2802700,65488800,21678200,3559500,11590800,24757500,56738300,1198900,2026200,8104900,1548000,12916500,7105000,4756400,7145800,3632000,85062100,1973500,4082600,18689600,8145500,5945000,293800,6130000,2635400,2440500,7101700,5398700,4823400,9621700,4262600,1194600,52226300,3083600,12046100,6666000,3647300,6781400,854000,2808100,2029100,2700600,6968400,21368700,14923800,8475000,14099700,2709200,3810000,6311000,22087000,3336700,7625400,2051700,1781100,10591100,39274900,36809900,8499400,2223900,295709300,11994300,15786500,1431000,1394200,45707600,2991500,72321200,2796900,3917700,2147900,2008200,8355800,7511400,1921200,14200,10859200,1205700,5136400,43286000,31514500,1272600,47211900,129306900,22957900,2692600,8076300,6027600,2285600,86778600,1073900,4042300,1164300,191586700,1572300,13366700,2995300,1697300,1014000,4758900,8514900,44799700,96746400,7326400,89622100,6950700,14395000,8930700,2447800,10773700
2025-09-26,22879400,1677100,12420400,646200,1376200,2477000,18568900,14594600,10451900,25714800,1541600,40161600,14907100,3607600,1881400,24045000,1214800,5254500,3769500,2430900,46076300,5326800,1039400,14737500,9944600,16534000,3009500,4867700,7258100,4846000,1476400,15971100,7462700,4702800,3453100,6601900,6714800,18503200,1812200,60598600,15464700,3436200,9749400,30686100,33374500,1147000,2163100,6774700,1480500,8271500,5054000,4171900,6958900,2899600,51924400,1178700,5310700,16233800,4974600,4457000,392300,4057500,1838600,2173900,6224700,9619200,5482100,8789000,3096200,1292400,41650100,2402500,11547800,4185600,2532900,6634400,879800,3795900,1625400,2106500,5203400,12613200,12205400,8634400,10071000,2480900,4251700,7015200,11693400,3073000,5290700,1880500,1957200,9696300,25990700,30316900,5520000,1728600,268583300,8196300,16213100,1246900,838600,24837100,4812900,44275800,2409900,3961700,1099400,1897200,5074200,5721100,1299300,12100,9438800,913900,3559700,26715100,49095700,955200,39343200,100109900,20025800,2402700,6812900,7363300,2644400,41515800,510900,6206300,752800,148573700,1303000,11859300,1763800,1984000,1043600,3841000,8502600,32156900,101628200,5244300,69179200,3414200,17821600,8293600,1263500,8431600
2025-09-29,25012600,1285500,9072200,834800,1059000,5108400,19189300,14983000,8046200,62109900,1418600,37674400,16145400,5876700,2483100,26506500,2047700,6910300,3899400,3359900,40127700,4186000,1642100,16570500,9378800,16107400,4535800,6183600,6462400,7523100,1859600,21576300,4875800,5707400,5831200,4890800,12066100,32505800,1769100,68895900,21336000,3891100,11244600,20713800,39184300,1230300,1456800,6878900,1816500,10366000,7697000,4652000,7177600,3874700,104494800,1949200,6437100,17130800,6373500,5115000,331300,5932500,2082300,1912800,11930200,7217800,8324800,11015500,8373900,1361800,44259200,3195700,11490300,4958400,2905500,7822100,1081100,2318600,1466300,2615600,8002600,15753900,12739000,8597100,7735700,3973500,5446800,8315100,12652000,4075900,6189600,1886400,2116900,9246800,25778500,39828800,14023900,1658100,152605900,9966800,17617800,1260700,922400,25099900,4107000,38413800,2842300,6216100,1361600,2175700,7122200,8139700,1207600,14200,8791600,1391100,3309200,20468300,45171400,1213800,40995500,95487600,23701000,4100900,8700500,9295400,4210000,40224700,777100,5090700,1445400,193063500,2022300,15477200,1350400,1975700,1693100,3833400,9833700,27595300,79491500,5333700,73499000,3541900,14818500,13685500,2286700,28497000
2025-09-30,32168500,1368900,10487100,1071500,2463900,4184000,18076200,18281900,8348800,50851200,1886200,47544800,14856100,6822300,1927200,20092500,1793400,5887900,5488300,2435300,37704300,5547100,1332900,25026000,9408200,18215200,4542300,5828900,11823300,5593300,2171200,18681500,5740500,5288900,10820500,4751900,6674700,34724300,3508700,46242400,20109500,3940800,12982000,32442200,164867300,1332600,2127300,7429700,2378600,9392700,8863000,3967000,8211200,3730500,57430600,1616100,5646100,21960000,10801100,7077000,252200,4937500,2260400,1794100,7583400,8164400,12739400,10328800,5828400,1695300,48396400,9877100,12306100,9187300,2649400,8263400,948700,2088200,1805800,2379200,7481500,20559300,21636600,11569000,19313500,2474600,7130000,7755700,7798800,5360700,5305100,1707200,2576300,16226800,23880800,29669300,13861700,3327300,124818400,7575600,19728200,1448300,1662500,25175400,3096700,43561700,2349200,4893700,1719200,2746100,10301700,7762600,1195200,20400,9152800,1312700,6234300,18751700,43274300,1303600,28881800,72038300,29945000,2589100,7318300,12253800,3719800,38973100,802800,3873100,1029900,236981000,1803300,13873400,1056800,2085600,1622800,9934600,11429000,22600600,74358000,4396100,86288000,4494100,13815000,13165600,2159600,21464800
2025-10-01,48357200,4059900,21698800,932800,1788900,9751900,16614000,11264500,14620100,34759600,1921100,27661200,25640200,12844000,1569100,41674800,1552600,6579800,3972800,2462700,48713900,5467400,1413900,21279500,13749800,17411200,3855300,7820700,9235200,6153000,2286100,14966900,7218900,8388200,7031000,6561600,8843900,31658200,4835400,43929500,21122700,6818800,11258000,33210100,150879900,1423800,2335800,8825500,2151600,15044800,11881000,4314900,8753400,3443300,65823400,1216000,6303000,29195400,10016600,9149500,267100,8105000,1995400,2159900,5880800,8381000,9101800,15549100,5387700,1235200,43933800,5092600,10125300,12243100,2017600,7005400,1311800,3107500,1590400,3685100,4625900,13151400,33460900,13063800,23657900,2399900,4107800,6768400,13994800,6505700,8223800,2625700,1956600,20419600,23378300,39895200,18540400,2598800,162649700,20062000,22632300,1950800,2083200,18369900,2642100,45717300,1889900,4034500,1585200,2310300,13649700,7566000,1156800,16000,10049600,1187000,10124500,20038400,34586000,1963800,43900000,84797300,27709100,3535500,4794600,12699200,2489200,19117000,558300,7705000,2075400,173844900,2280800,16142800,1124800,1946700,1162500,13612000,16961900,33912400,98122300,5623800,72545400,3961500,14877500,11306900,2818400,17050100
2025-10-02,32744400,2882300,15353300,844700,1553700,4801300,13062600,10930200,10198000,34579900,1247400,31793600,35212900,8936100,2626400,25122200,1473100,5043900,7704600,1718400,42630200,5087400,1564100,21720500,10673800,17607800,2952200,9473800,7600000,5499500,1677500,23687800,3984800,5635200,5708600,7816300,15750400,25483300,2123200,72187900,19917600,6391600,13191400,32443400,69684100,1099100,1899600,8564200,2289100,9266600,9249000,4639200,8495400,4562200,58147400,1421300,4153200,22648600,7679200,7559000,248500,5212500,1642200,1925900,4497300,5198000,8596800,16417100,4224200,1026800,41258600,3155200,8422100,8107700,2693400,7619700,985400,2280200,1777800,2483500,4436200,18790600,14575400,7728100,15176200,3339200,4427500,7562400,13666800,3955400,9797300,2773100,4280500,11415300,16215500,55475200,15306200,1907600,149361700,30170800,21222900,2108600,1096500,28326000,2063800,39849200,3451400,3498100,1449400,2395700,10134700,6892100,1649600,11900,10355200,915500,4291800,21698700,29498300,1689100,58334700,146006200,22757200,5036600,5428600,11166000,3098800,23508900,453900,6798000,1571500,136805800,1626600,15605400,1005800,2116200,942900,7490800,11420000,37383600,137009000,4951600,56896000,3300700,14350700,12149900,2161800,13461600
2025-10-03,32220400,2878800,10738600,1009200,1470500,4916000,12950100,9581400,10572500,34531700,977600,24048000,37741900,5728500,2669600,29399300,889400,5365500,4809300,2026700,49155600,5182100,1188100,15225000,9827600,17458000,3408300,7178600,6029900,5137900,1250700,13990900,3535900,7340900,3479400,5784100,13648200,30249600,2518500,89971300,14749100,4820800,13934400,32111600,70524000,643300,1679700,13494800,1293900,12116600,9536000,4247400,7430000,5911300,60740800,841900,4403600,25133200,8849800,5832000,300600,6740000,1315800,2096300,5425700,5199700,7003200,8970300,5306900,2617900,43639000,2499500,8426600,6547300,2263600,6390300,1127600,1762400,1372100,2331600,6022100,17498400,12970600,8675100,15829200,1766300,4788700,7249300,12107900,3122100,7110600,2191300,3679300,16154300,13688400,42699100,8465900,2404000,125359300,16702100,15112300,1965500,1154500,17441400,2319200,105533400,2012200,2678300,1619200,1308000,8088700,5212600,1056300,17700,7934000,1006500,5088500,15679200,40191800,1352300,49126400,155531200,24565700,3333000,4321600,9269800,2761900,23921600,435900,5167600,1683700,137596900,1401800,11867500,1077000,2254600,710200,6526700,10124900,37681800,133188200,4963000,70494400,3528500,12249200,7791700,3355200,12219800
2025-10-06,40241600,1817900,6326500,1137800,1632600,5233600,12036800,18649900,15785000,28117000,981200,21488400,31020500,7203300,2060000,36392300,1158600,5463200,6012300,2709700,44664100,4696300,2032100,11856800,8937800,17945600,5021900,7277600,7214500,8265800,1539000,10973500,4293600,5800500,4777400,4665600,8693000,28894700,1957300,74825300,18465700,4921700,10462800,32001300,62945600,819200,1269200,7181700,2538400,15767600,9460000,3844800,6861000,5474300,73382800,909000,3792600,20024200,13922600,6439000,271800,8847500,1191100,1981100,6750700,4735600,6964300,11217100,6019800,2064700,43690900,2903900,10740000,11940300,1651000,7821500,1299500,3005500,1852100,2573500,4870200,18427900,11648300,5806100,12879900,2834500,3362100,4778900,9551000,5340200,10824800,2030600,2477800,21654700,14076800,248859600,13060300,2116200,112086100,16423000,21388600,2389900,1072400,25636400,2504000,52504200,3406200,3816900,1419500,2009900,9090700,6737000,1441200,13000,7797600,1389700,3651400,20580500,40384700,1385400,34740600,110767900,25386300,2519500,3454100,7891900,2289000,26706800,540200,6019800,1823600,157678100,1468800,13303600,977300,2090300,885900,10454700,12837700,36301000,85324900,7286900,54623300,6015700,14333300,8890900,2159900,16769900
2025-10-07,37885900,1372500,9208000,1574600,1547200,10019400,11945000,18080300,13081000,24867400,1782900,25324000,36545600,6899100,1349000,27828200,1729200,5645000,4051300,3661700,31955800,4589700,1499800,14372400,11308800,15588400,5802000,7348700,8454200,7147500,1283300,16942200,4242900,5830600,4023000,3793500,9146300,23181300,1504300,90346500,18086700,5191500,14624000,31250500,47744200,866600,1390500,7236200,1597800,16109700,8784000,4330300,11204100,4415900,56239900,745500,3745000,32901800,8387400,5974500,178700,6615000,1589400,6069200,6110300,5044600,4853600,16549800,2865800,1729600,31194700,2227200,12084200,4901000,1222200,10623500,1356700,2718500,2321600,2120700,5607700,19406600,9449100,8776800,12478700,2707200,3571700,5479600,19584100,3275500,8190000,1416900,1543800,12062900,31723400,115748100,13674300,1708900,111140200,18223700,14615200,2942900,656400,18415900,2601800,58179300,2480500,5186500,2809500,1706300,8712600,6844400,949300,25300,11430000,922400,2610800,17609500,32348000,1667800,34119700,174843700,24107300,2757200,4071900,10543300,2723300,19846800,838200,5396100,1459400,140088000,1129700,15538900,1303200,1434600,740600,18683200,10371300,47589100,102296100,4982800,72020100,4003200,13328300,9041100,2167700,31977500
2025-10-08,45151400,1333300,7645900,1933200,1939300,5190300,12301000,15217300,12821200,23927600,2129600,20024200,36149900,4889900,896900,26833900,1223400,6198400,3379100,4469400,36496900,4038600,1549000,12424700,12184200,14037800,4069900,11283400,6489900,7302200,1208500,15883700,4957900,8061600,4729900,17105000,7122800,21307100,2940600,83873300,21478300,6809300,7910200,26848700,48693300,1097000,1230900,9438300,1699800,13775600,14760000,5614300,9686000,4407400,50170500,853800,6442400,19790400,7120200,5453000,447900,7227500,1930200,5034300,8256700,3927500,5278400,13695700,3706000,1419800,46686000,2409800,9503000,5412800,1789600,12402700,817900,1981300,2168600,1934700,3700500,15443400,9696200,5751200,8925800,3061800,4190000,5678000,12996300,3285000,12047900,1127800,5868200,10790600,18982100,159983500,7191700,2184300,103202100,43321700,13363400,2439900,1415800,15870900,2376900,36299700,1772200,4683700,2667700,2506200,6532200,5254700,1292800,25600,14470000,798400,2180900,20451000,28859500,1947000,94203500,166627500,24014200,6247400,5289400,7875500,2423000,25769000,938800,6377700,1632800,130168900,1879300,13584100,1266700,2459000,773900,18937900,11277400,40788200,71192100,5122900,60702200,3552200,12606700,10212000,3342800,17904800
2025-10-09,29801500,1600400,11672800,2114300,1575000,3427000,10976200,12284900,10259900,19633000,1026100,23397800,25844500,4972800,2271100,19721500,1376100,9935300,4558200,5509100,38322000,6092600,2228600,17371900,13231800,11989400,8103000,8459900,7060300,6928400,1499900,21211600,4033800,7166100,4445600,9920900,6849000,27892100,1369000,66185800,17643700,4517100,9757600,33922400,47278700,1607600,911000,8759800,1698300,7486100,12477000,3926700,9751200,3414800,49472600,1069500,8098000,21557400,7929100,5197000,765600,5562500,880400,6579000,13706600,4434800,8466700,8102500,3796100,1300900,46412100,2756500,9315600,4607600,1727500,29289500,1000700,2366000,1723200,2579800,4113900,22078400,10938200,7484800,7657000,3333800,4612100,6178600,11213200,2895500,8715000,1517600,2676800,12717200,26479800,94290700,6234300,2094800,89884700,19481100,18343600,1513300,853300,17273200,3742900,45050300,2242600,5962400,4278000,2917000,5018800,6134500,1227200,25200,8815200,1186000,3071700,14868400,24654200,1496000,51030100,155458400,21816900,2721500,6940000,6701400,1500800,23238000,1007400,5006100,1024600,182997200,1391300,19508000,1101200,2627500,798300,13275600,8432200,25016200,69339900,4548800,66501900,3920400,12705200,10645800,2888800,15774400
2025-10-10,45087800,1725000,11530900,1396200,2457900,5191000,13811600,15644200,23398000,41634300,1511000,44892200,40876800,16066600,2727000,26990300,1146800,10034000,9779600,6316300,61999100,5531700,2419300,38090100,22262600,44574600,7345900,10459300,8597400,15818600,2038900,50296800,8248100,8752000,8757900,8649000,17223600,33180300,2660500,58521700,28941000,10153200,17978200,73596200,64963900,1341200,1571800,13141900,3059300,10285600,15760000,4604600,24285300,5107100,80366600,896100,6656800,23183800,7988300,7019500,485600,4922500,1148600,3631200,17545200,6296200,21804400,18749000,4388200,1728200,72367500,4641200,20763500,6156900,3588200,14375100,1063200,3059300,2164700,3553900,5296400,36466900,11230700,9598000,13350100,2840600,4434200,7796600,13643700,4282400,16279700,2180600,3840600,16980100,28895300,118656600,7046200,2684700,183063300,19061600,24133800,2521200,1495000,39386600,3142500,55194000,3516100,7776400,2866900,2518600,7896600,7374000,2156100,23400,12570400,1313800,3431000,30545700,36397200,2933900,60530300,138979700,31831900,3531500,7892400,12829700,2955400,24243400,659700,9630200,1049600,268774400,1413900,18519400,2618500,4701300,927300,11749100,16004300,41146800,112107900,5425000,159422600,7190300,17991700,9047500,3084600,22326500
2025-10-13,24588900,1124300,8772900,739100,2766000,3348800,10296500,29484700,20318300,28260800,1125500,22889600,26180300,11056200,2089200,20928400,1051300,5662300,5246100,3242500,38142900,4735800,1697700,24982500,11979800,22030400,4260600,14233900,10788700,10311000,1287400,25703100,4146000,13886900,7383200,6972200,10318400,24995000,1838400,89082800,45984300,6720700,10860200,39651900,45356600,801300,775000,5659400,1344900,8424300,12270000,4433600,11014200,3344800,42343600,856000,4611600,18760600,8276500,5926000,382700,5117500,880700,3022400,7272000,4030700,9960500,10048100,3868800,1421700,37809700,3036500,12692100,5411900,2260600,9448600,903000,2884700,2089900,2996500,4261800,30071300,6553900,7979500,8257500,2477600,4453700,5978800,11575000,3020100,8042400,2278400,3193400,9251800,21703700,63104000,8388900,1693100,104020700,13193700,14284200,1617600,1426400,28693800,2169600,41332400,2032300,5322300,2604800,1823000,5124600,7511100,1724000,24500,9362400,926700,2167500,20563500,25822400,2223900,57007800,181160700,34462800,2113100,5887300,7853000,2136200,15475300,452600,8610300,1321000,153482800,1337700,10871200,1944300,2812400,839200,6800900,14229300,49458800,79552800,4449200,79560500,6821200,13690000,9732900,3270500,20036800
2025-10-14,19789100,1283400,7168000,1433500,4710800,3646700,11167200,13014200,16567900,31171000,1537500,25084600,27623500,7427500,2291500,15912400,1327000,6739900,7618200,4302700,35478000,8023800,3393500,12008300,10797400,26956800,3902400,13672400,16178800,8675200,1664800,18583200,4587900,8017600,4934100,4957500,9446000,22111600,1975900,73334900,22078000,7769100,12533600,62588700,42277000,841700,2558300,5974800,1243700,8912900,10557000,4915200,11015600,6171600,72225900,1343400,6591800,17571800,9123900,4395000,386500,5175000,1048300,3244800,8371100,5731000,5366500,10509700,3088200,1305600,45665600,3997800,12884100,5527600,2937600,10945000,1514400,1738600,1669400,2627300,5343000,23524700,9675000,13613300,10044700,2690900,3101500,6419400,11480500,3036900,18096400,2191500,2521700,8829800,17346200,71216300,7844200,2810400,117908300,17398200,14684300,1350100,1010600,26214800,1925900,49261400,1894900,3590500,2632300,1919300,6311100,8585300,1602500,22100,11074000,1078000,1928400,15447600,26294700,2422100,104026800,148012800,42462600,2113000,6003900,8260000,2712900,16563400,437500,9919400,737500,205641400,1555500,30859500,1373700,2028300,862600,7096400,36260600,34459600,72669400,4381700,88779600,7770500,14245600,9064100,3110900,12968500
2025-10-15,16646000,1337200,8639000,1158100,3217400,6236800,12182900,16212900,20788000,22187000,1103100,24267000,26290800,5642900,3256400,17793100,1091600,8496800,4334100,3169800,33893600,13673700,2245800,11346800,10555800,20937600,5149500,8687000,11354800,7334100,1838000,15337400,4103500,13899400,3090100,5517700,7947300,27007700,2502100,77600000,23918500,7393900,10836000,39526600,47729800,1464300,2762100,6579600,1693000,9268600,13137000,4136100,10338300,5677900,58503700,1161800,10114200,19087600,8389200,3817000,346000,6875000,1273200,2541600,6101100,3778200,4506900,9722700,5412000,1187500,45909500,2774600,9111200,5459400,3109700,8882200,2535500,2401800,1589200,2262400,7287400,61078600,9168700,9473000,7260600,2619700,2764600,5824900,10625600,3929900,15277100,4617500,2366300,10246800,13698900,108481000,9943300,2186000,99242700,14439800,14694700,1719900,927700,33932400,2009800,37372100,1867400,5954700,1671400,2254500,4551900,10003100,1599600,22000,6923200,1678500,2355800,15202200,19314900,2900300,180161300,136181800,69992200,4858200,6036100,8033600,3023200,16028100,666700,9416800,1238200,214450500,1087400,21416300,2025900,2567800,1018300,5804500,22909400,31348000,71558200,4992300,81702600,6175100,11193700,9140500,3537700,11247300
2025-10-16,24656600,1469100,6770500,1002900,3160900,5196500,11782200,24453600,26341500,23359400,1090900,29193800,23835200,5000100,3534800,42041300,1365400,5821100,2654800,3087700,39777000,10477500,1913700,7938800,13389600,23166200,4160300,6909500,10549400,5686700,3033700,10979700,4682800,9525100,3350700,4936800,7611900,27997200,1715000,55798000,20317200,9443200,13036800,85420100,44390000,1220500,2159800,5872100,1248000,8333700,10311000,4020000,13796400,5254200,63827700,2119300,24758500,29119000,24869700,5392000,799200,7642500,1314400,3474200,8532900,6241500,3630400,11650300,3562200,1370000,42414600,7841900,13600000,4737500,1931300,12415900,2113800,2615900,1597300,3210600,4927000,41118400,11709100,10611800,11194100,3493100,4392000,5276800,13817900,4570900,8201800,2294200,2580700,9017000,32500900,69726400,13878600,3268000,83357800,17129900,15559600,1922300,842200,23266900,2721400,42870900,1652400,3926600,2481800,2330900,6742600,8809700,1788400,26600,8683200,1099700,2272900,12988900,22941100,1938400,229692500,138635900,49027700,2663000,7816600,7742800,2785200,15081000,781900,7188200,1101100,179723300,2641100,16366200,2058200,2380000,787800,6947600,22715600,35988400,77189900,3675600,110563300,4921400,15707200,13010400,3062300,19258500
2025-10-17,20681800,1010000,6338800,1237000,2884700,3258800,13460100,39002900,17633300,25237100,836800,24071800,16892900,5880700,2508300,23283100,1836600,5645400,3877500,4500200,49147000,7965000,2203400,9941300,12791000,25511600,6302600,6533900,10153500,4833100,2365300,17765700,4393700,7149500,3159800,3835400,9571100,29671600,1959400,45679700,20937900,9458500,11769800,52288900,40101900,887200,1165800,8608400,1812900,9142200,8791000,4162000,10806300,4479100,49863700,1324500,7564300,21825800,10851200,4200500,446600,7307500,1054400,3675700,6710100,6267100,6300900,6389800,4004700,1646000,45986900,4621800,13983900,7150000,2510400,6230900,1877200,1965600,1732900,2756700,4916300,30755000,10758900,7764400,8160300,4081900,6667700,7735500,13110700,4035000,11132100,2328000,2007000,12232400,37653000,55804200,6868400,7025200,119394700,14344700,19867800,2177000,745700,20652800,2502200,43421500,1613500,5435200,2391400,3025700,15845900,8612900,1481700,54300,7707200,1915500,3983000,13244000,22556500,1663700,70191200,112310500,48915400,1903800,5774600,5272800,3120800,14027500,825200,5082600,1616700,173135200,1830100,13735600,2461100,1988600,916700,5301500,18799000,33423300,89331600,4626800,96500900,6135100,15541800,19714200,2882900,11151500
2025-10-20,45553300,1316200,6308500,969700,1925400,4602000,9523600,17997800,13391600,27605900,880700,25352400,25835200,6692000,2012900,23268400,1291700,5142100,5270800,3059300,90483000,5741000,3061200,14131700,8425400,13805200,3527600,6120700,6894900,8194100,1895900,20120500,4281500,18588600,3266700,7555000,7544100,22350200,1613400,43951100,15640200,4826100,8356400,39479600,35856800,723600,1750400,5996500,1205800,5225700,10785000,3968300,8192600,3976900,49220200,969100,7564500,25420000,9963900,5358000,272300,7477500,1083500,3086600,4810600,4665000,8050400,8919400,4058400,1650200,38882800,3780000,13002500,5246700,1539900,6512100,1004100,2010800,1331400,2046400,5044900,15883800,8611800,8034700,8435900,2609300,3635300,5676500,9679700,3903200,7503700,1422500,2688400,8900200,32810700,56741700,10172200,3465400,80230200,9307500,14665600,2960800,639100,16751800,1523700,31975800,1869500,6517800,4499000,2253400,8149500,5601300,1458300,21500,11280400,1433300,2279700,16137500,22037400,1271700,90054900,87195200,25786000,4064700,4636400,5494800,3759300,12617500,1084100,6620200,1726900,128544700,1112700,10581200,1452000,4810400,823600,5829600,15777200,28516100,63719000,4086400,60493400,3758500,17786800,11868600,3072900,10016100
2025-10-21,29016500,895000,9089000,1268800,1782200,2817500,9202300,18033400,11190500,19498300,748500,25885200,17508200,8130700,2399800,13717300,1609500,4130600,2779100,4170800,46695900,4220600,2268400,9309900,9335800,12503800,3716200,3648900,7372700,6176100,1766100,15662500,6804100,9164600,2813800,5140000,6030900,47312100,1533400,40668800,16092600,6887700,8674600,31213600,40726900,982200,1318900,6885300,1201600,7282200,7447000,4828900,11589400,3331500,40022600,1058700,5740900,22107800,13354700,6299000,362300,7612500,1075900,4191100,5614300,4121800,3611600,8855600,5781700,1528900,50494600,5354100,17471400,3298100,1356300,7041200,1421700,2083700,2334700,2722400,4582900,30772200,9852400,6716000,9031800,5728500,4254000,6304900,7902800,4389700,5862700,1304900,1865200,7647300,18370800,47122400,4594400,2658400,73134900,9343800,15586200,2116900,651600,22688900,1448200,27528100,1792500,12296700,4706800,5026700,5559000,6013400,1258400,24000,5763600,2870000,2099500,13242100,18231100,1072200,58243200,82535100,27303400,2548200,5895500,4557500,2628800,12932200,1750700,10301500,853600,124240200,1691600,10899700,1063400,3471900,946500,5191400,20101100,26167000,54412200,3835800,56249000,5869500,33651300,17038300,2753700,9032000
2025-10-22,34326200,1403100,6193400,1008000,2141400,2925200,12938800,18761400,15409100,37786900,1171400,32814000,22149400,22483700,2637000,21949800,1406600,5653700,3901800,2663600,45015300,4360200,1797300,9981400,13133000,20723200,4516500,7349200,8054100,10083800,1856800,15016500,5438900,10802300,2607300,6200200,12737800,35029400,1698500,79629000,19268800,7755300,12749600,53727500,48662900,1099100,1651700,7833000,1272000,9208900,13614000,4101800,13612300,3292700,41372900,1098300,5415300,19108600,9370000,6073000,230400,4895000,1697200,3155000,6486000,5074400,4672500,16927800,5344400,1548100,44308500,7675600,13294700,3523500,2755300,7235700,2111300,3091100,4029400,1820500,3438200,39024300,10926300,6343100,12705300,3298200,5151000,6036700,15129500,3436000,11122000,2379900,3193000,8734500,16474000,59668800,9033800,2710000,87099900,27581500,18962700,2251800,691200,34401200,2372400,58263100,2059800,10219100,2630100,2977000,5436300,6394400,1996400,15300,6721200,1725700,2930600,19218600,20084800,1328600,45277000,114958400,34955000,3334100,8307800,7498100,3143000,12134400,1122800,25834500,1159400,162249600,1642300,12296500,3387000,4227000,1171900,6136700,18955000,39326800,84023500,4591500,80564000,5320100,18293000,15846000,3571800,8173400
2025-10-23,57175700,1246000,4255800,615400,1615400,2569600,15001100,19431500,10379900,24591100,1397100,47308800,13226400,9679400,3717900,19397900,1182900,5574800,3674500,2208900,32754900,3735600,2346400,10962000,10682600,11923400,2469600,7327400,5438800,6546400,1527000,12792100,3607200,9211500,3141200,2782200,5866800,19901400,1496800,114387700,12859200,9446300,11286800,29483700,34219900,643800,1298400,5756700,1474300,5630800,9466000,2548700,8035200,3239400,32710100,956400,6865700,16134000,6110100,4223500,160600,7767500,1760900,1875900,6091800,7217200,7771900,13336600,3033700,1393200,31540000,4353200,10809500,5818000,1384100,7687600,1046400,2242000,1601600,2187500,3194500,21950100,7687500,8882500,7924900,1966400,4603500,9810900,9082100,2408100,5152000,1681100,1553000,9856000,16872200,39024400,7263500,1892600,121974200,13561200,14023500,1223500,778800,18207700,1974800,35812300,1682500,5249400,1661400,2549200,4635300,8205400,1533700,17500,12589200,1445700,2632900,10335800,17813400,1318200,35164400,164337700,26028800,1338200,7866300,7001900,2531000,18292600,655500,8412500,698700,111363700,1188300,11408200,1691000,1435700,1198900,5817200,14157800,65822800,126709800,4001700,65604500,4536300,13989400,14759700,2317500,8199000
2025-10-24,25206600,1338300,8030900,1050800,2505600,3664000,9919400,17000600,8747000,24330400,1063900,21191000,12041200,7188500,5184000,25821800,1360300,5645700,2826700,3267600,38253700,5547500,2375300,8421700,13450400,14359600,2745300,5170800,7228300,6256000,1593300,11841000,4758000,12079800,7405100,2977100,13893100,28655100,1376300,67661000,16143700,7820300,6481600,31947800,27429200,803800,948600,5462100,1027700,6249800,8255000,3367500,7502400,3344300,30810100,829500,6343700,21737600,5490800,5355000,181200,5637500,1004900,2234500,3580200,3576700,5985200,10966400,4787500,1077700,38685100,3263600,12735500,3554700,1294600,8857500,804100,1851300,1650200,1839600,4353300,23940900,7902100,6903400,7007400,2241000,3133200,4979900,7881700,2016900,7769500,2595500,1342600,9151300,13194900,71221100,6546400,2397500,246380000,9278000,15532400,1606000,875400,18105000,1639400,34813500,1440200,3471600,1774500,1913600,5438600,11968500,1856400,22000,10202000,1368400,2211200,11661400,15624700,1032700,39056800,87712800,38923900,1626500,7886600,5346700,2175000,10605300,564700,7691800,784100,131296700,1222700,10318000,1539600,1549900,2098000,5081500,14011400,27501700,94727800,3437200,74356500,4036700,15688200,21379100,2999900,8638200
2025-10-27,27434500,1214300,5550900,989900,1645300,4942400,10975400,17423200,13615000,25833300,1295800,19597200,19183300,6673000,4893200,23873100,2765600,6076400,5081500,2265400,44888200,5056000,3088700,10583300,11936600,15167000,2769900,5509100,5642200,81799300,2337600,12580800,5252300,10332700,4265100,52534700,9688300,35235200,1794300,65054300,20065800,6851400,7407800,27154100,34974900,1057100,1319100,7766400,1318200,18741000,9711000,4166100,5828900,3839000,34113000,914700,4016400,16042800,4942400,5735000,328300,5372500,1261800,2904800,4744600,5400300,8860300,13313100,4539500,995500,38267000,3402600,13984700,2784400,1720500,5658100,698400,1909200,1772200,2981000,4019300,14938400,7226600,7126000,6466700,5391800,3795500,4884400,8135900,2828200,4272200,2068900,3004800,11321100,13855800,65613100,7249300,2179900,160007600,11419400,18734700,1421900,1246100,16454000,1967600,47153100,1448700,4039700,1508000,3278400,4752700,7775300,4236500,19000,7728800,1423200,2114800,16331600,21638900,1265600,55252500,71650800,27345800,6131800,5716000,7671700,2308300,14374400,501200,8606300,751600,153452700,2644600,16375900,1540100,3043000,1674900,5480000,11682000,25766700,105867500,5439600,63339800,4116100,13800000,23560400,2642300,18821300
2025-10-28,28064400,1662800,5091600,1292100,1242000,6501000,9535200,12504600,11804200,13446700,1086700,22474600,11772900,6044100,2458700,14957500,3402700,13887500,2429000,3234400,41534800,3601000,5420800,12463900,13049400,15055200,1808800,5037400,6336000,20323100,2110300,11906900,4920400,9162900,2970800,17527900,6527800,29738600,2217200,64548500,21056000,17438000,8999400,33648000,50152400,970900,1049400,18858700,1103300,13998100,6654000,4895600,9022200,4463200,40462100,996600,5628600,20661400,6435600,4724500,205300,10177500,1219100,4768700,5626500,7445400,4669800,7939700,9390500,1089900,47100000,2953300,8927500,3724200,2173800,8516600,1246500,2597000,1551400,2916000,6012800,32305100,8345900,8329500,8652700,3580100,3064900,5066500,7996800,3005600,3831700,2552500,1855600,12193800,12448500,47448700,7031900,1416800,181256400,9350900,29986700,867500,2126800,14479600,2090800,38201000,1394400,3344100,2354200,2523300,4723500,5819300,3216000,16800,13469600,1220600,2493500,13029300,22936600,856900,38643300,93119800,29575200,1971200,5234800,6118500,3159200,11973800,714700,9646600,510900,297986200,8597400,13323000,1233000,1272100,926600,6446400,13201000,35730100,80185700,4608900,61738100,24708000,12730500,13352200,2865600,83722300
2025-10-29,25028500,2450700,9459400,2245700,2251500,9900800,12570600,16662800,16177300,19792600,1210700,26807800,17907200,6298900,2286800,23217300,2290500,26459500,3208100,5354100,51086700,4963500,2037200,10322600,20990000,21506200,2747700,6901400,7520300,11614600,4087200,12068900,6986800,9548100,2607500,18010700,7560500,43580300,2824300,47219200,24975200,13140800,11064000,61846300,65438400,1026700,1305700,11874900,1990900,11681500,14635000,5430700,16439600,5102900,33793300,1142900,6339300,24271800,7904200,13434000,230600,11540000,1324900,5517300,7767600,8361700,9374400,12783300,6158900,1378500,52036200,3482500,19894100,5469300,2315100,8625000,1241800,2589100,2245000,3763400,6431000,18613600,10921900,10551100,12425600,3292400,3740600,7344400,10184100,6746500,4995400,2331300,1771900,26818600,18007100,49335600,18267300,1840500,106962900,14772500,36023000,1216000,1751500,18754500,2449600,65537300,1720600,4285200,2879600,2426600,6032300,7405500,2412600,28700,7122400,971500,3591200,13399900,25248100,1530000,43607100,64001300,29158800,2039900,5476300,7784500,3686400,19707800,723200,11961900,671300,308829600,4187700,11986400,1538500,2121100,1712200,4511500,16444400,25520900,67983500,4607700,85657100,8371100,19789600,10811600,2615900,38505400
2025-10-30,17736600,2745200,4737800,1234800,1829500,7175700,16172900,15557600,14507100,19706900,913200,20663400,12479000,5693500,1788000,14795100,1766000,10133500,3274500,4998300,69886500,4960500,1609900,10339900,20798600,19218600,1757600,6911300,7514600,7862900,3635300,10756300,8434500,8801900,4767100,12677100,8947700,74876000,2058200,44418000,24295300,14353400,11853400,48568700,157478000,2546600,3007900,11441900,1435200,7620100,20377000,4575300,11840000,4013400,34392400,1090500,6272300,18870800,7767800,15203000,177900,8150000,1234400,2569200,5752700,6411800,4939400,10440600,3805400,1217900,102252900,2808400,17364800,5020700,1717000,7191600,1075600,1940800,3112800,4284700,7421400,14854300,16678800,7072500,10756100,3032300,3698700,8971200,15564200,4373200,6272400,2529300,1545000,88440100,27954200,45162500,13870700,2045100,84855500,9093200,41023100,1105900,1120700,12172000,2677100,43541700,1591600,3637300,2092300,2267300,8349600,6760700,1559500,19600,7819600,1081000,6037200,11903800,20561300,1283100,33371600,64904700,37548600,1186200,6114200,7317700,2666400,11822900,1102800,9477600,800900,178864400,3148100,14065100,817500,1733700,1303800,3105200,14830000,16098700,72447900,3759900,76335800,4575200,14751700,10528300,2218200,19550800
2025-10-31,19822800,2235300,6853500,621300,1328100,8616100,20213400,15188200,12667900,26028100,1632000,26985400,13830100,7726600,1632600,16320000,1992600,8568500,2671600,4847700,86167100,5323500,1558200,8086700,17528800,16303800,2325100,6209300,7721300,9452800,4072800,13181400,5249700,22749400,4148700,14229300,13757300,39267900,2687100,37846600,21598400,9788100,13414400,40425800,132697400,2165600,6797300,8390800,1585500,9407300,8852000,4680400,10414800,3481600,33419500,2161500,5829900,18434000,6878300,11872000,112800,4430000,1499100,2991800,6313600,7301600,4501600,9652100,4231300,1439900,166340800,2550300,14658200,10825300,1699200,7677500,1087100,2146200,2407300,3567100,5432500,17575000,12385000,8791700,10581100,2040700,3965100,11136100,14071800,3763400,4947800,6158700,3020800,56953200,16898700,34449200,20139900,2155600,80471400,7889700,34006400,1161400,797900,11430700,2456300,52697600,3045300,4347100,2308500,5268500,10030000,7930300,1429800,14200,7492400,1185000,5015000,29320800,33356000,1179400,43304100,67133200,39295700,6380300,5635800,6532600,2961900,11939500,840200,8707900,587800,179802200,1999300,20237000,1041400,3593600,1520300,4079200,14776700,19319900,83135800,3958700,87164100,5691000,16742700,8511100,2383800,18370100
2025-11-03,23811300,2197200,5208000,950200,1569100,4450400,12290300,19349000,12466600,17187600,1088000,22232000,11463500,6065100,2091500,21199300,1642400,7912600,1844900,3553100,50194600,4719200,2386600,7712000,24127400,13983600,2492900,6422600,7770000,8535100,4908100,9702300,6410400,11684000,3456800,8783100,9341700,29786000,2753300,46622300,17198900,10847400,10730800,38693200,140871300,1007800,3088700,11181400,1270500,8508200,9055000,6239600,9797400,4053800,38632000,1472900,5271500,22339600,7054300,8733000,173100,5672500,1939100,4226000,8331500,5538000,6009500,7302400,3585000,2242900,95997800,2584100,16185500,8874300,1944000,7598000,1496400,1725700,3254500,3175500,14019100,15378700,13875800,7542600,12279300,1869600,3749700,8512200,11074600,3916600,6546700,2707600,1922500,33003600,15709200,36351400,13275400,1822900,61267500,11835900,22374700,1227400,810300,10537400,3206600,81016800,1966400,3843800,2421100,1568200,8294100,8946400,1469100,18600,7642000,846600,5401500,14308700,33715600,868100,48329800,59342400,31252300,2036300,5310100,6160600,3365700,13717200,657800,5208300,467000,180267300,2467200,14811700,1412400,2901300,1352400,4614600,12769300,23850500,84595200,5011600,57315000,4805300,15660400,8413300,2506700,14619000
2025-11-04,37973500,2028900,4481900,987500,2046000,3438000,16860700,18718800,16224300,26617700,1067500,29477600,13725500,8984800,2041200,23696200,1748900,11839500,5742700,4317800,49274800,5739200,2221000,11183200,22164800,16722600,3416100,9026400,7085200,12323600,3483500,9693100,5198200,11540900,7857100,5743200,12420300,30078400,3412500,36463800,24047500,8413000,9312600,44675200,166162000,1098900,2261400,9646600,1542700,6474500,12014000,5906500,13391600,5967300,51710300,1720000,6986600,17156200,6792200,9724500,315800,5670000,2365500,2197700,8302900,5920200,6291200,11211100,3805000,2845200,51546300,2444200,18147000,6184000,4353400,11622700,2342900,3044900,7551400,2653900,12289100,17619200,12846100,7209400,14182200,2742800,4758700,6976800,15735100,3694300,8306400,2575500,3280600,27356600,19772600,56491800,8870900,1887800,102250300,8470700,20958700,1917700,1030900,12095000,2554500,121380900,1670400,3837800,1649600,2112600,8467200,9295400,3048000,14600,10020400,1169300,5911500,13630000,25277300,1735100,43371800,55462800,47226600,1599500,5740400,6896400,3169800,14388400,494200,11462300,645000,188919300,3815500,12636400,1013300,3241100,1254500,5330200,16737700,22044300,87756600,6361800,78427000,5005700,12743800,9923700,3192200,19711800
2025-11-05,61413600,1806000,9253900,742300,1832700,9050400,12400900,14655300,10502500,32318500,1419100,23857200,13254300,6534700,3688800,28617400,1466200,12636100,3656100,3250900,43683100,4133000,2543600,7422800,18828400,14447000,9160200,15901000,6865200,18845500,3076400,8631400,6273900,11888300,7423700,6499900,8215500,31010300,5486200,31994700,17087600,6925600,11716200,38036300,107240900,898300,2918200,9697100,1467100,7291000,9011000,8713500,11121900,4580400,43786400,2160000,6757000,16858200,5241200,7604000,507700,6372500,1420800,2181200,7136400,4984600,4408000,11130200,3547000,2736800,40610700,2539300,15782900,4928200,4292500,8311000,2236700,2782500,3075600,2198500,12553100,14542400,9440200,5049400,13154600,1903000,3636000,5894700,9676200,2646700,6301600,3644300,2083600,20219900,11991500,67366600,9749000,2195800,74631600,5786200,23024300,1393500,724300,12483300,2974800,76121000,1517400,4493800,1863000,1587800,6417500,11199900,2229600,19600,6584800,1708000,7272900,17194500,32493600,1169400,57423900,41383300,54353600,1515400,6384600,7230800,3822300,12057600,535800,9770200,862200,171350300,1991800,13356800,1076700,2165800,1088700,7326500,15609400,21843100,85573000,4309300,74402400,4928500,12850100,8682500,3228300,13606100
2025-11-06,32092100,1848500,9571000,654300,1572500,4075300,14219700,14651300,11516900,50477800,1242500,32154800,21053100,5907100,2536300,32016800,1191300,6864200,5307200,1945200,51204000,4292900,1989900,8388600,22407400,24797400,7002400,13296100,7206100,16184700,3443900,12438900,6265900,20827000,6015600,8932200,12191200,37173600,3330300,41880600,19896900,8171900,14726000,42625700,124137200,631800,2144600,7922100,1866300,6212700,11788000,13371800,11735400,9853400,40692300,4254500,5783400,23668200,11041800,10231000,412600,7330000,1331800,2163200,6449400,8507900,4977300,9640100,6543600,1543600,46004200,4059000,15452200,6615300,4046800,6605400,2992700,2829700,2235800,2593600,4916100,23758800,10601400,6767400,14395800,2023700,6018300,6466300,14468300,3888700,7047200,2338800,2745900,23628800,18678300,66049700,8419200,2354600,77629900,7899900,27406500,1306700,916600,15789600,3247700,78468600,1571100,3631300,1241900,1854000,6087500,10024500,3178000,15700,12399600,1093600,6417400,28022500,22687000,1073000,38326800,46667000,55296000,2272400,13101800,9278400,4674700,25307300,610700,5859500,946200,223029800,1660700,14866000,2501900,2353200,899000,4255100,16800200,35400200,109622900,5444800,85035300,7109500,15906700,9711700,3909800,11480200
2025-11-07,32960200,1552000,25026600,900400,2098400,5098700,17181100,11074700,15715700,44897800,1503100,35458400,25058800,9143000,2328200,30613800,1134200,7590300,3048600,4076200,48227400,6323300,1631900,10591300,17975200,25547000,5152200,11341600,7302300,10614700,2563300,11581200,7460400,8352900,7541800,25413200,11984200,34479600,2665200,50592500,21903200,7674200,11502000,46218700,117794500,928600,1125600,9402900,1697700,9167100,11421000,7152600,13518600,11756000,51496900,1666900,6143800,24337600,5741500,8162500,565200,6785000,1357700,2942300,7592300,5318400,5740800,11609300,5805300,2471600,46374300,3945800,16959500,4647900,2641900,8748700,1462800,3331000,2604600,2510400,4769600,42361300,9214300,6959200,14522900,2221100,7053600,9835900,16976100,4112600,8759100,2513300,2936600,29946800,20969300,52162600,9652800,2752200,95521400,9078600,24019800,1205400,782800,16397500,2584000,73989700,2222100,3774300,2675000,1666800,9065500,8500100,1612800,17100,9708400,2514500,4373400,20898700,22442100,1841900,52638100,57796500,40537700,3157400,7567400,6892800,5456800,17305700,646000,8837700,1416400,264942300,1893900,17248700,1907300,2277200,1209000,5780800,15612100,32829800,103471500,5046400,100592400,6592300,25108300,7555900,5775300,13449300
2025-11-10,26396700,1258600,12099500,749800,1698200,3971600,13048000,12276000,10869200,30980500,1027900,31264600,22929800,5590100,1736600,27870600,1508400,11501500,4267500,3283600,41312400,5015400,1617100,13963600,15233400,18286400,3793100,6974300,5794100,10129300,2624200,9348700,4724100,6616100,7018300,13521300,8949800,29557300,2518600,43657600,16409000,6823600,10434800,42010600,148958600,1462000,1111900,9283800,1530500,11701700,9481000,6447900,10900400,7481700,37135400,1208400,5975500,17947200,6486600,7044500,353700,6580000,1494000,2745100,6617500,5295800,7040900,10030600,4273700,1737600,36476500,3135300,16805900,4530800,1886600,7918200,1178400,3523300,1801700,1978300,6177900,31546000,8319600,5323800,12305900,2921200,4811000,8436800,9527200,3087000,5666200,2141200,2349600,19245000,16698700,43361600,11230700,2876800,77820300,9248800,26101500,1305500,824800,12942700,2612700,87764200,1409500,2739000,1692800,2666700,7566000,10208100,2008200,23000,8658000,1630100,5696600,14570700,17622700,992900,33369600,38866000,26094600,2285300,6071400,7673700,4442000,13890600,1075600,7677900,642700,198897100,2626300,14507600,1478400,1763500,923900,8203600,13138200,26986800,76515900,4917100,75842900,4873400,15318000,10153900,2436300,11129900
2025-11-11,21707800,1504500,11181100,557900,1521500,3881100,16077100,10426200,9666300,17218400,1457300,38752800,33240100,5625700,1587100,22622500,908700,8313800,3450100,2999000,46208300,3237600,2216600,10870600,11641400,14871600,2194700,7189300,5030200,8419100,2477700,11354400,3841900,5384500,7423300,6971400,7095200,19842100,3136500,33365000,16446800,5743700,12775400,29995800,139673800,1511900,2403400,7157800,1150100,11733900,9118000,5108100,8652400,4424700,50681700,1113700,5037000,14435400,5762800,5177000,288400,5090000,990000,2004900,7683600,4453300,7476100,9144600,4542600,1409000,23564100,1778900,19801200,4802400,1718400,5693800,847000,2880000,3103300,1832400,3885400,20087500,15436000,7465600,12659500,1861300,5666800,6361400,8340300,2827200,3936900,1922200,2116000,13302200,20686600,61336800,9244000,2132900,53741900,12464900,17980000,1495300,977200,11727600,1663400,49819700,1278200,3387700,1611800,1409300,6281100,7332500,1905500,45000,5423200,1322100,4166400,13538500,22278700,1026000,24526100,51004200,22244300,1770300,6561600,6237600,3101600,10730700,743300,7274200,496200,176483300,2498500,13182100,989100,1736700,670600,7116100,13851500,17370000,60533200,3581100,58953400,3301000,16160200,10648300,1830100,10032500
2025-11-12,24749700,1659700,9100000,725500,2954100,3985300,13790900,11588100,9715900,22044600,1080400,29863200,21987100,6131700,4882100,17263100,1580900,6675200,2768000,4404100,48398000,6892900,1516300,14927500,13923800,13179200,2005400,6471400,10578300,8785800,2592700,13920800,4563800,5553100,4522400,7177200,6967600,24829900,2941000,38942500,12190500,5801500,9314200,46052700,96008000,1604100,1303600,10403300,1575200,7604800,8246000,4786400,9583300,3713600,41649900,983100,5967000,15018400,4278200,7603500,260100,6045000,1365300,2081600,5790100,6389600,4947200,8950000,4252100,1102800,31190100,4014600,10978200,8583200,1705100,9805400,1232900,2188800,1962100,1761500,5588400,20965100,13218900,8803000,17847500,2446500,3397000,11670900,10800400,2990200,5278800,1503400,2760500,24493300,24195000,108942000,9868300,2961500,53876000,9075100,26574900,1535800,1208300,19309500,1829700,55347100,1788700,4470500,1244500,1896100,6004800,7851100,1649900,23900,7966000,935400,5185200,11846700,24259800,961900,23549400,50651600,40536700,2131300,6941500,5955400,3238900,12842900,669600,6241200,477300,154935300,1384200,12084400,723200,1794300,941400,5503000,16775200,23096500,58513500,4535100,62312500,2737000,13612600,9721400,1994300,10134000
2025-11-13,37471500,2993000,12234700,815700,2557400,5350200,17291900,10203600,13827600,36727300,1169100,32243800,26517100,11389900,3686600,32324600,1492400,7812400,6033800,5255900,49602800,6090900,2322900,31428200,17940400,22385800,2924600,10471400,8973300,9526100,2873300,17213000,6354300,6567600,6857400,9573200,11109500,29494000,3413500,48629100,22616600,8032500,15268400,50455300,123083100,1512800,1566100,7788700,1779300,11859300,12035000,4735300,15475400,3716000,53568200,1255600,4367000,20675400,5542100,8147000,492400,7342500,1560000,2560900,6663300,4961700,6113400,13693700,5467400,1769200,41401700,4608700,15370800,7968500,2022600,8536100,2190200,3621700,2762400,2031300,5696400,27631900,16086100,8631600,21807600,2552500,3077600,7998700,16474500,3084600,6409900,2351500,2919600,20973800,30009000,63178600,10238600,2273500,95593200,9721700,25273100,1652600,1505300,12663800,2430600,63188800,1925500,3617800,1496300,1475700,9253800,7566800,1773600,27400,9624000,819600,4153600,17226600,28407500,1406300,25689900,65493200,37716100,1742000,8207700,13465900,3277900,10381700,828400,7719600,1212400,207423100,1533400,18088500,1219600,3650800,975500,6912000,15708000,37229500,118948000,5361200,103457800,4771900,14002800,9710000,3604300,14185800
2025-11-14,37325200,2620400,9823300,1062400,2552000,4718800,17064300,10858300,11486800,32063800,2170400,34179400,21107100,10018700,3625400,36171100,1160500,9041500,5102000,4641300,47431300,6691200,2317500,30566500,12830000,27429600,2458500,10672500,10327000,7949900,2469700,33991000,4859800,5208200,7193700,6865100,11784800,31647200,3310300,51216000,18500800,6434600,14662200,46154600,96507600,1239000,1063200,8676500,1438300,8352100,14446000,5149800,13433100,4119700,49802900,843100,3314000,20168200,5512900,5917500,486500,5137500,1265000,2584800,5770500,6422300,10272700,15076100,5484400,1363300,38956700,5022000,13138200,5461500,1337400,5320800,1868000,5733900,3385200,2567800,4613600,26045200,19632000,8824800,15468900,2449900,3721200,8484800,23233800,2761400,10528800,2816400,4266800,20724100,36053800,47655600,9677800,2943500,71716200,10028300,28505700,5759200,907000,15534200,1739100,62596800,1626500,3224700,1340200,1756300,6599300,9150800,1363700,16900,7769200,1177300,3862300,12414100,31664700,1307800,31415400,68287500,32363100,1769600,7628400,15254400,3878200,10358500,742500,6041500,890500,186591900,1804200,23424200,1396900,2202800,1081500,5573300,15397300,29451100,105506700,5371700,96846700,4893300,13172000,9590400,2732800,21979900
2025-11-17,32689500,2244600,12272200,1455600,1850600,2851600,16034900,10775700,10227100,40078600,1053300,37447400,17583500,5249900,2473900,30304400,1655000,7220900,3861200,8987400,45018300,5727200,1991300,16398300,14150800,24675400,2219600,12455900,8344000,10211100,2249300,16911400,4582300,4337000,4123700,6091100,15822400,52670200,2996600,30044500,14799600,5861900,20233600,70048500,88042200,829600,1628800,6485400,1441500,11607900,13265000,4479000,15294100,5187100,53541900,1200100,8068400,24201400,5280900,5701000,384400,10437500,1304500,2991800,7320200,6494800,11608300,10487800,3108600,1182900,59919000,7102700,13887100,5023100,1694700,8424500,1382900,3143600,3019500,2557900,5709100,24986200,14345800,13257000,17516500,2957500,3410800,8745000,19545000,3300000,8015200,1484500,4451400,16501300,16143800,37942200,8774200,3599000,72580100,9462500,19092800,3592200,1132900,10697000,2481900,50339000,2473300,3913600,1857100,1659500,5758100,9902300,1519700,17200,5581200,1822400,4720000,16548600,22867700,1691500,24751300,43085200,35546800,1238300,8610800,8713600,3879900,17578500,912800,7343400,668300,173628900,2217200,15289400,850200,2029300,909100,15291100,14457100,22630800,102214300,4860700,90456100,3938400,14772300,8832200,2129500,20632700
2025-11-18,28024900,2257400,11822600,932500,1673500,2479400,15808500,15306200,11850400,28581100,1184100,34839400,16982000,7586300,2280000,33843900,1334300,5854900,6784200,7621500,45677300,4864900,2255300,11462100,20615000,36747600,2644800,12561100,8077300,11073200,2586700,12438900,8726100,6148000,2786300,5588900,10854500,49158700,2966600,27543900,21726800,6634200,27057400,66043600,66511800,908000,1497500,9182100,2437200,11061200,11519000,6448400,19820200,5547200,49781500,1008100,3859300,25158800,8045100,7640500,320100,8140000,1084300,2707200,10821500,9170400,20642300,12706700,3279100,1553500,60608400,6180400,16840000,6232600,2248300,6441800,1223300,3498800,3158100,3594700,4992500,23969000,28153500,12468600,24494200,1877900,2720900,10813400,22049500,3286400,6281500,1760300,2436800,25500600,21098300,45619900,9321300,4216800,61504800,9242600,33815100,2695200,1368700,11402400,2984700,53710100,2132400,3742500,2082400,1580100,8179000,10735200,2025900,19900,10292000,1242100,3430500,23426900,18309400,1414000,25783000,43847100,35189500,1037500,6876800,12167400,3774300,23695200,1047000,8164700,789800,213598900,1572400,17604500,884400,1596100,1208700,10147100,14233900,20780000,80688600,5373200,114467500,5055800,12838900,7778800,3209900,18446600
2025-11-19,28892800,1766000,11007200,864600,1521100,2306500,15919200,9709500,11179200,25278800,1409300,41062800,15304000,6070500,1736700,35256600,981400,6206800,3033700,17005600,40424500,6413600,2050200,13343300,15385800,27668800,2079300,7703500,5546600,8176500,2635300,7949900,4416800,5598900,5427300,4012300,13287300,68198900,2129800,35536600,21851900,7201800,15912200,46003900,62000200,965700,1902900,8181100,1288100,11138700,9593000,4190100,12575500,4516100,51758900,965500,4153000,25095600,9710700,9577000,616500,8655000,1545100,2694600,8123200,7066700,12380500,9818300,3384400,1040500,58335600,4297200,15122100,7618400,2076100,5538400,1000600,2725900,2650800,2723100,5014600,23102800,14641300,14690800,17352600,1718900,3337700,7539900,28025400,3738400,5874700,1514700,1736900,24744700,21679500,52093400,6499100,2005000,67115500,11245900,23245300,1492600,1383600,15765200,3462300,46108200,1593700,3902400,1387300,1404500,6881900,6367000,1434800,15200,6087600,861300,3571200,13688200,21392400,1587800,27836700,40792200,28112300,1201300,5092900,8870500,3411000,19873600,665400,5568500,672500,247246400,2590400,22157000,1345300,1652600,1253500,6729200,10959600,19458100,72047700,7529100,94703000,6242200,12401500,7005800,3337700,25061900
2025-11-20,37801500,1914500,12325100,1220400,2599000,4071000,14401000,11718200,15747300,42907300,1455100,41630000,25029300,10076100,2507800,47420700,1392200,6309300,4847900,32418900,45823600,5258600,2881900,13790300,22669200,56551800,2425600,12642000,7501600,12075400,2723600,13466900,7385400,13224800,7342600,6196500,15524200,62025200,3183700,40990900,28867000,7477000,24924400,70096400,51983200,1026500,2409000,7337600,2516600,10967000,11719000,5994200,27790800,7206700,55553200,1156400,5552700,25543200,7521100,8095500,541200,9042500,1188900,2335700,6878900,6510300,11201700,13695500,4271500,1215500,50309000,5580000,21590200,4283600,1898900,6229000,1131500,3939200,4550600,3240300,7947400,31531900,12554200,10612600,25278500,2169500,3833500,7623400,27684400,3884800,7703100,2300700,2370400,20603000,27459600,66342900,11373600,3095700,96389100,13503900,26802500,2109900,2296800,20149200,2648300,78443900,2039200,4221000,1451800,1338700,9924200,9021300,1570500,17100,9932400,1044900,3135700,23315900,21872500,2055100,38836000,54124700,36661600,2100100,4911200,9264000,2639200,15648000,688100,7890900,847700,343504800,1816700,50375900,1462000,1620300,892300,8855000,12135800,33669500,113548800,16079000,165293500,6292900,15396500,12422400,4415000,21059300
2025-11-21,28321200,2268000,6596600,1550500,2284700,4177300,15667600,20752800,20872800,40155600,1525100,39317200,18870000,10577700,1812700,36679700,1523200,6822500,2758100,17030000,59030800,9021300,2392500,11966700,20989200,44959000,3220200,16704100,11766800,10815000,3100100,16240800,7535900,21197100,7621500,6252300,12396500,74137700,4128600,40891200,30280300,7858600,19013200,68942900,73079400,1694900,2371700,8406300,3802200,13930100,14384000,5531300,20982900,6865800,56525100,1780800,10190400,28589400,7479300,7354000,307100,11915000,1917700,5410300,7911800,8930000,9444000,14654600,6303800,2384700,68490500,4623900,22216000,8017600,1795800,9568000,1737400,3812300,4397400,3807500,6434600,24848500,23183300,13189100,25526100,2411200,3794200,9248400,29651300,4825400,8820800,1923000,2753700,21052600,44834100,67421100,11191100,3044100,105641700,13380400,31769200,2609700,1427700,21721900,2870100,71346400,1937900,6108400,2348100,1897500,10379100,12018000,1748300,18100,12254800,1575300,4266700,16211000,18271700,2481800,33632400,52393900,43867200,1983600,7046600,8596800,4407000,18896900,943900,11711300,792500,346926200,2798800,41420800,1161100,1946900,1358300,8401600,16169500,29301400,100460600,8201400,123956200,7150000,26492500,10168500,2948300,20849400
2025-11-24,27885100,4164200,5260400,989400,2319500,4200400,18034900,36923800,13570300,30736500,2162400,33681800,20281000,8208200,1784800,33052800,1640400,5228100,4433700,10562800,65585800,10125700,2306500,11998900,14549600,20124800,2552500,12758600,10940200,12070100,4038300,21796600,5524000,18884600,3682300,3962800,10005800,85165100,3551600,29743200,47262400,6796900,11181800,43789100,63074900,2080900,2332600,10773800,3184200,13291500,15796000,8416900,12658900,6476400,53592200,1633600,8515900,23572800,8563300,8947000,242900,10055000,2223000,4556800,9391400,9337100,8359800,23096000,5750900,2348200,54318400,4195400,17869400,10225900,2855900,9994900,971000,14026600,3672800,5941000,6045200,22736500,28320900,14803900,17928400,2149800,4095200,14181100,23282600,5414400,4464400,2094100,2488800,23554900,31144700,46749600,10818400,3330900,103804200,10180100,34421000,1655400,1554900,24669600,3661200,57877800,3059900,8116600,2195800,1234200,9553600,13846900,2997000,36200,10596800,1411200,5497200,23945100,17483100,1628100,17701800,42765900,52852100,1310400,7143900,8806600,3442700,15241000,731700,9466500,689300,256618300,5550000,42519200,1052400,4097200,1476500,8985900,27574500,40440600,96806400,16207000,80437900,3923100,39818600,16768900,2388300,21013500
2025-11-25,22199800,2344500,5243900,1297700,2252900,2555300,14434600,13234500,13726800,22078800,3319500,29299000,10568800,8573200,1582400,17441600,1364800,6891400,2530000,15138300,46914200,5561000,1452400,10999800,12455800,21303400,2086900,7143400,8877200,7758100,3580000,27097500,8890600,15001800,3345700,4110900,8525300,88632100,2868600,23805700,33507600,5898100,10395400,50989800,39130300,1602100,1587400,6149100,1921900,7916800,9442000,3816400,13636100,7731100,39384500,1234000,8935600,22195600,10233000,7280000,181700,8380000,1550100,4592000,8954000,5854300,5798000,9691500,3865100,1372800,39379300,2885200,18586300,7134100,1218000,7753400,972700,2114000,3968800,3132600,5363600,21529500,22225500,10275300,17298600,1563700,3170700,11447900,19112700,3765000,4863800,1570900,2359100,25213000,29595000,69773500,5467700,2059400,62203300,10159500,28019800,1514200,1200400,12502900,2534700,36523500,1956600,5511700,2286200,1554300,7589800,10477700,1976100,18800,6608800,1615900,4181500,11667900,21051300,1193000,16245900,40036100,41310100,1227200,6926400,8330300,2835100,11446600,919500,7406700,674700,320600300,5202100,20212900,580600,3625100,1498700,14794100,12966400,18007200,71915600,6035600,81077100,5827200,17451200,8176100,1635800,11065200
2025-11-26,21642400,1482900,5992600,1015100,1862500,3487500,11650600,9754200,12220300,47127600,9823400,26611000,10906100,5264800,1184500,17817600,1077900,5820200,2789300,14129600,33431400,4844200,1174300,12657000,9895200,13358800,1757200,5995000,7910900,7967700,2591500,21453100,6301600,12238100,3902600,3141300,9929300,51373400,2333100,21619800,28693000,6814100,8122200,35268500,33461000,856900,2081100,5504200,2283300,6550600,11257000,4527000,10206200,5112200,49739500,725700,5216600,16759200,8506600,10035500,195600,7092500,1152100,2571100,5180600,4309900,7850800,8398100,2937800,1240900,38497900,2431500,13275100,5920800,1603000,8122000,597300,2033300,2474500,2185300,3490300,19868500,12624000,6729000,12398900,2301500,2650300,7578900,20016500,3025000,4231900,1903800,2084300,15209500,26544100,43270200,4853800,1679900,54563400,5989800,25709100,1068300,871700,8016300,1936200,34610500,1889500,3564400,1429100,1709500,5825300,9238500,1396700,15000,8855200,1299800,3093700,15019100,19374700,1572400,17253200,28827600,32045600,1058900,5066000,8791100,3374400,13339400,445800,7346300,566300,183852000,1517900,17783300,486000,1367700,693400,16424900,9304300,12482000,63463000,5915200,71879600,2924800,11795100,7259100,1396100,8335300
2025-11-28,10755800,566400,4590800,376100,868300,1243100,7240800,4013000,5515400,12783400,2888200,16666600,5636800,4059600,766500,12914700,604600,3193400,1161200,5108400,20135600,2133700,566800,6417200,4786800,6792200,891100,3895000,4322400,5068800,1160800,7185500,3731600,3717900,2856000,3707800,8977800,26018600,1268800,9462200,13365500,3771900,4827200,16136100,22627600,477100,965700,2464500,872900,4123300,3893000,2199100,3507600,2522300,31835100,457300,2253700,7882600,3691500,4520500,258800,3332500,727900,2130200,2969300,4586200,3777600,4919200,1908400,575500,20292300,1639800,8914300,2655600,1062500,3476200,373100,1262400,935100,1254800,2548700,17890300,6154500,5638300,8559700,1319500,1530700,3848600,15114300,1802200,2212500,1091200,1406800,11033200,13848500,18658000,3232100,872300,95799500,4225700,14386700,497100,510400,5692900,1092600,17199500,1643400,1680400,675500,1192500,3063600,4707200,875000,6500,4075600,748000,2732200,11235600,21219100,939700,10570800,13998400,18920800,1014500,3304700,2916300,1439800,8848100,421800,4018100,270900,121332800,648300,9846500,434500,837300,361400,5612600,6545000,10307400,36252900,4808300,49212000,1747800,7423000,4824600,1073000,7875900
2025-12-01,20952400,1946900,6796900,835800,2133200,2320000,12658100,12674200,7713000,31467300,3585000,31150000,13260600,6501500,1676100,18238200,1096500,7662400,2379800,20089100,46587700,4393500,1662600,10819700,13367800,12846600,2436000,4690600,7727300,6818300,2074800,15321200,5173500,7059200,8430700,4532900,12119300,41183000,2383800,17144100,23252000,6008700,11579800,29296300,53198600,1137600,1932600,6154600,1864900,7986600,6091000,4092800,10704600,4713200,47151600,1284800,3709600,26339000,5634700,6934000,383200,6165000,1173900,2576800,7623300,7082300,7355600,7416700,3251000,1421200,42904000,3424200,16939900,5208300,5307000,7252600,675500,2303800,2248800,2227000,5749000,20612000,14178300,8473700,17321200,2599800,4119500,8209000,42940200,3651300,3894800,2049500,2287600,13029900,13461200,30768700,7882200,2229100,74534900,6791000,23964000,1589600,992000,6719900,2149400,27779600,4180500,4885600,1420800,2269100,4960200,8240700,1740900,17300,8234400,1659200,3070200,18143400,19149400,2103100,18257400,29818000,30536500,1681400,8525400,6842400,4050600,14614800,794700,6170800,792900,188131000,1526000,17236800,531500,1852800,1193600,6720100,9794000,13654200,57463600,6692000,61201200,2507800,14388100,7716800,2012500,10923300
2025-12-02,19434000,1866300,6248900,843400,2254200,3101600,14607700,12825600,10746400,25394800,3212800,33305000,13390800,5304500,1562300,18166200,959700,5359200,1308900,13058400,53669500,4338700,1389400,5959000,12905800,15719000,2143200,5619000,7249000,9159100,2139800,9878500,4777400,6612200,3708300,4317300,9059300,35854700,2446500,19819500,22207000,5411600,11105800,29771500,43827000,1062300,1091200,7978100,1537300,7087000,9533000,3869700,9712300,6681500,46125200,1044500,7095900,17384200,7626200,6550500,223900,10837500,1399800,3027200,6830300,8201900,5169700,10711900,3029200,1126000,45785400,3967800,20551000,5096700,2740900,7337600,781300,2282800,3850000,3076000,5825600,19300200,11795000,8393600,16150300,2175000,3638300,9196300,31285600,3959500,4279500,1573300,1416500,11640900,19664500,42002500,7657400,2135400,167205800,8894200,19562700,1147200,924600,10924100,2160600,35368000,9190500,4053600,1750400,2278900,5109900,16376800,1928200,23100,20221200,1535600,3280000,38231100,21975200,1426000,17620900,29149900,46073500,1940800,5135000,9196800,3554400,11131900,779300,9438900,811500,182632200,2105600,18711800,745500,1572700,980200,6981600,9484000,12670200,69336600,5874300,62953800,2540300,19871300,8989000,1974000,10834100
2025-12-03,16253200,1845100,7684200,1235000,2347900,3828300,16819100,16133700,9599200,25004500,2226800,30174000,14385200,5374500,1615700,19188200,2198300,5310500,1158700,6028100,43538700,6223300,1282000,5206700,11841600,11623200,2292300,5286300,8535300,7624300,1957500,6968000,4885500,8698300,2495900,4745100,9466700,41838300,2839100,39960600,21336400,4501400,9369800,32018000,56121200,916300,831600,9770000,1778900,9615100,8104000,5133700,9128800,5485500,42574500,1465400,6287200,21728000,13782000,4619500,361400,5130000,2542200,4043700,5109200,6296700,4652400,9964300,2492600,1459500,35495100,4089700,16832900,4872900,2564200,10140600,824900,3809100,3079400,2687900,10934400,25902800,12541600,8363300,12724800,1172300,3922100,8060200,26686100,3082200,5656200,1862500,1948900,11134300,19060500,28545200,6756400,2651800,91957200,12026600,34615100,1364000,1238500,7981000,1886800,30541600,9286900,5452200,1450700,1413500,5306000,9125300,2676800,23100,22315200,1751500,3447000,52833700,14094000,2059500,19822300,34325300,37134400,1955500,5647600,7999600,3328400,22864300,890000,9259300,1017700,165138000,1446400,24478300,721300,2662600,985200,5630700,14439300,17183100,87483000,5489800,57238500,1890600,17001700,8735000,1559500,24402800
2025-12-04,17205700,1246300,4961000,1330500,1670800,1971700,13686900,15860100,6753000,20572100,1695600,23799600,28366600,4962300,1588800,23513900,1475100,8099700,1397100,7426800,43989100,4813200,1368400,6441100,9912600,9995200,2495400,4516400,9627800,7245000,2859800,6666300,4654300,8249100,3030600,5915600,6469200,31240900,3695700,51972400,15845900,7427000,11828800,33678700,35454000,1222900,948300,8061600,2174200,12489600,7032000,6709900,9249400,4024100,32405800,1354100,7449500,15535200,20912100,5549000,277700,4657500,1518800,3441900,6803000,6277500,6358500,8834700,3408700,2268200,45683200,4294200,14269500,3732900,1511500,9455900,1537500,2447300,2351500,2878800,7651900,42614600,12770700,9049900,13674600,1395800,3533600,7254700,16474400,3592300,8505700,1365400,3111100,29874600,23316900,24478200,6303300,2027200,107850200,24714900,22318200,1186200,1067100,21446900,3787800,29217800,3669900,7486500,1594000,1418300,5234200,10479300,1348600,20400,9909200,1283700,3854900,23981800,12930000,1511800,19905600,76980500,38529600,1574300,7312400,6348800,3151000,12392100,753000,6724100,1035700,167364900,2599200,25905100,1098500,2785200,1412700,6857100,13433000,33399900,71906500,4164800,61970300,4185000,17710000,7002900,2029800,15994300
2025-12-05,19415300,1210000,6814800,1042900,2277500,2863400,12516900,12579700,10275300,23123000,1772600,22164400,14633100,7445800,1854700,21161000,1974000,10644400,5079300,6243100,47265800,4641600,2011700,5238800,7134000,6628000,1545100,5166300,6518900,8400100,3183600,6277100,6049400,8397400,3442900,4030500,7173500,28851700,2897700,38125400,24779900,4553300,4556800,28532300,47443700,710600,823100,5906000,2356400,8194600,6819000,6172200,8228800,3962300,37605500,1315500,6375300,13474700,15852400,6473000,303300,7595000,911400,2167300,5971300,5266600,4190900,7834100,4524300,1604600,33117400,3919700,13343200,3985200,1494100,7895600,813100,2332300,1845400,2126700,7255500,25834700,16430400,7785300,8868700,2477000,3128800,12659800,20750700,7650400,5972800,1911200,1660300,21207900,24208700,33292400,5815300,1978700,103042000,13620200,22608700,1007500,798300,14573800,2359800,32079300,2859200,3032700,1205000,1391300,10416800,12791700,1325600,16800,10517600,1290500,2502100,22219900,15302800,1054400,17128100,51097800,33986500,1354600,9873600,5373400,3983100,20208100,785500,6584600,848900,143971100,2389900,23956400,1088700,2140800,1317800,5001600,11210900,17478700,56427500,4611800,79241000,4654500,13978200,6500400,2018200,11152900
2025-12-08,21290300,1474200,4954400,2355900,2238100,3469000,14904200,24484700,16643100,22593100,2077300,27891900,21748500,5556300,1518500,20495400,1292500,5681600,4197200,5332700,38211800,7271700,1376300,6452700,11389100,8272800,1527400,7813800,7417200,6690200,4569900,7342000,6128900,4315100,2252000,3465100,5937000,33909400,3510700,37694900,30410600,6046300,6400100,31164200,45209300,1196300,1270400,4782800,1878900,18136600,8198000,6075000,6721600,4030300,33653800,4138200,6599700,21607900,10805400,7741000,403900,7600000,1504400,3228900,6327400,6059400,3902500,10170500,4230200,1569900,35019200,3723000,14602000,4006100,2172400,9235500,551600,3775000,3734100,2453800,6726100,24333200,12902600,7785700,10996000,2785800,4161900,10237200,16328100,4293600,5620600,1825200,1309500,13161000,24711200,30943200,4272200,2581400,93953600,11465000,21965900,1875000,1005900,9420700,2407900,30456700,2570200,3498200,1291900,1602100,8870700,17507500,1024000,20400,6642000,1390700,3088600,40731000,12472000,1118800,34939600,33282500,34386600,1091700,7974900,5338100,5217200,16538400,706000,6427600,790800,204378100,2840100,22700700,675900,1531900,1435600,3915400,13267300,16359700,69165800,4425300,55231500,2608300,17775100,8480200,1637900,12544000
2025-12-09,17513000,1506600,5695700,3046600,2274800,2072700,23790800,16847300,11349100,18948200,1518200,20917400,17526200,6414700,1275900,17067100,1296000,6853700,5389500,4128300,32193300,4191200,1685000,8579200,8801100,6978200,2041500,5227900,18049200,7719100,3574700,6458100,4842700,4881800,5924800,3141800,7876600,30194000,2924900,22038400,24546000,6325000,5153900,46335400,43483800,1009600,3246100,4628400,1386700,13760400,7827000,3991200,7375100,3608600,42518200,3329700,4916200,24347200,8045900,4894500,398500,8492500,989500,3915900,10035200,4325400,4803800,8127000,3939500,2035800,25841700,4141500,14040200,4267900,1961600,7340400,699300,3288500,2149700,1965300,6830100,16250000,16283900,7509400,11543300,1930900,3083300,8916700,24269600,4267700,4534800,1998900,2169200,12997100,17643600,25166100,3709900,2197600,61877200,11159000,14696100,900200,604400,6792000,1899500,18937600,1844000,4816400,1695100,1698700,7255700,10375700,994300,17500,8143200,1102300,2569700,23037400,15477900,904700,17743300,31275800,47189300,1192100,6177200,4062600,2929700,10310100,410900,3760400,2323800,144719700,2055000,24326700,785400,1117100,1033800,3464800,17101700,12985500,62367400,3193500,58310100,3192800,13010600,8820200,1359900,13214700
2025-12-10,17615700,2147900,5751500,2644400,2394300,3617400,19845200,20648100,12429200,18232100,1692700,26255100,38839900,5301300,3009400,21960700,1907400,7259700,1870800,3341600,33038300,6591200,2160500,7067200,10919500,8961100,2437200,5921300,18874100,11100100,5121700,10928600,5882600,5942400,5477000,2754000,6818600,33428900,3071500,33280200,31531000,7956300,9440800,45437500,43635400,1368600,1847900,5910500,1596400,13341100,7119000,7383600,13463300,4731200,37825600,3623000,7534600,25940200,8894700,8460500,498200,11445000,999600,3775900,18526400,5467500,10842600,9259600,5778100,1743800,38790700,4146200,13945300,8735200,3278400,11823200,1657800,3822200,2554100,3023400,8528200,22479000,18077700,11599800,15534800,3564300,4705800,10976300,22459000,6789900,6551200,1825800,1570900,16910900,47928000,23279400,7966000,2804400,75974900,14564300,35756200,1316000,1316500,9298300,3318300,59398000,2149200,5611300,1882800,2276800,8530500,13650400,1192200,17100,9437200,2313600,2966300,22573600,14876200,1093600,13683600,45188000,54424400,2473400,10640100,6244600,3366400,17054800,680000,5268900,4521900,162785400,2952800,22859600,1299000,1640900,1654500,4576000,22729100,14899800,63257500,4715800,85671300,3792500,29789400,13150500,2382200,19985100
2025-12-11,23178900,2721400,3969000,1319200,2683000,3176300,14781800,18982800,15028400,44624800,1294300,25827200,31378800,11321100,2127700,18867000,1260000,5590100,2244600,3105100,33248000,7598700,1899700,8783500,11009200,9769300,1646500,6679500,9721900,6319200,3272500,8171200,6495600,7115600,7301400,3067800,7969600,42353700,2454800,31277600,45681600,10300400,5863400,51786500,35570200,1106700,1350600,7513200,2815300,9494100,9223000,4523600,9999300,5075500,44290800,1911200,4703200,18703300,7783800,7037000,523800,6167500,1178400,1669600,7854000,12953600,12511700,10000000,6197100,2260700,28249600,4067300,13753800,4170600,4607700,9134700,1811400,8607300,2405600,3659900,6262600,22399100,11808200,9009000,14703000,2350500,3403800,8414200,19542400,10158700,6316900,2315800,1348900,13056700,100612700,30694600,7468900,2975800,59096800,14746400,24669200,931500,1153900,8523500,3041600,36843200,2534800,4865500,1508500,2157100,4892300,11798000,1109000,17400,8006000,1294000,4517000,16593500,21134900,1403600,13575800,38780300,35686900,2132500,8225500,7061200,2992300,20741000,618200,4838000,1314300,182136600,4466500,21586600,1001200,1396200,1326100,4933500,15505100,19063200,55979500,5776100,86173700,3263100,23124200,11600200,2530300,14023800
2025-12-12,22435100,1781500,4814700,1326100,2715200,5255600,14459500,14892500,19306100,31553300,1880900,33161200,33545300,12512200,2834800,25936900,1200100,5260000,3146800,2436300,39532900,4961500,1633000,7582400,14078600,14873200,1919300,8508700,8982900,8865800,4726400,6708400,5955100,4643100,3915300,3405600,8180300,35940200,2247200,33270300,95588500,7441900,7865600,64428900,51599700,1317600,1700200,7979000,1940900,7783100,11439000,4283800,12062900,3581000,42717300,3053500,3772800,17179800,6006600,7495000,963200,5045000,1621600,2477200,8143100,6942300,7320600,11414800,5870200,1788600,35639100,2964100,14506900,5467600,2740800,7937900,1842800,4664500,3921900,3515400,4796100,28677000,11810800,6922700,13175500,2635800,3438600,5848100,14532100,5483900,6634000,2969100,1402500,14016900,55201600,37073900,9677900,2477800,87784500,19675400,21248100,1002700,804800,15776200,4808900,42427400,2957700,6440100,1280000,2823600,6767700,10268800,1443300,22300,10710800,1384300,3275200,21576300,18277400,1623000,17978300,31266500,40539400,2268200,5731300,6739300,2955700,17034900,784400,5980500,1244500,204274900,2135600,19092400,1021200,1562800,1226900,9299000,12532800,14308200,95656700,5352700,113160300,5592300,18444500,9239500,3778600,15964000
2025-12-15,18470600,2291500,4235300,1440900,1976600,3465600,16358700,10957100,12082400,28422000,1820000,27521600,32932200,8861400,1519000,27483600,1695800,6680100,2999100,3195900,50409100,5219000,1623600,7265200,9228800,10790300,1748400,6441900,10864100,6954700,4798100,11233100,5070100,3737100,5192500,3952100,10885700,29151900,4049500,29874900,65894900,7820400,12137500,35356800,60360000,902400,2167700,6447200,1707100,9489800,12584000,5101400,10889500,5518100,44712700,2099000,4200200,19176400,10271800,29629000,887300,9157500,1337300,2401000,8409600,7004600,7123000,10258800,4287400,2217000,47286100,4046000,14499400,5971900,2634200,7993300,1210300,2686500,2569000,2714000,6826800,21888200,16735900,8467000,14681800,2979000,5005900,7503000,25393400,5480100,6593600,1564300,1565200,15549100,43897500,27222200,5781900,2734700,60898500,16392600,23727700,878100,932800,9772400,4771400,32796100,3033500,3691700,1396700,2047200,7805100,13877700,1687900,18300,8739600,1002300,4648400,11953300,19176500,1283400,17415100,33711200,32881300,1769300,8942100,6406000,3797200,15437700,448800,9037500,1122400,164775600,3234700,18713700,1056300,1879100,1382500,5336200,13885200,22526900,114542200,6660300,90811000,3856800,18660100,9174100,2628800,18187500
2025-12-16,20835800,2408300,4141500,1132800,2161600,3091000,17638700,19127100,11418400,21011900,2247800,49312400,22447400,7808700,1797300,22577300,1349600,4659200,1765000,4815900,37648600,6840500,1485100,8175500,9742300,10790900,1888600,6656100,8331300,7136000,3960500,9051900,6178500,5765200,5181100,2500000,6907400,30585000,2642500,26119400,58061100,7722200,12052000,37342300,111695500,1149600,1767800,6334000,1775000,6616600,7355000,5264000,10277500,4390700,39827400,2690300,6384800,19067900,6145300,16672500,818900,5717500,1258700,2871400,7520300,7269300,10644900,8078600,4190100,2012700,39298900,3941700,13055300,6405900,2098700,10443600,803600,2727100,2527100,2748700,6579500,20564600,16663600,9949800,12491300,2301500,4435000,11290500,21181000,4118200,5536400,1489000,1144700,14309100,32433500,23467600,5857000,2584400,50490300,10994200,20705600,1450700,713200,7743400,3843300,42070300,3502400,4321900,2170300,1877900,6417500,10251700,2295200,18800,7034800,1262400,4024500,9483800,13951400,956300,13617200,27084200,32931900,1349100,9060400,5859700,3222300,15481500,488200,5746900,981500,148588100,2177100,19642300,761500,1340200,966300,5365600,12981100,16642300,107608100,5757200,122030600,3986400,17370000,8666300,2496800,17316800
2025-12-17,24797200,2783500,4915600,1297000,2213300,3514100,18502200,15363900,16823000,36270000,1730100,43375300,23761100,11959800,2037000,41957100,2032600,6287700,2483500,10385800,50138700,5796100,1569000,6603800,10935000,18178700,2265800,8589200,8718700,8501900,4766000,8271000,6181900,6104900,3434100,3282300,8429500,43930400,2517300,29361400,73300900,8811800,10597600,41112400,61255300,1262800,1271800,4685600,2237300,10212000,9138000,9268900,11612500,6158000,49404000,2454100,5600500,19444600,6269000,11774500,786700,4462500,1349700,4082300,8067100,7263500,15444200,12277800,6902900,1658700,44034400,3440500,14268400,5243400,2526100,7222300,940300,2365600,7694400,3287100,8995400,22147200,13180600,8457600,9093300,2339100,5374600,8805300,19144900,4371600,3972900,1750700,1175600,15598500,50222000,31595400,6693100,2973900,54792000,12569100,24527200,1735000,765900,10675600,2363700,50424700,3277200,6632700,2033100,1696200,7958600,9833300,1531700,21100,9269200,1989200,3726600,16662700,14833700,2140900,65554800,33844400,35304100,1935500,9661000,7855400,4436700,15613000,761800,8865600,882700,222775500,2568100,16177800,831500,1456100,1003700,6125700,14819000,20237900,106490400,5758300,110625200,3535000,13672700,7025900,4598000,16357800
2025-12-18,25658700,2761000,7581800,1357600,2066300,3730500,13705600,12014800,11260300,24274300,1505900,29920200,27939400,7773800,1733800,65006100,2031700,6810800,1661900,7284900,51630700,7993400,2348000,6832400,8978100,12319500,1496100,5515200,11444900,8967500,3370800,6597400,4791400,8373700,2733600,3357200,9291500,33518000,2669000,27194000,54501900,9482100,11598200,35021600,47062500,1124800,1109600,6354900,2040200,9201300,10565000,8070000,10021200,4257800,46078300,1892300,3780800,21935800,5654200,9644000,864900,4870000,1056900,3849800,6643200,6805000,6762900,14006400,7652500,1659700,50272400,3794400,12117100,4760400,1694300,5988000,949100,3057100,3826600,2259000,5553400,19272200,14312800,7499900,8876400,2777900,3928100,6998800,17534700,3352700,6466100,1873500,1335400,20260300,36297300,29720100,9147100,2884400,69468400,12951400,28573500,1453900,1057600,9410200,2467500,40221500,2700300,4090600,2694900,1744500,5795400,12239900,1817000,30300,7340400,1363900,3848600,12732100,14402700,1645400,31684800,34275800,87452700,2103300,7336900,8741200,4611000,15029500,950200,8546200,805000,176096000,2318600,21476700,861700,1392100,992700,9344800,11844100,16218500,95168400,7224300,108650100,2785800,15524800,7445100,3773200,23734500
2025-12-19,39854100,14994800,10765600,3486800,4808300,24731300,45412800,22594300,12735800,27580900,3695000,31959600,52764800,9716400,3320800,62312100,3430900,6160100,2340300,9673900,144632000,10639400,4367200,9963800,10358000,14265900,4166800,12713100,24494400,25223500,6048500,9004200,6174800,9040200,4927100,6588800,10613000,59943200,13465700,31921800,159095200,8338000,9728700,46595300,87590000,1487700,5363100,10553000,4555500,30492300,21561000,20115500,6957800,10530800,57068100,2972700,7303500,22612000,20732100,25257500,1277500,11570000,5558100,6879600,17543500,18623900,16914700,38469400,7141800,3064600,85544400,5908500,13142000,18968800,3951800,16154200,1664800,4528300,7357000,7262100,11300700,28175600,44980200,24803900,8571500,6564700,9611500,21701400,22062400,8706300,44085700,2708100,3283600,49977100,77008600,58445500,36269600,7934300,163221300,20293400,70836100,1541800,2335900,11396300,10097600,76929400,6709100,11455900,5550100,3762400,24394600,19345600,3950200,66000,18650800,2826500,5829100,21722200,19399800,2319600,55008600,32120000,73001900,2481200,14612600,25749700,6898600,21954800,1329800,19091700,2124900,324925900,4774900,50043800,1573400,3212800,2663400,9715400,37783900,30432900,103305400,19050300,103599500,6289400,36911100,27801600,5429500,31927500
2025-12-22,21470400,1909500,9220200,796000,1442300,4340400,11768600,8495800,6091100,16977000,1553000,23707400,48279600,5688100,2621300,30961900,1702100,5810400,1915100,3663000,36571800,4574600,1301600,9558600,9862300,8864500,3292700,5547300,8354600,6422100,2354200,6779100,4704400,8290900,3347400,2883400,6233100,26429900,2400400,63115300,28739600,6797800,8073400,37987800,38758900,919100,1831400,7872400,1184300,7136200,6045000,4714500,5369000,5568200,35379800,1926500,3856100,17894900,5664200,11120300,1109800,3375000,919500,2486500,8818700,5043500,8773500,11436100,4379200,1209900,32261300,1887500,10983600,4828100,2065800,5141600,653400,2811400,2080400,2500200,5245900,24591900,17136200,8187800,7063700,3215300,2969000,8143600,19234500,2960800,27353000,3479000,2103100,15659400,27148000,24950700,8685200,2747400,51685400,18741400,16963000,1348800,818000,11057600,2373300,36686000,2127100,3208300,1269300,1458800,6751400,11731400,1113500,24300,9213200,1120600,2625600,9871000,13007900,703700,24629000,59955600,33408800,1520700,4850700,4182000,2477200,15316600,530100,5373100,1428200,129064400,1988600,21473900,1262900,1450800,1197900,4852700,9512300,28897200,86916100,4982500,69556700,3302600,12828500,8863200,1390300,13976100
2025-12-23,18146700,1281600,4010200,780600,1210200,2084400,12567600,7930300,6802300,16953500,1093100,19137500,35673300,3220400,1831600,20767600,1241000,5424900,1008000,2801500,29642000,3514800,1454400,6847400,8424800,7546100,2250700,2884300,6668300,4690400,1656600,5373300,3685000,6108200,3600500,2580600,7004200,25478700,1552800,44702400,28232600,8384200,9766400,24732900,43692900,1051500,916200,4463300,954300,7875000,6007000,3465700,5044600,3464800,32302300,919800,3285200,15097300,4745100,12572500,1242000,3017500,768500,2967800,7254800,3703200,5913200,6483000,3772000,1171800,29230200,1848700,7638500,3612100,1318700,6050300,759100,1802100,2196900,1794700,4319300,17835300,13587500,7047300,7465800,1706700,2334800,4663700,15891200,3052500,17144900,3848500,1343300,8486800,18301600,20272300,3721100,1768200,35958000,18077400,14683600,804700,832000,6598100,1903300,24041000,1385600,3354700,2967000,1408500,5712500,9541600,893400,19400,8212000,864000,2108600,12334100,11055500,543600,26036000,34499800,22274600,2533200,5671100,3791500,3627800,14155700,564700,3500300,1063000,174873600,1713100,20319900,744900,866000,1246800,3494400,8642100,15263300,58223600,3371300,64840000,2167300,9471000,6351200,1404300,12153600
2025-12-24,6805600,434700,2527200,444500,771800,1474900,6137400,2928600,2753900,7980700,606800,11293900,16720600,1335200,612700,18592600,777100,1795100,477300,1399300,17910600,2648000,708600,4152300,2767600,3676300,1190200,1642400,4289300,1645300,830100,3274200,2044400,3425400,1776500,1450700,3869000,10097400,833700,23483300,11424400,3242600,2250000,15685800,19328500,363300,597500,2842700,334100,3011300,2103000,1241000,2238500,1457200,13168600,645500,1845000,5761000,2076600,3896800,632900,1320000,310200,997000,2618700,2023600,6014100,2598900,1342200,531700,11420500,901900,4697100,1744900,439100,1821800,257400,833200,766500,1058900,1617500,10249600,5335000,2376500,3085700,1151800,1647600,2227600,7097600,1166500,8590900,849800,653000,5627500,9282700,7956800,3067000,817100,37443800,26238200,5855900,366800,267200,5203700,1822200,11710100,758800,1421700,891400,979800,1606300,3259200,359900,10700,2980400,581600,932800,5335300,4460600,229800,9422200,18157100,13634400,702300,3079200,1279500,1060600,4073900,202600,1266500,404500,65528500,585300,9009600,341700,430300,314000,1756000,5506800,10354100,41285400,1829300,39445600,1151200,4515300,2086000,628400,5491700
2025-12-26,14262700,687400,3664200,462100,995300,1063800,8066100,4726700,5125900,12959100,553900,17884500,23157800,2532800,764800,17878500,735400,2505900,1015400,1868400,21521800,2564700,884900,4767900,5035800,5052900,1619500,2308400,4158300,2442800,1328200,6037200,2849500,4951200,2584100,1839900,5925700,10899000,792600,33560800,15028100,5973000,4197000,20410100,21617800,466300,493300,4359300,555000,3636400,3374000,2973900,4155300,1776000,28503100,950800,2077400,8436700,2456400,5450500,519400,1740000,388100,1143900,4975500,2017000,6579700,5238900,2317500,663500,15994700,1508600,8761300,1593900,724100,2892400,425600,946900,1100800,972300,2308500,24899600,6280700,2316700,4439100,1426800,2224900,3706900,12298200,1455100,9547100,822600,1410600,7133800,11262000,15792600,3351600,1114900,28779400,19573200,8842200,681000,321000,7123000,1324100,26262000,1061900,1389000,790600,1277700,2073800,4711500,551400,12300,4602800,605700,1014600,5001000,8972100,363800,15948600,28311100,15259400,1260700,4575600,1836000,1440300,14848300,230400,3191100,504100,139740300,986200,9003800,553100,1006400,464500,2733200,5169400,19679600,58780700,2527600,41613300,1322600,5711400,3808200,758100,7537800
2025-12-29,19595400,928100,4809400,611500,1578000,2537400,14782500,6806000,6205100,15386400,1223100,31352100,18294100,3075200,981900,26642900,1229600,4009300,2342900,2331200,23715200,2464300,1217400,13141000,6370400,9822300,1326400,6199700,8635300,3978400,2240300,8900000,4699300,5806900,2781400,4004600,6362600,19621800,2181000,32343500,21946900,9519300,6535400,34223800,33067700,417200,1002200,4346800,885900,5854600,6415000,4864300,4455400,2773100,29561200,1303200,4149500,12838700,4300100,7157700,543700,2622500,628200,1447500,7201900,3989900,4384500,6663300,2856100,764600,19797900,2274800,9242300,3803000,1327300,5262500,559100,1755600,1948700,1274900,3491000,26422500,8086900,4348900,6357300,3553700,3053000,5589100,14073500,2794000,10974200,1060500,1279800,8506500,14748100,20326900,3906300,1736800,38062300,14202000,10893400,1027500,545100,8529200,1792500,28242000,1358600,2027200,1270900,2093500,3061300,7662100,990800,17200,5258400,933400,1653000,9677700,8623500,424300,24567500,33581400,21040100,2009400,5256400,2601600,2489100,15231700,250000,4163200,615700,120006100,1303500,12979600,763300,1469300,783200,3112000,8624200,17259800,66263000,2660000,62559500,2005500,9686900,9579000,1575600,12910100
2025-12-30,21568200,609800,4335900,537600,1833300,1873600,11150500,7774500,6190600,16471600,736100,18654700,30151700,3764300,1188900,23056400,1414300,3907600,5125500,2173900,22139600,2365500,913000,10284200,4432100,6387400,1276800,4081100,7904300,3429300,1501800,6832300,4396200,5974600,3532000,2191300,5652100,17380900,1255900,36398100,16633600,7967100,4180500,16160900,28821700,416200,759400,4432500,1192200,4075900,3843000,2493900,3810500,2406200,28454800,1077700,2071700,9255300,3291800,5110600,478900,3387500,685900,1301900,4713800,3366500,4967500,5670800,2220600,877200,21910500,1399200,5610900,2348000,834200,3807600,603100,1163000,1727000,1512800,2975100,19445400,6497900,3937400,4355000,1809900,2819700,5150500,12740200,2252600,15556000,817500,1363800,9187500,14197400,16409600,6008000,1319500,61935300,17385300,13944500,950500,383200,8195800,1680800,23336300,1121700,1812000,1732700,1422700,3256000,6006400,1021400,11700,4672400,996400,1251500,9583000,13824400,807300,18023800,24875600,17427600,1663300,4553600,2185100,1834800,10055700,526200,3904600,715100,97687300,921100,11730600,615700,881700,662500,2754500,6417800,13552200,59238500,2847600,47160700,2140700,8610900,6024600,1198700,11277900
2025-12-31,24845000,890400,5249700,596500,1221500,1316800,10559900,6157100,8175100,15992200,993700,16965900,17594200,2575500,1037300,17573800,1133100,3141000,2363000,1849200,27293600,3098100,830200,8272200,5704300,9528400,2331000,3821600,5048500,4682600,1569200,6116000,3003400,7065700,6110200,3021000,6678200,16377700,1417300,36165200,15346100,6082600,4356100,22996200,29409200,522900,777400,4285200,948500,5036200,6080000,2867600,3691800,2188100,30543600,876800,2124800,10129000,3367900,5256100,401800,2822500,693000,1403000,4380300,3503200,3550700,4935800,1845100,1228300,24383700,2090900,5872000,3196900,1177500,3233400,630000,1170200,1553900,1736500,3234300,16899500,7557300,4083800,4199500,1225700,2377400,4953100,15918100,2116200,11830500,1081700,1383500,7940400,10341500,17591600,3552200,1469300,51524700,10438000,15601600,859500,354800,6946600,1490000,22997400,1386100,2644600,984200,999500,3150200,5293200,1022200,14800,6644000,669900,1646700,7234100,10971600,561300,15217400,23242500,16293000,1709700,3551700,3025800,1973900,8776800,419600,3426900,719300,120100500,1026100,11487400,607700,869100,522900,2925700,7919300,11437000,49078000,3253100,74144800,1598200,8127800,5415100,1234600,13027300
2026-01-02,30675100,1095600,7432100,792200,2817600,2731000,14175100,14637200,18526900,25793500,1694800,31935500,31517600,7348200,1260400,42604300,1524200,7645100,11990600,2414800,37838100,4509900,1642700,12077100,18031000,15299500,2169600,4707400,8054000,6532200,2202400,15778300,6417600,8175800,12004300,2736200,8760200,32009400,1539700,48405500,25398600,9211900,16200700,36087100,35976700,934600,1157600,6863600,2738700,8852900,8321000,7548800,10122900,3863800,45408000,1407600,2621100,20495400,9680600,9896600,368100,4250000,825300,1985200,7182100,5403800,5688900,11957400,3838400,1060600,51456200,3003500,15968600,3336800,1490300,5115400,760300,1985000,2559600,3901900,4273600,31101300,9992400,6325500,10998000,2079900,3799600,6862100,20185600,5643500,19055200,1476600,1373200,13726500,14540700,36446200,6808300,2076100,95396400,19106700,25571600,921100,464800,10135500,2373400,60634100,2134300,3326300,1281700,1313500,4555400,8946100,1268200,21600,13300000,1126100,2469100,14987500,21653500,2697900,16227200,37387200,25503600,2073800,7005600,7553200,2619600,11518400,477400,6133600,940200,148240500,1340300,14306600,1071200,1348800,972200,4959300,9242600,17122100,85535400,6909600,89377200,4768200,12151300,6940000,2330100,14693100
2026-01-05,38591800,1663600,9283100,716900,3742000,3350300,30112200,56362600,17446300,26231000,1312700,94961000,33498600,5860200,1651300,34608600,2145300,5650300,5756700,2936500,45647200,6787400,1661800,11039000,22033700,17476300,4446500,9691900,10752600,8972200,2617800,14744000,5984600,8490700,8957900,5783700,13695300,30195600,2268700,46044200,31136000,12232000,17653800,58044100,52620900,1294100,2234000,7956600,2170700,8301900,13199000,6068200,16194200,4336100,40202100,1606300,3779700,27884400,6421500,9854900,585800,4462500,931400,2328800,9031400,7592200,9091500,16268200,4385200,2174500,49733300,3348400,23429400,9341300,2710800,9263200,1273700,3215900,3381700,2865000,4947700,68574500,15863300,9477000,17756200,2870400,5158500,35094900,22859000,5012100,12844300,2006800,1937000,12213700,22635500,31941100,9826700,2362000,96665400,20610000,25250300,1346300,835700,19824400,2805600,39511700,3634000,6048800,1429300,2212100,7039100,12297300,4024700,22200,10462800,1982600,4084800,21328400,14201200,3290600,17617900,39538400,36096600,2199900,15706500,10398700,4310300,26935100,941700,6755000,2347900,183529700,2289500,19557600,1923000,1486800,1912200,8471000,14384000,20311300,67940800,6582900,71927200,4887200,21186600,8865100,3097300,17115900
2026-01-06,29127500,2115700,7846900,745600,1966000,5563900,23328600,28955400,15599600,20349800,1535200,69568200,43669700,7813700,1481300,48732400,1834500,5584400,3528200,3362300,52352100,3795600,1778600,9735500,18351400,14985700,2910600,8004000,7660800,11033900,2359400,12998100,5698200,6905000,8198700,4307400,8672500,31212100,2722500,35312000,27135500,9052600,17759400,38950800,50977300,1105300,2339100,9441900,2564200,7254500,11414000,6477800,12757200,3113000,34062500,1531000,5437100,21861800,6103300,6428200,693100,5365000,2078400,4933100,9576500,6775400,15740400,18787600,6577500,1601100,53764700,5248500,17108100,9151700,1848100,7717900,1039300,3456200,3246600,4056100,5034100,51439000,14479000,8107900,17783800,1919300,3766500,20564900,22627800,3187400,8738200,1620700,2863500,11074400,16474500,40033200,17178400,2544100,66395100,18215500,23037700,2016700,935000,20105800,2742300,34838600,2022600,3915000,1723300,1828700,6038000,10421800,2653300,56600,9360400,2813100,2690700,24322700,14039800,1895800,23178000,30380200,31791900,2394800,9026900,7237900,3303700,35253300,997900,13219400,1932000,176862600,2132100,20120800,1486400,2079400,1387400,6595600,12329200,16937500,89093800,5959300,69273800,3797900,21019900,11059000,2448400,11110800
2026-01-07,22808200,2122400,5903900,1223800,2683300,5179200,20353000,17255900,11744800,18916800,2135400,42739200,28603500,5205600,1570100,32781100,1866700,5051800,3836300,4539500,48309800,3532400,1506200,8705600,16963400,13957100,3654900,7550700,9815200,9853000,2322200,12613200,5050900,8284400,4782600,5085900,7488900,35104400,3599200,36716200,20249300,12482300,11327700,44720900,51395800,2215100,2383500,7461400,1396400,9859900,9045000,6870600,12333000,3585100,32215400,2065700,3879200,27613300,5976200,6195600,467500,4515000,1723700,5129900,8539800,6333900,7925100,15121000,9433200,1347200,42236500,3877600,18977200,10285400,2269500,6399700,802700,3220700,3166100,3653900,3134800,34849800,16322300,7545900,14505700,2461300,3104300,13537900,28406900,3183100,9456900,6207900,1900400,12846300,11171200,29715500,14305000,2178600,166028400,24433800,25564200,1488000,1264700,13362300,2680100,45349000,2956900,7666700,1725600,1780400,6175400,14369100,1418500,28800,15868400,4084900,4652800,17230800,17491900,1351200,33116700,30159600,49695500,2724400,7988400,6148400,3227800,20894000,1674500,8341300,2040500,153543200,2363700,23306000,967300,1834300,2049800,10343400,14589500,14297200,59828800,7613600,75588300,3965500,20223400,9987100,2812100,18044300
2026-01-08,21598200,1622700,7909300,1583400,1960800,4826000,20232700,20138500,10850800,20102400,2006600,51451000,29874200,7684900,1041000,33897700,1423400,7969400,3934100,4195000,50419300,3745900,1930800,10892900,14918900,16870100,9609300,8944200,11737100,8353500,2801600,20981700,5089300,6793600,6430000,6732500,6897200,31896100,2799300,38675900,24385200,8785000,12565400,35358300,42977300,3545100,1604300,5059300,1651400,8696700,9485000,6441700,11555400,3592800,31093100,1543500,3364000,22853300,5243500,7426100,351900,4020000,2115000,4410400,8762800,6357600,7163000,13928600,6866800,1265300,39509800,3840400,26260100,9365900,1360500,4981800,1405900,4574100,4582300,3390200,4076300,23624700,20278800,6557800,17611000,2197700,4383000,12929600,25159400,3107700,10852600,2301300,1511700,11921700,19468500,27505000,11902300,2707700,88242000,14773600,18162600,1593200,1049300,9803700,5207200,47304300,2012400,9773400,1986400,1254300,6717800,9297100,1463000,31000,9822000,4108800,3156000,10695900,13371900,1682300,17187200,32389000,30933700,1234300,9605200,5500700,3214100,22333100,3608000,6857300,3218600,172457000,2653200,24058300,1536300,1943300,2630200,11522100,12406000,16618400,57041100,6451300,64019200,4966600,19237000,7228400,4114300,13105200
2026-01-09,27159800,1416700,3650000,2490700,1334100,3187100,16137700,18306800,12325100,18094800,1592800,38839900,23780400,5665300,974500,33387500,1919100,5251800,3093300,7686000,39997000,4630900,2432600,6221600,11769700,15652600,6077500,8989700,6738100,9662200,1787900,11437900,4187000,11465600,3333800,6868300,8104500,26214200,2118400,46765200,22482500,7050200,13817800,29544900,34190200,1894900,1909000,4129100,1304600,5842200,11024000,5003200,9439600,4577800,32172700,1505500,3757800,21518300,5174400,11845400,569100,5122500,1700300,7314200,6767600,4902900,5730000,16758600,14316000,1463800,34560000,3834300,18234000,6714200,2095100,7971400,1015600,2772100,2690000,2221100,3152100,51357100,11040800,6154300,12352000,2581400,2502200,12549600,27962600,3250100,16803500,3712000,2100800,11634900,26152700,24217300,9887700,2767700,186691400,24430300,18491000,863700,711500,33942700,2895400,31362900,1821700,7593600,4091200,1890100,6629500,9528500,1661000,46500,9590000,2647700,2561900,13486300,16439500,2394500,15381300,36676100,30768800,1068700,8940700,9427600,2884800,19272700,1449800,6018300,1892700,131327500,1766600,21902900,1228700,1167900,2019700,7001500,10261300,13686000,67331500,5306500,80125500,6850000,19638600,7576400,5908000,15061500
2026-01-12,24840600,1280300,5532400,2015000,2179600,3066100,15314900,19685700,12714800,17111700,1380900,28264400,22125000,4181100,2479900,23152600,1563700,8476900,4869500,4671200,45263800,5635400,1728300,15582000,12672800,12867200,5041400,8795900,12805100,13657600,2284900,35379000,5668000,10723400,4901400,6747700,5957300,33923900,2460600,31966600,20949600,8398900,8773100,42021600,50256300,1443200,1648800,7146400,1601200,11088100,8556000,3857900,7420500,3371100,38514000,1475400,3370100,16810600,4927700,9900000,1172900,4475000,1350300,4367100,12223400,13281300,9066400,10749100,7189100,1397700,35867800,15082600,26411200,6546100,2202400,10736400,1172000,2240000,2166600,3486400,5749000,25991100,10671900,11794300,12250100,3111100,3249500,9796800,16182000,3541400,10455500,2116400,1951200,14797200,25428500,27287300,7465400,7015900,101989100,13268900,23519900,1643600,1321100,12074900,3246400,34954500,2714900,5392000,2579500,2207600,7397000,12812000,1489700,33300,7755600,2970000,2380200,10146600,20866200,1488600,24699500,25656800,45860600,1866900,10232900,6612800,3007800,20373700,1262600,6502600,1539100,137968500,1596300,49182100,763400,7052800,1548100,5203400,15958100,16782300,61649600,4281400,63976000,3814000,20582500,8371200,2485200,19898900
2026-01-13,52519700,1597400,6495800,1520700,1969600,3459600,21619700,19535600,11473600,20026100,1505700,50469200,21759500,3648000,1891600,23881300,1434900,6470900,3456900,3543600,45730800,6594800,1862700,11961200,10797500,16552200,4116100,8638900,19371200,9993300,1790300,18850400,7757800,9399100,4331500,7926000,9027000,33517600,2382200,32819500,18308000,8778300,9033300,77045100,47656100,4739000,2298200,5605900,2656800,8543000,9966000,5748700,9580400,4108700,43133400,1045200,4552900,22207400,13661000,12898300,797300,4730000,1346100,2820800,9030200,20383500,20318600,12737000,5430300,1233300,38371800,8818500,26284200,4872600,1770600,18342700,1019100,1699200,2524500,8721600,5362800,19691600,9338600,11379600,11756500,2800300,4088800,12068600,27656200,7217300,17286300,2063600,1541000,18030400,15857400,56894900,6485600,3775000,168656400,11662600,28545800,1985300,946500,11145200,2222100,27769400,4359700,5852300,1841700,1667400,5803600,15549200,1199000,22100,10773200,2013000,2194200,9133500,19757500,1374200,18996400,27646200,43542200,1322900,7868300,7146500,3284100,22060100,1153800,4135000,1591200,160128900,2504900,31222100,1159800,2383900,1247400,5641600,21998600,14487700,53719200,5419600,78309700,3802900,18324800,7979000,2754400,15900500
2026-01-14,25019200,3635800,5651800,1854200,2513000,1947500,27593900,23910300,11210800,17838700,2184000,80750200,28346000,3780800,2109600,20277200,1892200,3978000,5380800,4126700,40019400,8434000,1921700,8963000,16029700,22104200,4411000,7414600,25951500,7959900,2542000,17475100,5646400,11628900,2866300,5495500,10804500,28525600,1897400,40175100,30094700,9738100,10758100,59754600,53738100,2153300,2065600,5740900,4834000,10282400,8965000,10181100,10727100,7681600,56484300,1417400,5083900,21403100,10149300,15646900,983900,6202500,1295400,3087000,8329500,9388400,18931500,18187200,3888200,1442000,41410600,7754500,32494200,8426400,1500100,9529700,1276900,1776700,2148000,3943700,5134500,19538300,11964600,11858800,13516800,3071600,4405000,16414900,40257000,5712600,14218100,1906200,1770500,15527900,22473200,40466500,5611900,3583400,148225800,11702600,28184300,1185500,668900,11511200,2894900,33651400,3231800,5249700,1727100,2192400,4659300,13475000,2039700,23500,15019600,2643100,1912600,15295700,27729100,1536500,16954800,29380700,84750000,2925100,13563700,6545200,4554900,19747500,1480900,7988800,1951200,159586100,3102800,32764000,949800,2341800,1167200,4788300,33803900,16602100,57259500,5658100,94676700,3400900,16739100,8441100,2448400,16039900
2026-01-15,33266300,1562600,6154400,1262600,3773700,3180200,17400000,18019800,42188500,33323900,1570700,49328800,24810300,4104000,1666500,25370200,1429600,5360900,3104800,2297400,39388600,12957100,1711100,9606700,17883600,17370900,3611200,8562300,14751400,9241600,2336600,12607000,12267200,6707700,5316500,5441000,12098900,28442400,2591900,43686800,22218800,23308300,7447900,48490800,55263200,2111300,1700400,6943500,3405000,7419300,16576000,6345400,9197400,4662400,47808200,1229900,4661100,21762700,11489600,14582800,453200,4742500,1214900,2398500,5797800,8587700,10169700,15249800,7116800,2121600,43003600,5328700,29123700,6954200,1240900,8223800,1843300,1747700,2127500,4005600,3832600,22967800,11775800,8492100,15303400,1990000,4638200,8097400,21486500,4774300,12173400,3206300,1507100,13076100,16418600,55270200,7536200,2868300,132328900,17604500,23225800,992500,865600,11272200,2185900,31109200,3402400,3657400,1641100,1619800,6659800,10102800,2395100,21800,11340000,1763400,4183400,16593500,15568000,2858400,19182700,33388600,51018300,1923500,7461400,11262800,3716400,18285700,965600,6942600,1458300,206188600,1615200,34559400,1403400,2083200,1503500,6834000,21738600,21022800,49465800,6530300,77862000,3813000,15464100,8675400,3054000,16405300
2026-01-16,79038200,1816100,8960600,1098000,3071600,3378500,16592400,17373100,18246100,30258500,1875100,30796300,36105300,4502300,3163400,47901900,1737800,4888600,3292800,4404700,72142800,8398100,1355500,10720900,10769100,14156700,4894300,5987000,14652500,11990800,3297000,18598300,5545100,6201700,3226200,5749600,7622400,40341600,4033700,40594500,31291200,9540900,7058700,44363200,59470600,1535200,1901600,8039100,4773200,12874900,15317000,7913700,13483100,5061700,51948100,1459800,4026100,27803600,13902600,20052400,643700,9327500,2047400,5280200,10313500,8341600,12141500,14392700,13330600,1903400,45888300,6692700,23754200,8649700,1851200,7580100,1825600,2056200,3768500,3496200,5201600,34906400,14852100,10021500,11950300,2158300,5649400,9745800,19462500,8534400,19602600,1955700,1409200,17012500,19224700,42545600,8972800,3555100,127314700,33680200,34246700,1352800,1682400,15411300,3862900,59483600,3110100,4825900,1725900,2419500,10638900,11729300,2092000,79500,13751600,2375700,3829000,15011200,53701100,2469100,21430700,33778200,52178400,2201500,8939200,11399300,4499800,21629900,968900,6944800,2028800,187967200,2074600,415144600,1612900,1613500,1904200,9023300,26981600,23266200,60220600,7053100,79289200,5628700,20027500,9278500,9206900,15116900
2026-01-20,39742100,1879900,11531300,1154300,2629100,3620800,16477300,22587200,22809900,23515700,1697700,50178700,29300900,4690500,1646000,49744900,1622300,8559000,4028800,3197300,80267500,11302600,2072200,8556300,17363800,20029200,4618000,6371300,12900600,11971400,2958400,9885000,9177400,12225000,7395700,9586600,9757900,35361000,2947500,51361500,32293900,9263900,9720000,57030800,55425400,1857200,2090200,7596500,3588800,10054800,17340000,6870600,14435200,4500900,45896100,1987000,9227200,25300900,13050800,19712200,636700,7160000,1811400,4883500,9982800,8279900,15276400,11601700,7599100,1756000,47737900,6987300,19889000,8251400,1692000,7740400,1496900,2737900,2869500,4098700,6844500,28057500,15241100,14057100,12775200,3291200,4914900,11142500,25666700,6962000,12441000,1998400,1808800,15169600,29129500,44327700,7125400,3049600,150153000,18437700,26130000,1419400,789100,12557700,3209900,36708500,2545200,6048000,1940600,3541400,9152600,12901400,2043000,37200,12926000,1521900,2484900,18688000,25353400,2970800,22287800,45908900,49172700,1739000,10796700,9387300,4595000,19583600,1000500,9516600,3518300,223345300,2911500,45334000,1376200,1606700,1704000,11625700,19353500,24568200,63187300,7287900,111623300,4188700,22152200,11149000,6079600,19744400
2026-01-21,37885100,1447100,10169200,1094200,2251300,4710600,18879900,22868200,16789800,20051300,1679800,58996000,30538700,5587300,1902600,56712800,1774700,4635900,5763200,3592200,54641700,11715800,1879400,13987700,16940400,27892800,6652000,5931000,10270100,9181900,2633300,11713700,7862800,8673900,5076700,9241400,8476500,35386600,4148600,44408500,32006600,9950200,11017600,49360300,47264100,2255400,2268900,8933300,2643600,8296600,14999000,6368300,14068600,4645900,43023400,1233500,11485800,33736500,12616600,16119600,541300,6820000,2289200,5053300,7679600,8974600,15551600,12454800,6651300,1984600,47276100,6394300,23029100,10727100,2122000,9791200,1141500,2884900,3426200,4937700,8555900,51293700,12844400,14762900,16393900,3591100,5964700,10918500,18440800,5645300,17708900,1463700,1570900,14494700,38190000,62385600,9447100,2780300,220565300,25915500,37980500,1261600,788400,24269700,4073700,47851200,2227900,5463400,1799500,2675000,7285300,14126800,1721100,31600,10747200,1817700,3685900,17134300,21079200,2387200,26949500,48217900,36340000,1992500,10599100,7914000,4751700,25719800,1011100,7272000,2835500,200381000,2275300,34811700,2238500,2215800,1076200,9162300,17606700,31821400,68124000,6301000,127844500,5503300,21660600,14088300,5711800,15117000
2026-01-22,29917800,996400,12833700,1291600,2468300,2796300,16600100,22767000,12801000,14834400,1236700,50869500,30063000,5508700,1949400,39607600,1476900,13882000,3167500,3024200,39708300,8966900,1772400,13027600,14648300,12971600,5386400,14906700,10535800,7450300,2214000,32031100,5517000,10221000,2984800,10546200,7088800,26253600,3025100,38665300,24275400,9731900,6594200,46919300,49883900,1356600,1668100,7491400,3228300,9802300,10260000,4853300,9937200,3577100,42011200,1357200,6052100,26170700,9483000,12944200,495400,5565000,1535100,3996200,8167400,6938700,7515800,11958600,4176200,1575600,31913300,5522100,15777300,5650900,1902200,6874500,1147500,2095000,2549000,5114900,8025700,33790300,9362600,13160000,10881400,2449900,4561900,8957400,11116000,4974500,7935700,1976200,3428000,21394700,21141900,37945000,8926900,2628500,190066400,19503100,25349400,1416600,765400,10120800,2074400,28499500,1814000,4075000,1619900,2212800,8550500,18501900,1383500,33000,6058800,1493600,2478200,12997600,13647200,1844200,36434600,33981500,31229200,3566800,7771200,6036100,3807200,25597200,601900,7264000,1290500,139636600,2349000,24547300,1240400,3740500,869600,8372200,19668900,17661900,71546700,7018000,77112200,4021600,13962800,8347000,4771600,14540700
2026-01-23,34482400,1250500,7999700,798300,3872600,2957800,17758200,43516200,12904400,17691100,1510300,51431200,24381000,3496300,2231600,35404200,1849700,9047900,2214900,2631300,41689000,8532800,2142100,7592800,19550700,14654500,4004600,8053900,11107900,7106700,1639000,13064100,6086200,6820300,3045300,8085100,12975100,27280000,2024900,38070400,30259500,7587100,6470900,47057500,45402300,1473300,2765000,9082200,3274000,13301700,10102000,10960100,11673600,4302900,46881200,1294800,4334800,26527200,9408000,16605400,520900,5192500,1330000,2976900,5870100,5667900,5338600,10156800,4475800,1368300,33778500,14209800,20185600,5816400,1446600,6400300,603100,1806100,2235400,5002900,5483900,24149700,10489500,6950600,10191300,2598100,5302000,8368700,14879300,4368700,7685000,1945500,2393100,22797700,23011300,47525900,6115700,2801800,294675400,11544700,38000200,1125800,721000,9368100,1680600,30285700,1304700,5113100,1300100,2218100,13180900,14562600,1466800,27100,7083200,1271700,2592900,13924600,22985400,1556300,18328700,30257000,34553500,2248500,6972800,6201000,4491000,24545800,597600,6691300,1017100,142748100,2442000,20806900,1005200,2122400,1181600,6342800,15227500,14734200,56771400,5791000,63059600,3401500,18307100,8035800,3785200,8758900
2026-01-26,19400400,1049200,9394000,897900,2655900,5039000,16056100,25377200,8646400,11501600,1420900,40122600,21659900,3020100,1648600,29193900,2577600,5680700,3045700,2069300,55969200,6389800,1475600,7040800,13900900,10195600,2975000,10658200,11752700,8004200,1945500,10166100,4763900,6346300,2684900,6421000,7077500,26042100,3116100,29293800,25006400,6462100,4812700,31072700,41441900,1216900,2693100,10399500,2111600,10990600,12599000,5708800,8231500,3648900,39545100,1229800,4455600,19254000,7239600,17489700,858300,4517500,1668000,2374200,6589600,7540200,5024200,10625600,3953100,1247600,32825500,7280100,13188000,6553400,1445700,6981900,982200,1471500,2812600,4839700,7611900,22262200,9903200,6856700,6810400,3811400,4806400,8912600,14516500,4115300,8918300,2218600,1352000,16327400,21100400,30672500,7128300,2131200,149407800,11810400,29291200,1299900,934200,8698100,2458700,22777200,2394300,6680600,1642100,4047300,10012500,12655700,1321700,24700,7828400,1460500,2244900,12464600,20019400,2001300,15464200,30100500,27728400,1377300,7278200,4777200,3955600,31620200,1024600,9169300,1357500,124799600,2283600,19552200,1404100,1711200,1485500,6309400,13047400,39551400,49397400,5356700,60473800,4825700,14017400,13305900,3344100,9971400
2026-01-27,20774600,748100,9044200,1210200,2012500,7353600,14517000,17329700,11298100,18339500,3415600,39840300,17676500,4390300,3552300,36212100,2895800,5803300,2037300,1836600,49648300,5138100,1456500,9219300,10123800,12436200,3101000,8697000,11527400,8354600,1929100,8931300,3934000,8705500,2059400,15000400,7465500,21636200,3269600,41609400,25537600,6453200,4269700,38633700,75575400,1289800,1494600,65836900,2459200,15472300,11742000,4818400,9439300,2530600,38581200,899800,5746200,31070500,9838400,11804200,2113900,3910000,1631800,3131300,7114900,6365800,4427200,12005900,3622100,954000,38029200,6186200,13532200,5747400,1238300,8097200,1028400,1971300,2814700,3850800,4470400,25061300,7907100,8154100,12697500,3101900,3149200,9784900,13962200,4166300,7980200,2185600,1357200,13297400,27093700,25691600,7483000,1916000,121832200,10650700,29213900,866700,645800,10549000,2077900,26542300,1982000,10134500,1788300,2899400,10615400,9546000,1453800,40000,11338000,1710700,2587900,11307900,18849000,3473900,15855800,27344500,26494300,1276800,7276900,8033000,4812900,20123700,1363400,10748800,1204000,143711600,2296500,22968600,1348800,1167200,1389800,5058300,15105000,25181300,37733100,5540000,55506100,4367000,13239200,12306700,5963900,14240700
2026-01-28,24239900,1304500,11182700,994700,1674100,14749800,15637300,24531000,12140100,22380200,1425000,41890400,16263000,4935700,6266100,42725700,1820800,5027700,1820300,2328900,41288000,5538800,2525500,8432300,13517200,19497400,3758900,8568200,9556700,8539000,2281300,9001500,8319500,7485700,5095700,6208700,9046600,27434400,2347800,32934200,23001700,8519200,8732200,45450800,44976700,1482600,1848000,23396900,2261400,8200000,10915000,3918000,10144900,2263800,36791300,2067400,4335000,25183600,8465900,21254100,1617100,5015000,1089100,2959800,5954100,8106000,10589400,15630600,4263800,1264100,40882700,5925700,16303200,5215800,1380100,6165800,1324600,2073000,3072500,5483000,4251300,29799900,7491700,9026500,11426600,2866800,4990500,9200200,14082600,3942800,16888800,2206900,1218500,25709600,35882700,27061200,16090500,2386500,201995100,18458200,36875400,995400,827900,16372000,2474800,44822800,1485300,6826500,2289100,3528300,7317700,7465800,1409300,30100,9530000,1324000,3300200,10311000,14628700,5036800,16212500,25838300,35030200,1369100,6817400,8470000,4463400,22636500,1222400,19603400,2109200,148552700,3746700,16342000,1844300,2113500,2327000,5300400,16395700,18945000,54857400,4159800,61172200,6208100,14633700,10481500,3279700,19222700
2026-01-29,28135500,1146700,7731900,1156900,2335400,9052800,35760600,32023100,13844800,29463800,3090400,77520700,15857300,5662000,3544400,42675700,2034900,8241900,2079700,2462200,67253000,7473400,2645600,11682400,20503700,25581000,3343100,8915300,11580000,9142900,2717200,12062500,9730200,9095500,8236900,4817500,14604300,39785600,3153100,33098100,20447500,8650900,12410400,51975400,44373800,2109900,2174600,13456400,5915400,11202400,15064000,6266300,16332500,4251600,39218800,2621900,7226800,27417900,18555600,55125100,1837900,6107500,1498100,3248400,9062300,10214200,14633500,16801600,4798800,1698200,47229600,4856800,18799300,7834000,2512400,9613500,1133800,2262400,4065400,5488300,5943600,28477100,13572800,9645300,12167300,4298600,8827700,16786600,34618500,7410800,11534700,5257300,1567900,59852900,37254500,31685200,15770500,4217500,124256600,13282200,128855300,945100,925800,14347300,1825000,59846800,3773400,8870800,2860600,3977300,7148000,11035600,3701300,22500,20921200,3931900,2293000,13944900,18693900,2818900,17455900,33989300,35200500,1325300,14466900,7350500,4298400,48277600,1064200,14120000,1448300,171764400,7713700,16381100,2082100,1455300,1766900,6246400,21497000,22225500,81686100,12925300,97486200,7212400,20862100,15085300,3141900,19463500
2026-01-30,24089600,1488000,7738900,1012500,1893700,9224400,29657700,16406600,12028100,23773100,1569100,74039400,22707000,4502700,2682800,51022900,3064500,4660200,2125700,2392400,92443400,7434900,2222200,9416500,28082600,18342600,3649600,6364000,11953200,9577200,2816700,10846100,11651200,8586000,5998800,5299500,9635400,31024000,2522400,31259700,28313000,10617900,11706400,42767000,51599400,2253900,2477200,12022200,3885500,10205300,27881000,7499100,11612500,3505700,37390600,2571400,5479700,27998400,11090400,28053900,1132700,6772500,1190100,2336000,12641300,11199100,7470400,18352900,3810800,1325100,46585000,4483000,18174800,6622200,2483000,6680600,767000,3246900,4260900,4306900,5344800,25697200,19060600,11045500,11863900,7153600,6757700,22946600,22768000,5713000,10839800,2819000,2243500,23744600,27362400,40035700,21695100,5381200,114920100,19691800,58566800,1585100,1317500,10751800,2396300,47271000,2709200,7228400,1927400,6378800,9460200,12651400,2507400,34100,10381600,2099600,3303100,12581400,19706700,2358800,19769400,34008900,34549100,1725500,9169000,9814100,5603000,40774400,953100,9086800,1091900,179489500,3353900,22215400,1590600,1668700,2058300,10734700,18306900,23741900,82626100,7628100,101835100,7236800,26420500,19165700,2756300,18607800
2026-02-02,26817000,1288800,6146400,1189900,1802000,6062800,27735600,16616400,12459100,59741800,1418200,61479900,18337000,4112100,2034300,37771200,2295600,6169000,2708000,2440300,73913400,6827200,1909800,7621100,25155300,16337600,3802900,7719200,9839400,9099100,2191500,6551800,7651800,8683200,3843500,3206100,12288700,32006100,1899900,28695300,17278200,9386900,8483000,48031500,52129500,1486600,2283800,8664200,2880600,9423100,16038000,7788200,11466600,3220400,48414800,1490000,5758300,32847600,7950900,18889100,1190900,5405000,759600,1820500,14660500,8502400,8785300,13299300,5506900,978500,37546100,5107500,26041700,5413000,1894100,10090600,735700,2534000,3867500,4603300,5260600,21558300,18000100,8187500,11005300,3724900,8259500,14235300,27171500,4357000,7493300,2029900,1714800,14365200,47421000,36308100,16019300,2603200,101414600,12921800,42219900,2723000,693000,11421900,2451300,72811100,3087800,6239900,2347500,4124600,6898200,10554900,2881300,25600,8294800,1967800,2757100,14513000,15999700,1766600,17443800,25196700,34624500,1544600,7514000,7409600,4273000,21334600,1180100,11194900,1619400,165794100,2168200,31210100,1148700,1305900,1571400,8019700,13835200,21598100,58739500,4978100,79286500,5398600,19301500,13283700,4044500,27452900
2026-02-03,42513900,1594100,9046900,2140500,2321900,6089200,37577800,27108800,12540000,36550000,3162800,83754100,19000600,4433000,1889600,42763300,2392500,11415400,2406100,4923400,64394700,7751300,2555100,11786400,34077400,30464500,3330100,8202300,12688000,11966400,2912200,10066600,8132200,6980000,6189700,3617000,12610300,36506700,4040000,31950300,36914800,8709700,12467800,66887100,91964900,1437200,2357500,10809100,7569100,9600200,20559000,6663400,16444000,6834500,53722600,1683200,8447300,35525500,20194200,34729600,865800,15850000,1050800,3696100,19096400,9081200,6092000,13500400,4375800,1263800,53831300,5614400,33052500,8158500,5098200,10014800,841200,3186600,5853300,5706700,6229900,25137000,25793600,9346600,21141900,3558900,4563700,18425400,26169000,8324900,7779300,1906600,1386400,13760700,43260100,53097100,15378400,2854600,122205100,15625100,61424100,2268300,768700,10640100,2960700,113169200,3585900,8457300,2816000,3397800,6840200,12424700,5168400,22900,15339600,2300700,5483900,22563900,18849700,2205100,23496500,30609000,41208400,1633600,9346600,10697000,4169300,31102700,942500,15207600,1081500,204019600,2291700,32018700,1015200,1205500,1899200,8764600,18099000,19966100,56886500,9945900,107904600,5320400,27007100,11195900,3584200,141690600
2026-02-04,115558200,2076000,14446100,1485700,3561900,6601100,29426200,23745400,18176000,62547900,2407500,78149900,26237400,8287200,2409500,58074900,2383800,50002200,3289200,3631500,90545700,7571900,2460800,13923100,35878600,45649500,4629800,13313800,9848800,19249300,3420300,11851400,11640200,8378100,11169800,4978100,16627600,70618400,5899600,32054000,43330300,9573700,13915400,59506400,83025800,1817400,2936200,12944100,6971000,12182700,15838000,7824800,21338400,5457100,54008100,1634500,5594900,30994300,23010000,36718100,704200,15347500,1362400,4003500,13322900,8472300,7266400,19608000,13329800,2069100,51299900,5432900,33748100,15319700,5120300,9912000,1923600,5577100,5131600,4448000,7338300,28647500,21954600,8641400,22951600,2958700,4824500,16170500,25775600,8554200,11809800,2155900,1856900,16882800,42323400,107173300,14795800,3241900,128702300,20039900,45012400,2195300,952000,19015100,2631500,113199500,2986400,11411500,2477400,2906400,7440100,12178500,5166600,34400,18932000,2654800,7119400,17506200,26099900,2479400,36835900,35971700,54522500,1364200,10367100,14719400,5679700,31834200,1732000,14542500,1812600,207014100,1663200,27531800,2049400,1357200,1647300,10914500,12382800,32378000,74606900,10470800,105204600,9143000,28607300,10944800,7172000,58018000
2026-02-05,60314000,2542600,7870100,942700,3214300,5641900,18431700,24708200,14812000,56483100,3189500,54235600,22675400,6144600,1836700,38899500,2216000,11739800,3068000,2177600,52977400,9571800,2086500,10774700,25667300,42950900,3546000,9640500,9388000,30229600,3453400,10936700,15513700,9609500,5118800,5866500,29610500,88205800,4007300,36687700,42775800,9894800,13290000,64475000,72650700,1354900,2974700,13035300,5211300,9799400,13017000,12691300,18699300,4057800,80158300,1240400,5625200,31475400,21956300,36178800,634500,9667500,1673000,2476900,11038800,8339000,6112100,10928900,7112900,1351200,103509200,6661900,38772900,10794000,3834100,5655000,1111500,3316200,3303300,4621600,5913400,24962100,24010600,10267500,21421600,3999800,4253900,10474100,60129700,6293600,11187700,1714500,2627300,17131800,42789000,62196400,10663900,4074900,114307800,16389300,66289200,2164100,976500,11726100,2988800,93690800,2882300,5538300,1621500,3489000,9143000,13077700,3584900,24600,24212800,1684400,7742400,19202000,32921100,1790200,40627200,36616000,32959700,2224800,10441000,8514300,4224100,22330400,845300,11044200,1538500,206312900,1954100,30517800,937400,2004000,1215500,9298400,12641300,33123400,72819800,12780500,113610800,5927000,21633500,15327100,4001600,42842800
2026-02-06,49279800,3404900,10152400,1746400,2473200,3284500,17216000,16188800,17025500,54593900,4527200,41669600,20049600,7197300,1888400,37196000,1670900,11018300,2988200,3827000,50453400,9139700,2355500,8876200,14367300,37131900,4227000,8986800,17797400,15036800,3132800,10972100,9441200,7137100,3353100,4613000,19776100,56380500,3840300,38840200,33003400,8181400,20971100,53073800,50691600,975800,4451200,9572800,3645600,8225200,15711000,15226300,11992100,5352800,82353100,995400,9022500,30530100,13652600,34727000,1371000,13297500,1621700,4551500,10960400,7798800,8010800,13848800,7406400,1415300,179210900,3387600,29568600,6067100,2504300,13466800,1267600,33471400,3105600,3779700,5453700,32154200,13083300,8274000,13616200,2732500,2533200,9901800,57771000,5448400,9893000,5263900,1669500,18159300,29962400,54504500,9913300,3301700,115600200,15910000,53515300,2066000,671400,12709700,2358600,62661400,3303600,4350900,1989400,1961200,8509800,10441700,2843300,34400,19772000,1095800,4887100,22581800,25278000,1971000,26273100,37179200,42468000,1930400,6756100,8344400,4412100,20119100,634800,9397500,1492000,231346200,1787600,26593400,971300,1348000,1095800,7918000,13205700,32508100,62677100,9902500,89127600,4496700,18512400,10814900,6306500,34921700
2026-02-09,32251900,2096200,5367100,708200,2322600,3188600,21297300,13581400,14594900,41278100,2651700,38798500,16394400,7638400,1610400,31009600,1365600,6911900,1787900,1845600,44623400,6625900,1761500,7502300,12325200,24629500,2970600,6801400,11477500,11022700,3610600,7260500,9210200,4771600,3629600,4010100,10618500,39640100,2843700,23651800,30091000,5638900,10975700,31699900,49288200,811300,2477400,10371600,3720500,6528800,16392000,9897000,9472200,4915200,67741600,1032600,4825700,21173900,12112000,23127400,2042600,16940000,1794700,3053200,10316200,8513400,5576600,9976700,5097000,2357500,91178400,3039600,21853900,6767700,2044700,7613200,961100,4303800,2809400,4110300,4422900,18801700,16158700,9378500,11823000,2626900,3372200,12021300,34291600,6576300,13416800,2650900,1409300,14837500,49936500,38810800,8044900,2219700,94841400,11587300,45480500,1071300,586800,8376100,1861700,58042500,3275200,4615200,1465700,2537600,7431200,11439900,2723900,19200,11303600,1589800,3423800,13775400,18191300,1125100,14183600,24971400,31968400,1026000,6337800,7458900,4288500,14752000,693900,9246700,1150700,196387400,1972000,27197300,950000,1079100,807400,5016800,20544800,16620800,54484300,20917700,73885200,3616600,23415600,7439100,4182000,26034300
2026-02-10,24777500,1836100,6080900,1649900,3324900,3172000,15800300,14102500,14622100,41823800,2409200,32146000,13195600,6707800,2178600,35433800,1824300,8133600,1689700,2476200,34376900,12854500,1655600,7784200,18381400,22564300,2013000,6138100,9902200,9762900,2567800,10990000,5830200,4695300,4891500,2999400,8835200,39170000,3526400,18640900,19542700,10547700,9920700,57920800,43760600,920100,2485400,7284700,5184000,7213700,8432000,7859100,8820200,5512700,45953200,915400,4794100,34683600,13393000,21869600,1368900,14335000,2127500,3262200,10352500,5801800,5730400,7909500,9074400,4006200,67175000,4417300,20908100,6044500,1948900,6635000,846000,2274500,1795300,2222700,5783600,16379100,11849500,6723300,11103400,2062500,5404100,7458200,23002100,5718600,7107700,2459500,1312900,10455800,40092200,25326700,9560700,3506900,99832900,10353700,44857900,1023900,792600,8060300,1781500,56061300,1733800,5501500,1348700,1923700,10774600,9910100,2812600,19000,12485600,1211600,3539400,10561400,14746500,1200600,11126700,23728000,48304700,1228400,5255300,6785800,6608700,11647400,956100,5101000,1018500,136764800,1945800,24662000,881400,1476700,694200,6194100,20148400,13807900,64450200,30141600,65185700,3481800,28848200,6718900,4603800,22787700
2026-02-11,24547200,996900,10970500,1134000,2654300,2827000,23091500,22951700,18651300,68727600,2670100,57349700,17563100,19793500,1925500,48475000,1647200,8035100,1551100,2169400,51931300,7777800,1451500,5828600,24891300,18905700,2990100,6942400,8703500,9379300,2392600,8756900,6988000,6163400,4595000,3590600,13923800,45406400,2826000,27294900,17004700,13760200,10214100,60339900,41699300,1143700,2032700,6333100,6089000,7305000,10928000,7987300,12551900,5842400,49265200,856000,5046400,25614800,16350200,26076000,1187100,16720000,1845900,4178900,6733400,8264300,6820600,9555800,4279300,2492000,65545500,4873700,25588300,8072400,2246700,9527800,598700,3525900,3826600,3691000,7290600,27032000,10885300,6803900,11738400,1799400,5338700,10502100,25837800,8759900,8819700,1211700,1337300,14323800,24538900,33384700,9362700,3437100,107681200,13701600,42491000,1570500,1123600,8984500,1769400,52796100,2512300,6784100,2104500,2596400,11434000,10217300,2357600,24700,9883600,1024600,2599900,11636700,17062500,1139300,24045200,32726600,48973500,963300,8984700,7160900,5980300,15495800,865000,9132600,1594000,144192700,2739600,19232100,3218100,1503500,1952500,5431200,15461700,16057000,57362000,43667300,76353900,3330600,22649700,6654700,3862100,21538900
2026-02-12,25527900,1657300,5560000,1279100,3188700,6436900,30652500,24008600,16835400,57569300,2499300,67427800,18313700,12438800,2240600,45639100,1799900,8674200,3334700,2511600,81077200,14436700,2305600,13130500,30108100,32154700,2276600,16322100,13443400,12416600,3757600,11457800,8124600,9520000,8056600,2945900,19986100,47761300,2374500,23670500,22007300,17848900,16374300,94645100,58805100,1490500,3218000,12336900,4334000,9181600,10491000,7805800,18157000,10090700,38590500,1182400,7397800,45623300,16849100,27213100,919300,17067500,1818900,4461900,9516300,9392600,10904400,10662100,7493800,1873500,83975400,6978600,35282800,8712000,2931300,9989100,656600,2871500,4603600,3466200,13100400,35991900,13453300,10254300,19409100,3761500,8306900,9673700,20960700,8657000,8119600,1648700,1532600,14960100,23285400,32181000,16651700,4141900,88321200,30244200,40802400,1967600,814300,7938500,2970400,74090600,2616000,6738600,2383400,2338400,9891000,13512900,4186000,30900,13990800,1745600,3592200,13643800,21918600,1518100,19051500,35116500,55481600,1550300,12517700,9764400,7095000,23459900,887400,8474700,1184000,189932500,2026900,33382700,2725200,2049600,2063500,11756600,16858200,18115200,61933400,19646500,118829000,3956800,26043500,9289000,4893400,28004800
2026-02-13,21660700,1352800,8370000,1237400,2623000,3856100,20166000,19520600,10468200,43506900,2434100,48392100,14737900,6785200,1518700,33807600,2453800,4748900,4084800,2571600,56290700,9162400,2162200,8908500,19918900,26637100,1769100,21823000,9114500,13134400,4412900,16045600,7423000,9120300,3945100,2630100,32410100,38499700,2414200,23824100,18397200,10767600,10836200,56449300,36986700,1029400,1902900,10281900,4888300,10402800,10122000,8091300,13617900,11008600,50848000,3299300,4749000,42451800,14822900,22771200,1069400,15562500,2918300,2635100,9286100,11653900,6447400,9905400,5967900,1590900,66321600,5245500,25649700,8252200,1738900,7381300,833200,3088200,2253500,4017700,9114300,23714100,10102300,13268500,16647900,2672900,4863900,9034700,24573900,6589700,5951000,2629500,2465700,12336400,18597000,26123900,9901700,3814400,69740400,12963300,34091600,1063800,974700,6085800,2661600,49438100,2289500,4939000,2159900,1369200,6861900,13998900,2855600,39500,14146800,1490800,2698700,7615400,19809700,1248900,16161000,28503300,31772100,1330200,6836400,15706000,5569400,14370600,676200,5011900,686900,161888000,2393000,24131200,1572000,1834200,1533600,10480400,12425000,21567100,51434100,12577000,96267500,5975200,16711900,7623400,5450300,25092400
2026-02-17,20377400,986500,5444800,2140000,2008500,2839300,19766600,24436100,10063800,31818500,2038100,50499600,12059200,6449600,1874000,28549500,1391500,6112500,1943000,1830100,58469100,6376900,1336000,6222500,20404700,25743800,2405800,8724200,8896800,10670700,2249500,6803600,6451700,11703400,2924500,2381500,16770600,39247600,2255400,25351500,23469700,9757700,9623000,54064700,32119900,1284100,3040300,6091700,5481300,9455400,6231000,6061100,13810800,6695400,41177900,1601600,3513700,32424000,13692900,27343000,1115200,12257500,1721400,2258000,8749800,8591700,5775900,7368500,4655500,2160000,69879200,3514100,29819300,7336400,2516900,6936100,532400,2182200,2094500,3178000,9286400,26562600,9899800,12703000,14881100,2233000,5219100,9849000,18881000,5208300,6133500,2160200,1688100,12674700,19610800,33712100,5524200,3186000,65802200,9366200,32078800,2204000,747100,6074400,1732200,48407100,2870400,6057800,1848200,2697000,5884800,13319100,5580200,30600,17712400,1169600,2984600,10568500,17213300,1097200,17316000,29060100,35542400,665800,7619400,8791300,4252700,12238400,614500,5454800,1378300,162276900,2282400,37995900,1095900,1239700,1699800,5303700,12361900,13735200,59678800,16586500,81354700,3724300,16260200,8196400,5259200,20342500
2026-02-18,16814700,1049000,7899200,2585600,1864900,2865600,19849700,16436400,7310500,25655400,2542100,59196100,19118400,5350700,2493500,32306600,928300,4736800,1473000,1414500,34203300,6343300,1188700,3780100,11992700,13705800,3657600,9955700,7209600,9944500,2451000,4506600,5277700,7654900,2419600,2517400,13792200,28482100,2731900,21493800,13565300,10995700,9719500,45224000,24779800,1042100,2617200,6632000,4526900,9064800,6510000,5853300,10623800,4518500,31304600,1896200,8204000,32841500,9852900,18138700,725900,16902500,1662600,2808900,7239800,7091900,5442900,10095400,3622700,1917000,51003300,4394100,20422200,5495100,2147600,7742200,511100,2223800,2740000,3575900,9786800,19348800,7803400,8129700,11886300,2827500,5583200,10313400,17307700,5033200,8742800,2557300,1233200,14649200,14801100,35664100,12173000,1900600,65306100,10338500,23223400,2534000,675900,5217000,1926800,59677100,2773000,6395700,1747600,1885900,5190900,14434300,3947300,22500,11010800,1350300,3236900,8408200,26762800,1334400,38592800,28856700,30698900,984000,9456200,8784300,4111700,17244800,1194600,6667800,1067200,164749100,1726900,36485000,833300,1263200,1232200,5783400,8250900,13374800,45921400,26756800,73570300,2693800,16304900,7851500,3794400,17925500
2026-02-19,42320100,993200,5401400,1227600,1974200,3518300,20305000,14326700,6346500,20780400,3337100,62513500,14693400,3929800,1940700,21651300,1987100,4829100,1883600,3079800,30845300,7259500,1627800,5254800,18340200,13484000,5176800,5260600,6737700,8219400,3072600,6582500,5747600,4311500,2908100,2042200,8001700,25834400,2427000,19676400,15180900,6655300,9482400,47344400,40316800,964400,1892200,4931800,2961700,8483500,6257000,4584100,13431100,6228900,36294000,1140500,5147900,24172500,9565100,13224700,697400,22657500,1165700,2223800,6155800,5967600,4885100,6384200,3154700,1734500,35669600,5045600,18447200,5410800,1605700,8628200,552300,2389500,2277400,3009400,16064500,19686400,8933300,7553900,11226900,1680100,5672300,10773300,15457200,3616200,6621100,2654600,984200,10035700,14976300,25842300,10399800,2786500,72724900,8590800,28234000,1380100,504800,5446600,1750000,42197200,2202600,6128400,1404000,1789000,7357700,10724600,2677000,24300,8001600,1370300,2145800,6512200,17510400,1135200,20317900,28121900,47148600,1486000,8851700,6640100,5483600,13357900,1008400,5002200,1299700,126554500,1765800,42993300,673000,1180300,918400,7042300,10427300,13722100,51019600,13545800,58649400,2938300,14924700,7854500,2550000,24646900
2026-02-20,26058900,799200,9558900,1207900,2009100,2962600,25908600,12717500,9009200,30283900,3268400,50833500,18253500,3879200,1277400,29894900,2073300,5731300,2269900,2380700,42070500,4272600,1652900,8653500,17810500,14942400,4631600,8309000,7792700,10265100,3202400,8758700,8195700,4342000,3065000,2522800,13692200,53210800,2911700,26616400,17658900,7468400,16652900,52934100,44786900,1045400,2114100,6974100,4122800,7175600,6841000,6703800,13104100,6475500,37531000,1851000,4191400,22623200,10816200,15700300,743400,20137500,1006600,1646500,4811800,6831100,15171900,8601200,3879800,2276700,65881600,3732400,17909400,6830300,1697100,7665200,824000,2527700,2600300,2838500,10713300,25553500,9442500,13565800,13368500,2389900,6052400,9566200,17625400,6590800,7211100,2804300,1297500,14183500,29621900,36317300,10510500,2738900,90743600,10209500,34015200,2055700,615100,7083100,1662200,53726800,6074100,10300800,1243800,2040900,6986900,11508100,2534100,22700,33443200,1447700,3249400,8795300,20495600,1102500,18917500,28409300,33552000,1534200,6822800,8178700,5039300,14680000,744100,5457500,1116700,178422300,1641800,35151000,764900,1170300,894600,7763500,14255000,15804300,57912200,25857800,100034000,4784600,17175100,12525400,3134000,23174000
2026-02-23,21437200,878900,6199400,915000,2535900,2402300,16073100,11727900,9550200,30422700,5737100,44013500,13795700,4026100,1168300,25426600,2135600,4425000,1458400,2378600,37308200,7795500,1664400,7434600,17353800,22021900,3365100,9706800,12955400,8260100,2159200,6751000,8839300,6575600,4729900,2335400,12685500,31423000,2951400,18540200,16472400,8647500,14604800,94600400,34166100,1099700,1971800,7247500,5495900,8433600,8499000,8323500,10566600,6016500,33052500,1370400,5814200,33130900,15498600,24200000,758800,19445000,1241000,1650900,6801600,13048000,6785200,9488000,4133200,1730000,53581500,8882900,22070900,5463200,1974900,8154600,989000,2197400,2920800,6312300,6950600,29562400,9661100,9622700,17053500,2688100,3854100,7047200,18858900,7602400,8219600,1670300,1280700,8605900,31749800,28187900,8617300,7092600,57130900,12971200,43238300,1123200,510500,6173600,1489300,52512200,4773800,4557300,1312500,1906700,5994400,14772400,3343600,29900,60305200,1196100,4767600,11622600,14920900,1284200,14500900,21337300,50602500,1446900,4871900,6077400,4891100,15631300,567200,7877400,733500,171584800,2716500,25662800,728700,983700,858900,6962300,20607000,14580100,69680000,20861500,90558100,2771300,17157700,9372000,3223200,75619500
2026-02-24,17982600,716000,7923000,877900,1971500,3119300,14185500,12787500,13269500,23571800,4687100,42921700,12858300,5458200,1447000,33389200,1696700,5973400,1668300,1316600,47014600,7413800,1759700,5391400,13452200,13030600,6008700,8120000,13554100,11085700,2761700,6655200,6109200,3897400,4209200,2845500,10442900,25615600,2454700,19842700,23614400,10590000,11320500,64114100,34686100,810800,2333300,9684500,6576000,11597600,6669000,10049400,9756500,4696000,37255100,1226400,5764900,29503300,15564700,18461700,652200,20127500,1331400,2232700,6319800,9120200,6342600,9087100,4375300,1388000,41137200,6712600,20364000,4880800,2185400,9027600,1404200,2270200,2387200,5292900,5087100,24592200,8460300,7246300,12887100,1824100,6264000,7451800,15352700,5529100,7967500,3336900,1690100,10135600,21336600,81367000,8679700,7925900,98872300,7553600,33884700,917900,628700,6698000,1671100,47121400,3955900,10157300,1112200,1589900,8333600,9709500,3039600,26500,28554800,1361500,2803100,8396200,17052100,1538900,15892600,24675800,53062700,3608000,5152200,5711800,4231900,20299300,735000,9494300,731500,175123600,2983400,20161200,713800,3748200,682100,4937700,18817700,15049400,58579500,23692200,73798700,3468100,16448500,9641800,4652100,58557200
2026-02-25,32402900,942700,6270400,1166100,1763600,3385600,15225700,11308900,10948400,32366200,3414400,36207500,11793700,6580300,1604100,27296300,1443500,5972500,1817900,2700400,33714300,7098500,1532300,4549200,12379300,13296000,2349900,7611600,8095500,7358300,3483400,5813400,6197700,4137100,8229500,2284800,23793900,29963600,2459500,25594900,20182300,8744800,8776100,47652800,32680300,1770400,1684500,11380600,5299400,9025500,8762000,5527400,11757700,7253300,57452200,1920200,3770100,22356600,21875100,15493100,600900,18732500,820900,3142800,6832700,7624200,4780100,9835400,4810200,2465500,41346400,6787000,15215600,5410900,2915300,4899500,1100900,2348300,2300100,4139100,5352900,22497000,11082500,7698200,11011500,2155200,7378300,9440700,24152100,5108600,26139200,9798300,1223100,11330700,27303900,44588100,10801200,3843800,75645300,7512800,43625500,843600,750900,6044300,1554600,53078300,4326600,6891800,2631100,1437400,6209100,7878500,2947600,25700,22791600,1664400,2481900,10524700,17540100,1306900,44549900,31507200,41375000,1613600,6907000,9745000,3853900,16182000,1634900,6997300,736200,250637100,1946200,17345700,646300,2122900,1281900,8220000,16620700,26860100,54809700,11157900,56369500,3431500,18086900,7785600,4999700,42794100
2026-02-26,28496100,988000,14940600,835000,2220300,3077500,15632100,12141300,14535700,22685800,6407900,47033500,18411600,8566400,2906800,35433500,1372800,5023700,5280400,1667500,32345100,6901600,1222800,9675500,15645100,19364900,2605000,6360700,7007800,8642100,1945600,10256400,6649500,4674300,4781000,4901600,12746600,36431200,2589400,43719200,33025300,8774100,9560900,60884300,30508300,1553000,3782300,10210000,9787200,20015700,11840000,5872000,13764500,7279600,51112000,1524400,5466300,30578600,26680500,26565100,515800,18872500,1305300,1734000,7219300,8725500,5164200,10700300,7746200,1471700,47756800,4758600,15925900,5331300,3916800,7271100,1097800,2612900,2231100,4843600,5711700,27785400,10327300,7172600,15344400,1612500,5120000,7133800,18110800,6208100,14721500,4995600,3663300,10637700,20652200,35020500,10841400,3215500,71457500,9312300,34405900,835900,772700,8025900,1804400,45100000,4405200,5762000,1256100,1727600,7987200,7028600,3286200,21400,24799200,1269200,2666400,12326500,12662600,2177900,16935000,53658800,52418500,2131900,7205800,7717100,3737800,17726800,588000,6041500,714000,360807900,2450100,18638300,670900,3041900,1005800,14418100,18768400,70334600,53602500,12124900,71671000,3628700,12843200,7237100,3960900,48091800
2026-02-27,27204800,1402100,56462000,1315500,5552300,3605500,30275100,16691400,9186600,23485300,11093300,59071500,25729800,6967900,2341600,28653900,2367000,6853200,1702200,2408900,72366500,12400400,1936000,7858600,12122700,15328600,13317900,9043300,18620800,12439900,3239500,9780300,7131100,5295100,2380100,3245400,11427900,44640600,3441000,27470100,28004200,10826300,9636200,81998700,41879700,1963500,4008500,9723300,8184700,25138500,11069000,7548200,9692600,6498500,102354900,2034000,9630500,39759600,16346500,19085200,797800,23010000,1782900,3264500,10585200,12412900,5920900,12988900,5494900,1664600,57422800,9048700,17314200,8018100,4647600,12371500,800500,3083000,2169000,5121100,8010100,24940700,17636400,16428600,14250100,2510600,6899700,12035500,14027700,5098200,9727500,3775800,1690600,15703000,36425200,31312400,9899000,9817300,79327200,24037700,51367200,774900,726400,8187100,3935000,59412400,4694800,8982500,2184900,1772500,11195500,14878500,3535000,24000,20503200,2599900,4325900,20253800,15497700,1358300,14612400,26199900,77728700,1946800,9009900,9041400,4691400,19425700,896400,8275100,890600,311636500,2986500,29205500,625300,1675000,1201700,33475600,29145000,28768400,56890100,9430600,83308900,2115900,28483500,15016600,3439500,23641200
2026-03-02,28730000,691600,20735800,1081500,2873200,4224400,31493100,20431300,12571600,26904700,4407800,135633300,18845500,5382300,1344700,30049200,1602100,6116600,1886500,2242400,41827900,9212600,1690900,9507900,19444500,20156700,18913800,6875000,8508900,8963900,3071800,9428300,10466500,6959600,3439900,14441900,12306800,34790200,2837900,18583400,20567200,13308300,18205600,70107200,41321700,2965100,2200700,8141400,5673400,10147800,7591000,5247300,21918000,4819800,70189900,1816600,8715600,33087300,9932700,14780500,1011100,13575000,1034500,2397400,7264000,6674900,4901100,10294000,5138100,2038800,46001000,6651300,27606700,7438800,4066800,11728000,1253100,2527500,1828400,3827000,5156000,25880100,11564500,9042400,18641400,2500700,9087200,15809100,25456100,3486900,10087600,2343000,1332800,9816100,22418800,34120200,7408700,6280000,60705100,13561800,35474900,785100,793100,7190600,1986900,72683900,3467700,12485300,1223200,2640000,7182900,9095500,2801500,24100,15086000,3246500,3094300,15228500,19694000,1492400,14003600,19302300,40595200,1043100,19667900,5802100,5034200,15851100,1474400,6811300,13461900,209095300,4018200,17091500,703700,3329700,1508300,12554200,21834300,16563500,55088300,8281300,87477200,4348700,18137200,10675800,3539400,17355300
2026-03-03,26566000,1049900,17303400,1235200,3782100,5712500,25198900,22659800,18580200,26929200,3123900,154770800,17405200,6866600,1363600,39010900,1515800,3581900,3442900,2143000,38568900,7495500,1711100,16010100,27307900,34153000,8315500,6119700,10278200,10372400,3815300,18476800,13693000,9438300,5609800,8311500,12828800,35497000,2710400,20868200,20826200,12288100,20773100,94738700,41486100,1495900,1435900,7051100,5902600,11307700,12669000,7475200,20481300,4059300,51493600,1217200,9989900,60946600,13208900,17606100,571900,10957500,1056000,2763900,6718100,5474300,9584400,12442300,6653900,2231100,43184900,6443300,36852400,6595700,2644900,11508500,1094000,3014100,2864200,4199700,4631500,23757500,9334100,6178700,21432600,3603500,8149200,14004200,19405900,6206600,11864900,1694000,1470500,12263800,20120800,37785700,9983000,5673100,83971000,21783400,38199200,810700,637200,5983500,1947100,67460200,4096500,9661300,1407100,3358000,6741600,10161000,1994800,19000,30852800,2142100,2846000,15826400,24626100,2012500,12569200,29009900,51242900,1574400,17354700,7982000,3579600,25564300,1304800,7496500,5466200,178099400,3642900,16480400,794300,2886300,1850300,15258200,19018600,19852600,62617300,10319500,105003100,5520600,20549300,14031200,4260300,22406400
2026-03-04,31472400,952900,15411600,1002200,2081700,3774200,16764800,19906700,12131100,38493800,1996000,70732700,17073000,4298500,2224100,32644900,1061400,3269000,2565200,2073200,39803100,5307800,1277700,17397100,17141500,15201400,3335600,6897700,8055700,9309800,2907000,14293900,8139800,5160700,5198300,5896500,27200300,29536200,2028300,19013100,34895800,7850700,11496700,51472400,30893500,967800,1307700,7796000,4242200,9384300,7982000,6280700,13604000,4252500,61220700,1175200,6642700,24020800,11583700,17432000,590900,10470000,996200,1990300,6855400,5257900,4414300,8614400,4677700,1360200,54731100,4650900,22736400,5380800,2482300,9415200,677800,2708600,1793000,3154700,5947200,18067300,6700900,5768000,12745700,1948000,5114700,11054400,37382600,4329200,7194200,1882100,1174000,10810100,17585400,40912600,9724800,4055200,96628100,20805400,35808000,1056300,641400,6169000,1806600,60062200,6862400,6140300,1270700,1989000,6925100,8752700,2829500,18600,33410000,1650900,1965500,14677500,21174700,1486700,16256000,27203800,34208500,2117500,10160600,5980400,3702400,17438500,1205100,5451500,1760700,177731200,2075900,16434100,585400,2232200,1263000,8505500,18061200,47410200,68305500,9541900,79182200,2855100,21011800,7851800,2342500,14612800
2026-03-05,26932500,893300,11575900,925700,3093700,3394900,22969300,20285000,16249800,39868300,2918700,85177800,14528800,5291500,2084900,29960100,1775800,5788800,2513100,2651100,49658600,7274900,1802200,27910900,19897300,19422500,4592800,8384600,12732500,8981000,3784900,18612900,8776300,4594800,5147400,4292400,15036600,35752300,2868400,33151100,57076600,9182400,14880400,58430700,38908600,1134500,1317600,5397900,7369500,12086800,10777000,5544100,21308200,5521000,49553100,1722200,12720400,29794500,15860900,26568000,592600,20312500,1109800,2315000,7133700,8267200,3937700,10241000,4946400,1471500,60943400,3905000,33738500,9423100,2515900,20671100,1273800,7847000,3219700,3879300,6217400,19816800,14516000,9375400,20476400,5378100,6537700,13567200,21286000,5822300,8081800,1898500,1541100,13341400,24094800,36000700,6296300,4601800,78229400,15788500,39001300,1171700,657500,9806800,2766000,50714500,8969600,6935600,1151500,2053900,6939900,10060300,3707300,23600,23784800,1720100,3769900,42620200,21039000,1804500,14054500,41786500,39073900,1830600,9875700,5899700,4860500,23068000,918800,8051800,2357500,198779700,3091500,28604900,771000,2090800,1438800,7027600,20939200,21173500,51925900,9220500,106606500,3892200,23165700,10883900,3129200,18317700
2026-03-06,21134600,772800,12264100,996400,2473000,2415600,21136400,13470400,13803000,28734400,2534900,68219000,22272800,8772600,1341300,34458800,1479800,5982800,2604800,2953700,41120000,8046000,1827100,22895300,23170700,19677200,5385600,6282000,13496500,9197000,2195600,10957000,10809500,8953000,2937500,3322900,11504900,25576900,2443000,27228600,39152200,11703200,16348500,75632700,53181800,1692500,1477700,6816900,5508900,9745100,11179000,5658000,22680300,4600300,36530700,1479800,10570100,25001700,9657400,25972300,455300,9555000,1171700,2486500,5937900,6439700,4795500,13597800,5625400,2064500,51152700,5685200,25859700,6139600,2165300,23029000,728800,3924200,3795100,2872900,5963900,25180300,12809300,7179800,18174000,2178900,6926000,13073100,19538800,4802300,11537500,1801400,1167900,13159400,38000600,33913800,6352700,5500100,74698300,13624900,31123900,842500,561900,8836900,2708900,74980900,4563500,8790400,1383300,2002200,4921200,8187900,2605800,27300,18416800,1895100,2627800,90071100,20747700,1900100,12183800,26839400,47016000,2269700,11554600,8655200,5041000,25912800,772900,7220500,2122800,189021900,3936700,21553000,964400,1608300,1161800,7100400,16798900,18481800,64054600,7202500,100687000,4112200,15516000,8350700,3432400,15900100
2026-03-09,27705300,651600,11746000,1334800,3258200,2929900,25532700,21100800,19182800,25186600,2421800,88747400,18434200,20427900,2170200,35547200,1430600,6468500,2543400,3193900,38218500,7480800,2189600,12764700,22461900,22760900,5256000,6715200,12241100,12304600,2279400,10072400,10548900,6349500,4330900,4025700,12064600,29312100,2719900,26090500,40605800,10771000,16278500,78178700,42789500,2254900,1592700,10348800,3985900,9563600,11207000,6446500,19492500,3920500,42397700,1791200,18431400,27759000,10754800,20324700,915800,12960000,1179900,2775200,6416000,8381500,6374600,13421000,4109000,1993500,54642900,8730300,20729100,7915800,2603500,28401600,1027900,3070300,3409100,3546600,5191900,19611000,8321600,7844000,18675700,2098200,7598100,15987500,20433000,4728400,9304000,1955800,1261700,13489700,31173500,38877200,10377400,4695000,82937400,10640100,30131900,1240700,697100,8297500,2348200,47574200,2827700,8626400,2197400,2922700,5210400,12494900,2493900,25700,15401600,2369700,2802200,38873500,17254400,1808900,12799000,26103300,62752800,4948200,13694700,9504100,7057200,26344800,910400,7597500,2089700,177213600,5464200,19375900,677600,1243600,1444600,7400600,24959500,16385600,67018900,9194300,102667700,3306800,18554100,9829600,2736900,18908300
2026-03-10,19233100,687500,13614300,1087000,1871900,3487000,19617600,18112700,12985600,22663600,3082100,88817900,18248800,11306800,2858900,33745400,1327600,5382100,3531400,2821000,30590800,4314600,1418600,11580200,19215000,24338500,3299800,5435800,8344900,10447300,2505600,15264300,12013500,6140900,3810000,2828100,10846100,23239700,2284500,21613900,29531700,10506900,11784400,70834200,42814600,1285400,1434500,6075600,5013200,7485900,8912000,5829400,16791100,3631400,42957000,1167900,15634100,24935900,14467400,21872600,528300,9612500,3363800,2337300,5341300,5271300,7767100,10699700,4148000,1148900,35678800,5493800,18864900,6466800,1747800,24287100,816600,3020900,3646400,2759800,4194000,17362000,9739300,7214100,17247500,1959900,6669600,11999600,18325000,4591600,8874900,1954600,9434600,9859300,51544600,29139200,9668000,3488800,85233300,11452400,31706400,852000,473300,6064600,1613400,47501400,3168000,4140600,2526300,1682300,5098500,7756800,2084200,30000,13267200,1653000,1663700,26499500,15746600,1650900,10074000,23912100,50271100,4401700,13917900,6121100,8176600,16982400,642000,5929200,2507200,179118500,2888500,18793600,817700,1341100,973200,7518700,18481700,22204000,59258700,6847000,81505300,5357000,17243900,8030000,2316600,17575900
2026-03-11,22009200,864300,12583700,1165500,2227000,1970100,15297400,18385000,10683300,22677200,2514200,48743700,18140600,7103200,1630700,30191400,1425600,3518700,1904300,3495200,26218900,5463200,1530800,8803900,12570900,14009200,1946900,4165100,10205000,7830500,2007400,6685100,6213400,4759600,3271600,3064700,9531700,24125700,2299200,18330000,20104100,7164700,10959300,56301200,40560100,1107000,2019000,6878800,2863500,9734300,8164000,5437700,14287600,2171600,38141200,950200,7929100,20026100,9580000,14594900,478800,6420000,2062300,2216400,4359700,6376700,4475300,7160500,6074600,989900,34199300,5054800,18432200,5299200,1611300,13719700,811400,2058400,2807300,2873200,5344100,18461600,6760700,6933200,12503800,1773500,5435200,11371700,15637600,4862400,14339700,1419400,6326400,8977200,83247500,23076400,5672200,3512200,72480600,10197400,25512100,787500,405200,6280500,1260500,33955900,3193100,4416200,1953400,2016100,5551400,8855100,2099200,34300,11622000,1364000,1446900,18446200,15230500,1164700,14397900,23368600,42185800,1971000,9522800,4517200,4249500,17754700,622200,4995200,5230300,145280400,1748500,18176500,641800,1393800,991800,5405700,17497300,29303700,62559900,5480900,68441700,3474300,11546800,8634700,4343200,13794100
2026-03-12,16569400,851400,10239000,1332000,3533000,2058300,26054000,25983100,17549400,22668300,2298100,69358700,17683000,7465400,1656600,31720900,1275100,3702700,1959700,6423800,40794000,11195700,1549500,10072300,19572900,32372800,3941100,5494200,13760500,9162800,2908500,7591800,7816900,6592600,3921700,3283000,7967100,24928300,1990500,23983200,21982700,6487100,12088200,67871700,38542800,1547500,1718000,10512300,3543800,8730000,12596000,5220900,15925600,4474200,37631600,2780800,9756800,27419900,26309700,18372100,461200,6462500,1607700,3089300,6165600,7514900,6350800,9932900,4053200,1608600,44349500,6339600,17861800,7607000,1492900,15013600,1198500,2641100,2429200,2702500,8656800,15996100,8349200,7710200,15670500,1637900,5809600,27151800,15229400,10895000,7715500,1536500,3290000,11617500,37133700,28886900,5426400,3602400,85110200,9899800,27263900,1017100,630400,7154200,1669200,54409800,2968400,6400900,2015500,2208600,7006700,8489300,2493100,33000,9440000,1411200,2340100,16854400,16202900,1780200,18345400,24804300,58354500,1518000,12766400,5978200,5842300,17564000,753200,8156800,2883200,155762700,2642300,21751600,1151500,2684600,1227500,7340900,24794100,22093100,60973800,7961500,108882200,4007700,16842200,8777400,2750500,15293100
2026-03-13,18279100,1092300,8567300,2028200,2567400,2913500,22414100,16897300,17299900,33417500,2106100,43374600,16039800,6981200,1942300,39261000,1002800,4072100,2983300,4498200,36930000,6001900,1451100,9203400,17240300,15701800,2754000,5364800,9091200,7786700,2648800,6438400,11622700,5082300,3347400,2853900,12137100,23693100,1500300,20995900,34725000,7916200,11708600,47595200,34270800,1135600,1769700,4737600,2340000,7504400,12718000,3963600,15836200,3000900,73339000,1403100,5984200,31521000,14834700,14846400,399700,5725000,1097500,2885500,4676800,4814100,4742900,8906500,3679600,1082200,35662100,5865100,13103600,5676100,1487700,12554000,1375700,2425800,3581800,2809300,6966900,15198800,7111000,6415300,15129300,2879500,4135000,13017000,23685400,17406400,8473700,1173100,1972800,18957600,26350400,27561900,8201200,2645800,68386200,8347600,26848000,770300,438100,5841000,1469700,42460600,2209400,4806800,1459700,2656500,4375500,7298900,1838400,28300,8908400,1071300,1984400,14108100,19874700,1179000,14409900,26888600,45473100,1218600,10884500,5332200,4710200,21443200,481900,3688400,1379000,160988400,2248400,15194100,907600,1664400,985400,6441100,15496900,15353600,58504100,6258600,97200200,6618900,11974500,10458900,1988600,13962500
2026-03-16,28824000,995900,8374000,1671100,2082700,3120200,22835600,12648500,11123500,22783400,2032300,39474300,16946700,7386700,1488500,43067600,1080500,4249100,2788800,3099800,32074200,5498100,1192600,13710100,15641100,16626400,2424500,7884200,8149000,10132900,2217600,9972300,7299700,3985600,6375100,3707800,13054000,23519700,2099100,25472600,31363100,9002800,9307600,45720100,28551500,1382800,1944200,4854000,3051500,8466100,9557000,5725100,11091300,3049300,47904200,1225100,7148500,19775400,13419600,12289400,478400,5045000,1496800,1924600,4498700,6401200,4603100,9533100,2775200,1419900,42209300,5196400,12882500,3991800,1262000,14465500,1429300,3759700,3493900,3450300,4471600,19342300,8785300,7571500,10896600,2510900,3926000,12683900,22933200,11679200,7634100,1052400,2258100,15134900,21607700,30285200,8565000,3604200,114199400,8143300,27733700,707100,396200,6306400,1243400,32898900,2759100,4795600,2106400,2507700,3697200,6944000,1516900,21900,14665600,1181000,2289900,15875500,18671400,1310400,10458300,28842600,38055600,1212300,7556800,4427000,4974000,17824100,604600,4754900,1483400,217307400,2442500,20463200,523600,1474600,1185600,7923400,17836300,19347200,58068300,5985100,82023100,3507200,11761200,9884400,2208300,14460200
2026-03-17,20833600,810200,7913200,750700,1955600,3469200,21592200,14766200,11434600,20210200,2314400,40137700,29734900,5121300,1529200,43017900,918300,4528400,1431600,2812600,32361600,6528600,1497900,6777600,12770300,12034600,3273700,5959000,8961200,10544300,2471000,10005700,8391100,3050500,6680400,2228300,11948000,21955200,2334300,17508600,38026500,5654600,6767000,46974000,60097500,1353300,1430300,5752000,2532900,5496600,8535000,3938200,12772600,2812000,35673200,1019300,10430400,18502300,11559300,13368500,471400,8277500,1512900,2394100,5460200,6872200,5050600,10043700,2065300,1054200,44969900,4317800,12224900,4405700,1068500,24657100,915400,3264000,1942300,2834300,3704200,22279300,7952200,7281800,11938600,1545100,4224000,14018600,18448500,6456200,9569300,1358400,1874100,10348800,23929500,22779700,14247500,3616000,89061600,13878500,26228300,936000,437000,19128900,1210400,37118500,2002700,3990800,1285500,2511100,3887800,6147700,1339400,19200,11726000,1388800,5637500,11622600,14784800,1135600,10603900,21122600,33427800,904900,7953100,4833900,3948800,10610300,764400,3385200,1721200,182497800,2000600,19895000,526800,1336700,1017500,6675800,18173400,19488400,46890500,5520400,87128000,2562600,14900100,7073800,2007400,21819800
2026-03-18,24360500,846200,7270400,1167800,1541300,3830800,18947100,13277000,12632600,21937600,1517700,42908000,33919300,6673800,1738000,58973700,1149900,4215200,2774500,2936000,35757900,9140900,2092300,6809800,16432400,12634500,2846900,5264100,10057000,9894300,2200800,17158600,7022000,4557500,4549300,2698400,12602200,20009800,2895100,21200900,25460600,6351100,10979200,49239100,47478300,1249900,1202900,4544100,2467300,7053700,8830000,4343600,11872400,3071600,40559700,1272800,6381600,31063500,10525100,10080100,511600,6447500,1410500,2293900,5124400,7191700,7677200,12478800,3685300,1400000,37846600,4140300,19412700,8597000,1498700,11810200,1142100,4159500,2240200,3458700,4184800,15784600,6736300,6811500,15565400,3172800,4690000,13305000,21314100,7305600,6696800,1219900,1476100,11726300,18051100,28569100,12453900,3303100,78056200,9098200,25908500,1006300,672500,11984800,1434400,32476700,2139900,3512900,1731200,3440200,7079300,10059300,1666900,19500,11196400,1026200,3443800,16096700,18597900,1391400,14500300,25721600,40251800,1112500,10273000,5170500,3454700,17258700,545500,5069200,1432200,156683100,2269700,19734900,561400,1686100,1381900,5460700,12951200,16185000,50853100,5789600,82062600,2682200,13134600,15185400,2634700,19662700
2026-03-19,25754900,768600,6891100,1455100,1765900,4157000,27082700,28158000,15411600,21552500,1857700,69231400,28549900,7084600,1055900,74591900,1476100,4762100,1716700,3543300,34864100,6418300,2391600,12200300,23546600,18087900,2404900,4418900,9846700,9846700,2744500,33440500,10146300,4465500,4613900,2742700,9273000,25075800,2168700,21587100,23524800,9645500,12496400,58374000,47939600,1114400,1573700,5542100,2598500,10538400,9997000,4539100,17989900,3541500,42849900,1508800,7002700,29544000,9254300,11361600,538000,5987500,1300000,2704400,5555500,6826400,12059100,10101900,3106700,1278200,36440600,5043200,18581300,7006800,1475100,12368100,1061000,3934600,2144800,3284500,5384600,19320700,8383800,7511500,16913000,5781300,5381300,16918400,19227700,4459800,13165100,1319200,2235900,13247700,22046100,32245300,9092000,3027200,74051500,10241000,25138800,730600,628300,9444900,1340200,33915900,3048500,5329600,2213500,4704600,7310700,10340300,1574100,30700,9439200,1540800,2379000,13388800,12493400,1619100,11311300,23808200,38601400,1241000,11205400,6459700,5543100,27550300,849700,5868100,1884100,170968500,2244600,17927700,569500,1406800,1029800,7715300,18744400,16994300,67078300,6558200,111272500,3958100,13023300,24739000,2386900,22744600
2026-03-20,242958500,2214200,13838300,2847200,3918400,8620000,53942100,65344800,17424200,34441100,5082800,73003400,35247200,87826600,3573300,64224900,2710900,6996900,2149500,6641500,88331100,14621300,2708500,11150200,19735100,27251800,6896800,11351600,22436500,78568000,6334100,15479300,10086700,5469300,7491900,5219400,13305100,44364100,9168800,26408300,43325900,15901300,12297000,82914000,66805700,2473800,2664000,38893000,4718500,21860800,21884000,16257800,19199200,7047900,50901300,2422400,9271700,47128300,20201100,18863000,1072700,11935000,2200200,6728900,14480700,14398100,8527000,26176400,11109500,3151100,63694600,10035900,20895800,27982400,4137000,17890100,1632900,5809600,4219100,5762900,9915000,31825100,36355400,17156600,16582200,7621400,15690100,35849500,28568300,10467300,18066000,3564900,2561300,21214900,37551400,37265100,12877100,7116500,162814200,16264200,50853200,1339000,1359900,12577700,2621600,48700200,6646300,8463900,4073400,5943500,15521900,60620900,3349200,46100,36446000,6511300,4818800,25570400,15573500,2645100,26878000,24794800,78060900,1780300,31964000,17587900,7644800,25007300,1718000,15025200,2050600,241323500,4189300,57545600,1764900,3102300,2893900,23135900,40461100,17191400,78628600,16455400,163617500,5443200,33298700,30701700,6107400,31695500
2026-03-23,114269700,1011800,7992800,1434200,2190300,3864800,25021300,25770300,15857200,26070200,1603400,71027200,23852300,8888100,1567200,54807300,2185800,5869900,1553300,3807900,40546100,10128400,1962800,9641400,19208000,21818500,3198200,6402200,11470800,11431600,2794300,15583900,8557700,4608600,5358400,3107000,12466500,29326900,2368700,20797500,27369200,15314800,14779100,81044800,42945200,2244800,1309400,10424200,3124700,10284300,11738000,5000000,18508400,3568400,47208500,1622300,10135900,31574300,13976200,12219100,858300,8345000,1152000,3039700,6783000,7824500,8363800,9506200,5338500,1856500,44277400,6334900,21027400,7419900,2511900,18189300,789000,3544000,2618100,2985900,5142700,18134600,9096400,7313700,21815400,3783700,5327200,15735700,21633700,4080500,19040600,2122000,1443300,13638000,19927900,31857800,8990500,4319800,80772200,12890800,29680100,1767200,535900,9233200,1779100,57507100,2847900,4927300,1453400,3814700,7364200,10315600,3531700,37300,14413200,1386600,2817500,14126700,16517600,1983200,11203300,25794400,42333200,1237000,10584000,6490700,4320600,24888600,1225900,7452800,1737400,182836300,3534100,22181500,795600,1295200,1109000,10721300,15320800,19150800,74606000,7218800,134802700,3932300,15054900,17856800,2717900,21262500
2026-03-24,69821400,644100,7221200,1528500,1656100,3759700,26131800,19715000,9725000,29061200,3419300,51207500,21358000,6843000,2163000,44975100,1874800,4507000,1358400,3312300,45152300,6016200,1913900,8730400,15814600,16843900,4535600,7858900,11092300,8409200,3181800,8516200,8634400,4076500,4050300,3534500,20833000,36864300,2336700,18050000,19799000,9942800,9032200,43296400,35605300,1303600,1030500,5911700,2824600,8808000,7823000,6174000,14110200,3167200,41068500,1177200,7804100,24183800,18631400,17835200,632300,8577500,1224200,2760400,5803700,5375900,10604500,7388000,3995500,1102900,35351400,4676900,14830000,6990500,1932200,14678300,802600,3382000,2666100,2278900,4016100,17863200,7411900,9046200,24230900,2627200,4123900,16695500,19098500,6268300,27269500,2141300,1185300,10739700,26122100,27258800,7194700,3639100,65323500,10141900,42733600,1451500,507900,7395800,1259300,56155700,3515500,5136000,1424800,1922200,6725500,8567600,2832800,26100,14545200,1078200,2572700,13731200,13309100,1801000,13075800,23511900,39804100,1186800,10439700,6406200,4423400,17123000,730600,7015200,1254400,147667800,1954900,17269600,566300,1588800,1145000,15886500,19134300,13518700,60004900,7143100,96457500,2914500,15653700,14461900,2405900,19616500
2026-03-25,67917100,775200,6067100,1198100,1628900,3452500,17192300,24105700,12166900,27500100,2996900,42680700,34508800,5929000,2063400,55328700,1402000,4790500,1479000,2485100,28476700,6444600,1860100,28319800,15047100,13872400,3950000,5353300,12188200,6669400,2086000,12843000,6097800,2942100,3243200,3005800,10432500,29460700,1831900,15989100,19900000,9903600,9412900,40438800,37603900,1468600,1408500,8121200,2212600,8639900,7694000,6052900,12205600,2732100,38872400,1004300,8861200,22297400,12565200,14728600,580800,6237500,1200000,3264800,4978500,6280900,19582000,8330600,3512900,1513400,36388800,3286100,17648200,6000100,2702300,13239800,1348400,2670800,2527400,2422000,3539900,12987300,10220300,6456400,17743300,4147800,3538000,8865000,18708000,5441600,22315900,1141000,1081200,12585000,20683800,48518300,7642100,2823800,97467900,18075500,31181200,1943300,553100,6012000,1067100,38543300,4702400,4057300,1531600,1830400,5053000,8418100,2617200,17600,12514800,1190300,2177700,22562400,16018100,1610000,13551600,27814300,29988300,1032700,7495800,5052000,3369100,13965000,579500,4505800,1055800,162602100,1519100,16597300,520200,5332700,1702600,11330800,17213400,15634000,55157300,6350000,90653800,2516800,14787900,9546000,2424400,14861200
2026-03-26,53777300,879100,5762400,1615400,2052200,4111900,18625200,16516100,14560200,21327000,1936700,54967600,22988800,6621700,1617900,54515900,1444600,4239100,1965300,2194100,41796700,6175700,2058000,9887300,12903500,15434600,3024100,7553500,8669200,11912500,3051700,9240000,9765900,4665300,2899700,5712800,9402600,39080600,2044800,20256300,20343700,14478400,7981000,45035700,28835000,916600,963800,6218800,2192900,6537800,10917000,4489100,15416400,3353200,106517600,1665900,5992100,19988000,10330700,11595300,836500,8120000,1158100,1988200,5677100,7652700,10861500,13460500,4437900,1010200,46746000,3276400,14148400,4576300,1380100,11104600,1471200,3719900,2036900,3995400,3723200,16127400,6497200,5171400,13321000,3642400,4087700,11085600,15285500,4715300,11040700,1568200,1263100,35780100,16961900,49213000,9726800,2887500,82841400,13366100,36836600,999300,488600,7246300,1498300,43038400,3466700,4871900,1663600,2741400,4285500,6443200,2002400,21000,9834800,1262400,2163200,26078500,14665400,1721100,9541300,20765700,32502600,1705700,8168000,9261000,3182300,16016500,543100,6314400,1017900,186152200,1880200,16442500,534700,2295500,1446600,11061300,15430500,17726800,55522900,6082000,96494400,2541300,11202100,8829900,3129200,14613000
2026-03-27,33020400,935100,5406400,1606800,2106800,2322500,30338300,22048600,14484500,30547000,4301800,59553200,20311800,5444500,1693000,45806700,1080800,6476400,1328300,2648600,47900000,6368400,1291800,7809600,10746100,15895200,3186000,5940200,9873300,8964900,2154100,8105000,9594600,8686700,3333900,3736300,12289900,35890600,2274800,18329300,23593900,6122400,10454700,64823900,29124600,1097200,1224100,10735300,2649900,7749600,8115000,8771200,13923700,4207200,50702400,981700,6293800,26172900,9902000,18109900,907800,8975000,1915500,2758800,6663600,9974400,7643400,8503300,4554500,1875100,56009800,5699500,25942100,5654000,2400900,11844400,923200,2518000,2152100,3963300,6097700,21049700,8345800,7617600,12932200,3051500,4103000,13907800,21475100,4429400,11719600,2260100,1594400,30133000,17929600,29206600,6956000,2751000,70002200,14779200,37883400,1076200,492200,6419400,1540900,35790800,4228400,3864500,1750700,2916900,5647000,11558300,2186600,20900,24128000,1061100,2740800,16507100,17530700,1759700,19287400,26114700,36781900,1653500,9182900,5984800,4797600,12327400,581800,5792700,874800,196212700,2217800,16543300,495400,2631200,1505600,8011500,13674900,19502400,62065700,11431400,103649400,3182800,17461000,9673800,2495200,17434200
2026-03-30,34074900,799900,8712400,2318100,1621400,4159300,29813500,20578800,15740000,26512300,2936700,49750100,21933500,6930400,2138100,73833200,853500,5347100,1548000,6194900,39446200,6261600,1942800,12910700,16612900,18830000,5501500,7540500,11734400,11555900,2458600,7226700,9490400,9442800,5166600,3620700,11775200,35141200,2589900,23230100,28054500,12617000,10192000,58128900,46696000,1418700,1224600,7774700,2296300,9362100,10012000,7015900,17459600,3022700,36120400,1244900,7268400,28363600,11617700,18685600,765400,10225000,1960900,3098300,10386800,9330300,8827700,11921000,4734900,1425600,46373800,3646900,15855700,7491200,2006700,14631800,1038200,3512400,3239200,3629500,5907900,20844800,11084000,7241300,14799700,2442600,4966000,10409000,15800400,4410200,13154800,1737800,1617600,22795200,20125700,41053300,9063600,3851100,84596000,13460800,44797000,1091900,630400,10856100,2129100,41289800,4870300,5043800,1790500,2870000,6148300,11616300,2151600,22700,17526800,1849300,3070200,21463200,16882500,2144500,16863800,26504600,43375900,1774700,8913900,6568100,3968800,14246700,927300,6024700,1170700,185627000,1727600,20428900,975100,2264400,1561500,10135300,14311500,18695300,67954400,12198800,99275900,2722000,18502800,10882100,2675000,17778200
2026-03-31,37631100,2719800,8416500,1333900,2689800,3605200,32006700,22268600,18488000,35925100,1937500,94766900,26607400,6686100,2104100,73551800,1515600,4668600,1635800,6235400,49598100,8081700,1769100,10800100,20487800,19405300,6105300,7837700,12956900,12219800,2761300,9486100,10145200,9644200,5463900,4201800,12665100,43875400,3747100,25031400,29289500,13395200,19487500,85361900,44841500,1279200,1386300,9170800,3293300,13914200,11081000,6045200,15855900,3644200,47427000,1351300,9943400,42852800,11041400,16821300,623400,9462500,1624800,3019400,8033800,10246900,10994200,11725000,5402200,2458000,58470100,4100400,19522700,8311700,1684000,17749200,1010900,3021000,2175100,4417600,6716000,19431800,10713300,7554200,17866000,3312300,6302500,17403900,21290300,4575900,13007800,2280400,2167700,32898300,24492000,42318700,8781900,3516600,95294900,15135300,45244400,1442900,642600,9401200,2447900,45558600,3275100,5318500,2291800,2886800,7878800,10407500,1883900,31400,11906400,1327800,3464200,51286100,18025000,1731500,13923300,26696000,49060600,1882600,13519300,8335600,5376100,18882500,551200,7277900,1319200,226181300,2649900,21330400,1177300,2393500,1806600,13713700,19097600,23148900,75534900,7751600,152534100,3989500,18301800,11387500,6205200,12695000
2026-04-01,33420900,1390200,9132300,965500,1803600,3716000,37927600,19574100,15011600,24130400,2734900,96652900,27157200,5112600,1810000,74429800,1413100,4044300,1163900,3862300,40059400,7117000,1835900,8431000,19966800,17050100,4421500,5037700,11267200,10210700,2472400,10297400,9856900,8211800,4407800,3026800,8828600,37684500,2726600,21754600,19171000,11565600,14467600,61558300,44208500,1305000,1224300,5473400,2743600,7759400,8799000,5255500,17035300,2925900,31162800,1727800,8465800,31185100,11677700,12439700,627300,8807500,1188100,2166600,5412600,7707600,7879600,10697600,3782800,1577500,45955400,4468100,29643400,5702800,1163600,12564300,1124800,2677100,1980500,4607100,4918300,23241700,6351700,6314600,16899200,3210800,5707200,23051900,15378300,3746700,18135300,1580200,1310100,23608100,20495900,40835800,12920000,3403300,129598500,12056800,29417200,1263100,627400,8033100,1769800,34171000,3039500,4127200,2084800,3090100,5286500,8061700,1762400,23800,8475600,1118100,6267900,44072500,13290900,1745000,10859700,22742200,32947000,2063100,12979900,5974800,4314900,23684000,551300,5432000,922200,168132000,2272100,17039700,755800,2092400,1118000,7311100,14979400,19072900,58683800,7643200,97841500,2879900,15834300,11528800,3560400,15319900
2026-04-02,30446100,1339300,7313800,740200,1717700,2376300,25377700,14883800,8994600,23381300,1562900,60400500,32670600,3965500,1946100,51498700,1209800,6442000,955400,3056800,31289400,5107500,1768100,8038300,13799900,12266200,4392500,5125100,6669300,8575300,2127700,8830200,5590500,6492400,2798900,2750500,8869300,21666500,1604300,17185500,14021100,7354700,9684700,39519800,30920600,1009400,960500,6407000,2554800,10419000,6615000,4139300,11097200,3094700,50528900,1487200,8630100,17331800,11635500,16629900,454700,5852500,1244900,1974200,5410000,4376000,4231800,6805400,2950300,1119400,31453000,3761300,20709800,5151100,1077100,11240500,679700,3617700,1424600,2926000,4566600,26380300,6387900,6878700,11087900,2182900,2879100,11528000,17609700,3588800,40685100,1527300,1727900,13518500,14381900,38463500,7860400,2105500,117134200,16940400,24099100,970700,1000600,5533400,1828600,30437000,3077800,4113900,1837400,1991900,4925900,5941700,1511500,20700,7960400,1116800,2727100,23667100,14491000,1883400,9290500,25642900,27548200,1125200,7383800,4269400,3720600,16880000,613000,3408100,720300,143143200,2243100,11898400,513800,1853900,1102800,5217100,10001800,15521800,83031200,4354300,68358700,2348600,14573400,9167300,3256700,12747700
2026-04-06,23564800,2149100,6353400,940500,1444500,4887400,16344300,7643800,5884800,24334500,1365700,25474200,22351800,3305700,1509000,41414900,932000,5857500,871400,2272200,29329900,3674800,1155200,5117000,8885600,10147600,4140200,3033100,7142600,8038600,1488700,3987600,3803600,6405000,2144300,1943400,7125200,16945500,2143700,14269900,12111300,5149600,6908800,27345800,25169300,1014000,1033800,7097000,2182700,4790100,4118000,3459300,7105500,2527600,36599100,812000,6477200,12939500,14391000,9141300,523900,8190500,948900,1865400,3562500,5501000,4196000,4031200,2309800,1110400,25385500,2788900,9796700,4929100,1142400,8207800,693600,1939100,1360900,2466000,3469300,17819800,4890200,4442400,7272600,1427700,2664600,8245700,18435900,2757700,18411600,1599800,1145500,9515700,12556700,30786400,8532200,2185200,79978800,13162300,16146600,672500,460400,4911200,1448600,25142200,3131000,2314900,1031000,1394300,3921900,6823100,1173300,18100,6382800,1128800,1821100,22700500,12020400,1299200,8413500,16002400,28507200,1932700,4210000,2505500,2819800,8511500,792500,4235600,650800,107564300,1752600,10850400,440700,1298400,768900,3925400,7069200,11775700,77697600,4814800,39105800,1722100,8259900,4765700,2470900,11006800
2026-04-07,25328300,1515500,5979600,885600,1498400,4276700,25227500,9928200,6823500,24967400,1986000,38811700,25396300,2937200,1726800,40224100,1685900,8540600,727600,4424800,62148000,6036400,1329600,5181500,9953400,8585500,2886000,5758000,7849100,8840400,1703800,10879200,4379300,4274900,3346500,2344100,7653100,23205400,3162200,16030900,33310900,5421400,8956400,31750000,46620500,748200,797400,22099800,2154100,6125400,5273000,5591500,10068200,2735300,42383900,1262000,10005200,13657000,12344600,12008200,661000,9117800,1029200,2680300,5151100,4413900,4967600,6818400,2229100,1498000,28154600,5980000,13331200,8801600,920600,16273700,829800,1969500,2185300,3593200,3796500,36713800,11376400,6241100,10263400,1416200,4427000,11672600,14284200,3331000,12793500,1858600,1319500,9580800,17250400,26483000,5891600,2265500,129543800,10175400,21443300,1178700,620900,6855100,1428500,28671100,3706900,3037500,2532700,1729500,5439200,7207500,1275100,24300,18507200,732100,2726900,18965200,14780900,1368900,10453900,20967000,28473200,1542100,6794300,4024800,2563300,18276900,608500,4659000,646100,132534900,2278600,16076000,1074600,1897100,675000,5753000,8820900,19722700,74515400,8671300,69980400,1808400,12769200,7933800,2829300,10416300
2026-04-08,31894200,1289700,7715700,1051300,2439000,5424600,31311200,20970100,16356900,32953400,2564600,88023600,26863800,5696700,2055200,49216600,1674100,6154600,2016500,3535300,41032800,7662600,1949800,11952200,14354000,13359000,3692400,12136800,10590200,12535800,2544000,17638100,4579400,5310400,3957800,3015600,9802400,33547100,2666400,21807900,31573100,5836500,14442400,48175400,33789100,1384300,1675000,9645000,4716200,6935100,10201000,5954900,12808600,3796800,50071900,1588900,16778500,18879700,13472100,19796900,877500,8876800,1279200,3457400,6878500,6879300,6964500,11023000,4320600,1701100,51092700,6728100,12645900,5477500,1617600,20679500,1576700,4110400,2255100,3874900,5793500,29389000,9256900,8771100,8130700,2929400,5852200,17195400,17149200,4040100,17999600,1395800,1723500,32036600,23527000,35496400,9163500,3654200,184599900,11464000,33064800,1063800,580400,8582400,2265700,64827700,4972500,4455800,1998600,2824900,4967300,10849700,1913600,23800,18908800,1283400,2568000,29455900,28412100,2427300,15677000,24859100,36473500,1058700,12713800,7628500,3716800,20338000,1300700,7454600,1499700,147732700,3974100,20194300,1272700,1852700,1462200,7212000,15130300,20132500,78838600,12257400,93606100,3500600,12331300,8550200,2584900,15619000
2026-04-09,28654000,1266500,6291100,1229100,1797800,3092200,25868400,16033100,9246000,25973800,7343500,55088500,17250900,5166400,1328400,43101000,1538300,6562800,3406700,3421700,28121600,5298900,1506800,8653500,7658500,8235100,3788400,7266100,6586600,9352700,1919000,10014600,4176700,5580300,2467800,1427300,10754900,23739200,2940700,17762400,20514900,5202000,6660500,30330500,27047600,1136800,2306900,5742000,7471800,7349000,9395000,6656500,8180000,3653700,50414800,1047100,6314500,23274600,20855400,42131500,470300,7232500,1040900,3809100,4339400,4811500,7867900,9757800,4103200,1147100,65964200,4635200,11716200,4477800,1728800,11636400,1112300,3280400,2134100,3301800,4250100,19961200,8666300,6216500,6406400,1387900,5203900,11634000,14497400,6802400,16746800,1054700,1100100,19012900,30407800,27126200,6391800,1996200,155609900,9267700,30435300,736500,596700,5966100,1433300,92361400,5428200,2789700,1934300,1803700,4167400,6794800,2209800,24000,21682000,911100,1672100,32718500,18245200,1579700,8766000,20875900,32008000,1346500,9069400,5373600,3118700,12664700,777200,5499100,1267400,116428500,2077300,13853100,906100,2011100,1399900,4500900,10496100,16356800,62164000,10583700,57134400,2210500,14311000,6871500,3002400,12716600
2026-04-10,43565800,1501900,4258700,1232900,1642700,3435200,21065000,13219900,13168200,23163800,5478000,42561700,18621000,4644800,1356500,36377600,1644100,5660100,2589500,4215300,31291500,4240100,1427000,10991700,6138500,9310100,2887200,7054100,6069700,8427400,1153000,9356300,2667900,3593900,3690800,1809100,7922400,19152600,2258100,13796000,29958100,4989700,5607400,35427500,27882400,1250600,1805500,5212900,7791200,5323100,6864000,12401100,5169700,3572700,36746400,863300,4663700,15052100,18109300,58715600,305200,5118300,985800,3886000,4412700,5190000,5016400,9124700,2900900,1122800,56912800,2399300,12097000,4633200,1602300,8040800,759500,2498400,2218700,2842200,3475100,19091500,9707000,7354500,6217800,2081200,3092100,11151400,13097500,5889200,15245600,1610400,871400,13294800,26171800,36477200,6122600,1991300,98624400,11818000,28111100,726800,751300,7166900,2333000,116656800,7230900,3151900,2735100,1788500,4418800,9790300,3492800,13300,35756000,874000,1958900,41187000,13953800,1519600,8619100,17339900,25225300,1594000,10487700,6399900,2758800,15706800,499800,4268000,869100,160459500,1828100,13894000,503300,2004100,1695100,4279700,7946200,13036500,51336000,15592700,42253500,2134500,11081400,6535400,2691800,13130500
2026-04-13,30023600,1415000,9219100,1089100,4236200,2880000,18685600,11847000,9596300,21181700,3786200,43100900,17994700,4733900,1599000,37015800,1137700,4870800,2055300,2595800,36234700,6282900,1499200,7826200,9890600,10407700,2564100,7217900,8318200,8615000,2247600,5550200,5063500,4765800,2535800,3298300,7481100,18866400,2547700,16392500,24115800,4079300,5992600,33635900,44156200,1082300,1350600,7972200,3483700,6111500,8301000,6716300,6814100,3256600,50103300,1011400,5469000,17795700,12390800,31675400,408800,5825300,1004600,1719300,5827800,6787200,5562400,8773600,4458600,1286200,42166200,3472100,9981200,7532500,2525900,8593800,673800,3048400,1818700,3318100,4731900,25411900,6357300,7663600,6182800,1318100,3755000,12000200,12804700,6115800,20907100,1621300,1843800,9538900,49997700,22781800,5429400,2581800,112111000,12801300,35745800,981700,747000,8487300,2255500,65772800,4902200,3429200,2291300,1480500,5101500,7121400,2649000,17000,16666000,678700,2089600,31264700,14040300,1709400,8786900,16907500,27835300,2392800,8639400,5246600,3580000,13134100,515900,4630500,1275900,133648200,2141900,14510600,487700,3345800,1622600,10506700,14506600,15259800,53617500,8545600,54185800,2664900,12696200,8361300,2696000,15179300
2026-04-14,40885400,1550600,10814400,1024600,2822600,3568600,18528200,11104100,12859500,43587300,2905400,58830100,22643000,4993800,1835600,52534900,982800,5045300,2162800,2803000,48370700,8803600,1176500,22598200,8273900,10183300,2586300,7114000,11455500,7608300,1956500,11718500,5396400,6339700,3856900,2989900,10884800,27721400,2106800,43679500,24423000,4873600,8128600,36498400,24558900,947900,1317600,5864500,2483200,9370600,8713000,5838500,5490700,3113300,46138000,972800,10122000,25118600,13123600,25132700,460300,5523000,1445500,1742800,5655800,5571000,6883400,8500600,3767300,1476800,72685000,3484800,11577400,6199400,1255700,16227100,710400,3429500,1825900,2744600,5339400,42621100,12449400,10318700,7722300,1839000,2897800,12111000,20643200,6307500,21870200,2496100,2103900,17818000,59779800,25733200,7301100,2288700,112796100,34049700,37504500,2957200,637800,18440900,2136500,52786800,4111200,3303100,1535500,2280600,6473800,6621600,2182500,20700,12748000,905700,2360200,33600700,17906900,1769200,9066800,56976100,40178500,2318000,9849200,5353200,2506200,12330800,535100,5495200,953400,161307000,1868400,15320800,728200,2191600,1154100,6256400,32845600,68012600,59979600,7415600,63480500,3463800,12397600,6972700,2284800,11045300
2026-04-15,27816900,1168700,13338500,861000,2403900,3841400,15626500,12535000,14955500,72707200,3860500,39551500,23568700,5353600,2420100,40370100,1044300,9179800,1936800,2353900,49913500,9853800,1649000,14233800,20300500,10622500,3502100,5835300,9885800,9691500,1553000,8749500,5140000,4352000,3387700,2708800,11817400,24918800,2140000,98957500,29559300,3029500,8034700,33804700,29648900,1036500,1461600,5041200,3352800,9144800,11639000,6151400,13548300,3562400,38864400,1044100,9046400,24843900,14340300,25835900,318000,5933400,1459400,1847700,7684800,4831400,6271900,11324200,3098300,1528400,43045200,3931900,10893700,5952100,2038100,12333500,782200,3041100,2266900,2910800,3588800,58700600,7689400,6463500,6669200,1833700,3019900,8661600,13941700,4749600,13718800,3515400,1982300,14952600,43010800,24695200,6438800,2542300,92051500,17386400,45063400,1158300,571100,21905500,2346200,48389400,4409100,4424800,1489100,1964200,3790500,7698200,2514300,22900,12432400,879300,4233400,23450100,31416300,4251700,12882900,77175300,63838200,1570100,6592500,5925100,3294800,15405600,547300,4459600,833900,185338400,1906300,17001400,787600,1847600,1305200,7793300,31494000,96973000,113810400,7416200,58240400,3124300,16212100,9255800,1930300,13074000
2026-04-16,28966100,953500,11014500,721000,1742100,3122700,15191000,12080400,26405800,51788100,2968800,31282600,41014200,4832600,2007500,33626400,1311700,5782400,2939900,1840900,43323100,9138100,1396300,13581800,12382700,11778000,2421100,7205600,8208600,8163700,1630800,17122200,3708300,5346900,3163900,3609700,11235800,20541500,1981600,90113700,18872900,4316700,5671900,25432000,21905300,1029300,1325400,5205600,2675500,7734300,8323000,5517900,8629200,2692600,56410900,826400,5859100,26945000,11866700,21971800,732000,5853000,1364000,2087100,10422100,5695800,8971800,7829400,3126000,1535600,41895700,3116100,13279000,5075400,1382000,8826100,1020800,2298700,1815700,2967400,3108500,67867400,11399900,8668900,9072300,1496000,5795200,8013200,17638000,5229500,18916900,2498700,1713600,9544800,46997300,64850800,5887400,2018700,108328300,18094200,41642400,1426500,505000,18341000,1484300,43746000,5596300,3999300,1273800,2452200,3432400,6947100,2158500,22500,11964400,853500,2836600,20830200,23724500,2626700,16375600,62582300,35206700,1376600,6904300,5113000,2712700,10342700,670300,6709000,1080500,134012900,3146400,18324500,927300,1712800,1540100,11474700,20713300,79286200,63515100,7222400,49972400,3387100,11501900,6551400,2897400,13420600
2026-04-17,21872300,1239500,16998100,1649700,2805100,3449100,28947400,20594600,18419400,49795300,2457100,90913300,26066300,5805500,2939100,33405000,1546100,7974500,2621600,3620700,61436200,6846100,2683300,10619700,11796000,10630400,7158400,8216400,11082400,9667600,3012400,12886500,3176900,8531500,3961600,3094700,15670400,25581900,3685900,46076200,20581700,3840300,9839500,45183400,30080400,1267600,1537200,9414700,3186300,8148800,7254000,4968300,9529000,4056800,52372100,1203700,13120700,17601500,17225700,17754600,678000,7881200,1025200,3389200,7799900,8082300,11152400,8465400,4104300,2052300,52029300,5415600,12251700,8986600,1718200,12765600,1385100,1926300,2624700,3617200,4894100,67121900,16194900,8946300,8338100,2099900,7249300,15720600,52173700,6194200,14602800,3406200,1801500,16283500,45282600,35519900,5627500,4775500,118831500,20114500,48568200,1520500,513000,24357200,2346500,50657600,5992900,4777200,2700400,2695200,7345800,10886000,2211900,34100,11625200,1701600,3266100,26341300,20578400,1876500,14319000,40352800,43484700,1638600,11665700,6017900,3461600,20218300,745100,7091700,1572900,160324400,5460400,24763700,1074000,1944400,1309700,6311200,24033900,48967100,90640000,7037300,70661900,4220500,15033900,6796000,2266600,18758600
2026-04-20,22593900,1484400,7745700,826700,2374300,2915800,16354400,15347100,11638300,35942400,1944600,35150000,28827400,4672300,1350800,32013600,1370500,9055600,2132500,2134200,36590200,4905200,1314400,6998200,8558000,8131600,4159000,6113300,10772000,7953800,1717500,7823300,3297300,4202600,2540700,2670700,9967500,18784200,2107600,39241800,16922000,3628800,5450100,26160600,25023000,838700,987600,9050600,2814300,7734800,6231000,4049300,5734900,2768700,41940100,907500,6381800,14376100,14382300,20306600,741000,5372200,789200,3445400,5731000,5506800,5413000,5989900,2924100,1205100,39463100,3831000,9430800,5774300,2122500,7616700,840300,1963500,2416200,2503500,3020300,35210200,7392000,7810500,6325700,2045900,4408800,9661100,22173500,5250000,16444500,1868800,1263800,12534000,22330900,34833900,5410700,2280600,96851100,39864500,27582200,1033400,493800,12883000,1475400,33482700,4925300,4988200,1802200,2011800,3871200,8084700,2268000,23700,11540400,1722000,1926300,39548500,22124900,1091900,9830100,37783100,43999200,1831100,6124700,3747500,2710600,12297800,787900,6123300,1006800,119381400,2381500,18933600,762600,1257800,1026700,7155800,14240500,47873500,64603900,4859700,43546800,2992700,10141800,6391400,2479700,13091800
2026-04-21,29805200,1063200,9160600,1087500,1765400,3563000,17515900,13591200,9808200,36873000,2855600,41299800,27450400,7285400,1323700,27734000,1941200,7178800,1978700,3000500,50209800,5154900,1490000,7993100,9557700,12657300,4180600,8918900,7084300,11874600,1544400,11388200,3862300,8036100,2719700,4311100,15121100,23123800,2066600,37186700,16275500,5080900,7208300,34150100,29833000,1581800,1547300,26097300,3137700,8625800,6761000,5158100,8752700,3310400,41202100,969100,9832800,19596900,12073700,24147900,587300,4282700,986900,6262000,6357300,6806900,11660600,7830300,3748800,1562300,42922400,5319100,8710400,7772100,1833000,9904800,1150500,1805700,2022300,3444900,3693800,46653800,12769500,11681200,8735300,2670500,3480400,9799000,22153500,5779700,14443100,1860900,2249700,8660100,39638000,38950900,6125700,2916800,91402300,19997400,32048500,1658200,707400,15258400,1367100,44830000,3853300,7489900,2592000,2658400,6070300,11197200,3475100,29200,14684400,1603500,4062800,31901100,16427400,1274600,11887800,35942000,34266300,1596800,8138900,5414900,2842800,17092800,1632000,6833300,2446300,107945300,2299800,17312400,718700,1748000,1636200,9078200,17387300,38384100,50530600,5856300,58941400,3814800,11806900,8551700,3395800,13548100
2026-04-22,24811800,1327900,9760000,743200,1382600,3233300,13738700,14433100,16317200,27468400,2465200,40565500,21474400,9835900,1787700,45998100,2319400,5801900,939400,2175700,43249200,4492100,1309500,5636800,8933000,13830400,3093400,8699400,5545900,9432700,1554600,9258300,3079700,4714400,4508000,3762700,12096800,20293000,2136100,33929200,23702500,5116300,5289900,31838400,35246800,2156800,1165400,11807300,3354300,9477100,6840000,4443100,10595400,4081800,53005400,933000,14914000,21731700,14565900,35714800,603000,9374700,734200,3347800,5921300,5666600,5926000,9803300,2642200,1391500,36065100,6151400,9138500,7646200,1460700,7763600,1221200,2778000,2683000,2288500,3774600,55203500,8037500,9003400,8316900,2124500,4856300,8708300,31893900,7111000,14104300,1967300,1427300,9215600,32448800,49054200,7001900,4339800,90267300,22048800,29378200,2022900,901900,18164400,1215200,43701500,3223300,8513900,3310200,2222500,6695800,7236300,2206000,37000,11569600,2289000,2623800,30765800,16518600,2621800,10282000,34076000,24097600,1093400,6562700,5268100,3053000,14213100,1304900,11463100,1304700,107501000,2360700,17624500,1347200,1665300,1578000,5482100,13724200,34667700,62362800,5903200,42518500,3840000,9352300,6414600,2581900,8569700
2026-04-23,46874200,816300,7839900,723900,1655000,3175700,12970400,20598000,12224900,33497600,3054800,34707200,22664100,7067000,2871300,38178000,1990800,7628700,1555700,2216200,33399600,3814400,1190200,9053400,13728200,12151400,3904600,7428000,6969700,10164900,1716400,10749900,3503600,9691300,4854200,5493800,8778500,18650300,2033400,29505600,19501600,4159300,7530900,44647900,38718400,2172200,1505100,7255800,3900200,17524900,9285000,5417700,14418800,3189300,43318100,869200,8648800,23864300,22719900,84103100,532800,6009900,777500,2663500,6077600,7275000,8044800,12269100,3272600,1141200,39091400,3686900,12354400,7461100,1864100,8670600,1171300,2281900,2912100,2724000,3528400,67600200,6826300,7097600,7612000,2670200,4624100,6684700,19559000,9617000,12695700,2212500,1521100,11667000,37084200,45619700,6774800,4580600,155141800,17469100,38308000,1740200,928700,31945500,1570700,58654400,3237900,6289400,2400100,2012500,3870900,11288800,2318000,28500,12902000,3212500,2149200,36938700,14607000,1800500,11271100,27598800,31956300,1195600,7958100,4420800,2624800,38773500,1386800,25659100,1060500,113561800,1976300,16376000,1813500,2694600,1632800,4421500,13906500,35984300,93969500,6965200,56174000,4424200,12060300,8990300,2767900,11581400
2026-04-24,38559400,723300,6012000,829300,1263300,2704100,13735900,23294100,21603600,20873100,2319000,36426700,22130400,5281500,1463200,35379600,1260200,5217600,3524900,2311600,38157100,4530600,1692900,3833900,7420300,11059800,5132900,7508000,5215300,29449600,1486800,9046800,4857700,11370500,2918900,9028400,5799100,26426100,2201200,23877500,22491100,3581000,5546000,27225300,42500200,2350900,886500,8554600,2336200,9761900,11431000,5778400,7665200,2705500,46709100,744100,6364900,24158700,10817600,39011800,464900,6320600,1128100,2222800,5364900,5616900,4858100,12313200,3481400,1148600,53777400,4927900,10852700,7605800,2891300,5999500,858200,1418300,2490300,2406900,3086500,35018600,7060000,6067500,7969700,2148500,2985900,9626700,14119400,6492900,12489900,1506400,3851300,13348300,33215000,81616700,5603000,2968100,281405200,11878600,27457400,945000,809500,23265300,1695200,38677200,2668000,10505100,1844600,1663300,5966000,13786200,3316100,15100,9086800,3089200,4463700,37599100,20818400,1751800,9351100,19593900,30265400,1513800,10968300,6159600,2399700,17741600,1041200,13943600,864000,214134400,1743300,16016300,897400,4714200,1300900,4621400,15419600,20671100,62893300,5887600,45182000,2285300,12008700,12367500,3609900,8259300
2026-04-27,28746100,1101400,5530400,783100,1223000,2919500,13940800,17070400,16561200,20100400,2045700,33070600,19386300,5442500,1826800,41298800,1414400,4406600,2045200,1929400,41466800,4163600,1836900,4461200,8025900,8963900,3978500,6782500,7925300,41744000,1773700,6462100,4506200,7248200,3904700,27515000,7855600,28576900,2653800,19625300,17451600,4082400,6915900,25764300,34764200,1256300,1273500,7256100,2380800,7773800,11196000,5679500,6689500,2251600,31585600,897300,5182900,14543100,11907000,32789100,497900,5734300,967000,1642400,4077000,6261500,5190100,8095400,4577600,1354500,44906800,3580200,11125800,7467600,2227500,6457200,743100,1684200,2463900,2531300,4224000,34184900,9133600,7897800,6571900,1660800,2388700,10836600,13295400,5067700,9448100,1999700,2933200,12805200,21616600,50585300,5788200,2553000,178820200,12289500,30867300,1080400,603200,18897100,1620400,31275400,2808900,6511700,1481900,1353700,8170300,9166400,4034400,15700,9188400,2111400,2700300,30281800,14958500,1326200,10968100,18203500,28043700,1771000,12215400,5663400,2322600,15199300,932200,9962700,705600,187172400,2465700,17029500,1038300,3153800,1411900,5821000,20114400,22968700,66735800,7893800,33135900,1982700,15812200,7176500,2372600,7992800
2026-04-28,23282200,1235600,6233800,756400,1501600,5956800,15173600,13619300,14715800,31324200,2168800,39151300,14379700,8217600,1694500,44816600,3584700,9706800,1817800,1819900,40018900,4107100,2439800,5178400,9073000,9253000,3274700,7414100,7398600,22921300,2743200,6088100,4052200,3981400,3845000,15164300,6316100,27824100,2376400,15993400,25519200,6136400,6740900,24337500,58079000,1561300,1250000,10604100,2225100,7245100,13398000,3890500,9000000,4225600,30770200,771700,4921400,13016000,8711700,20990400,529000,10931200,808500,1603000,5174300,8839900,3928400,11499500,5205600,1240300,42204400,2796700,10170400,6313100,1548300,7020800,795700,3103100,2483900,3892500,3949900,27141200,7157600,7179800,8612400,2973700,3589700,10754900,13858700,4641700,8497800,1687600,1570500,10606800,33716500,43002500,7285500,6101400,147773500,15266200,30438100,815100,569000,14842400,1776000,24757200,2509100,6115800,1561200,2776100,5940300,7965700,4885200,18900,7491600,1456100,2561300,27128700,21014400,1926900,8921800,17554300,21164100,1269800,7241100,10396200,2167000,14754700,585900,8369400,874500,180275400,2130100,16341800,852400,2472600,2169700,4437700,14826700,21447700,50864400,6451900,43117400,3167600,30710700,9791500,2631200,9761400
2026-04-29,26097100,2453400,11608800,935100,1725900,10896900,14669100,13346400,10313000,79797600,1339200,40616700,17751400,4536300,1177000,36248500,1633200,17279000,1821500,2602900,30047900,5107600,2095400,4215100,7053300,7506900,3073900,6270500,8031800,37571200,1440000,6386000,4401500,5892300,6632200,26793600,12609600,35376300,2516500,18971000,15962500,9108500,8155400,22153100,29969700,1591200,1740800,9046600,1885000,9091700,10921000,3061400,9059900,3486600,34566800,984000,5855300,12655100,6882800,18646600,402300,12303600,1059500,2177900,4047600,16658600,3719000,9585300,4992800,1249500,72367900,3310300,12096900,10406300,1159500,8098700,948500,1830400,1932500,5876700,4647500,26498000,9769900,7071100,11885500,2354600,3099500,8644600,15146200,2664500,8754200,1671400,1539800,18947500,20587500,44704400,10458100,3136000,235070900,15006000,38288300,1029300,1835000,16156500,1516900,33348100,1998800,5037900,2135200,2707400,5048300,9002400,2949700,24300,7659200,1619200,3904600,20649000,18305800,1256500,12199500,21490000,26250700,1213800,9676900,5116400,2322100,11444700,683900,7821400,825500,123711800,4313700,16538800,1109900,1753400,3587700,3635700,19930700,24594100,45384800,4157400,41859200,2273800,18294700,7302100,2732900,18531700
2026-04-30,21028100,1550500,7576700,973300,1880300,6479300,22885900,13798800,12788100,31187300,2376900,35896800,17604200,6268700,1392600,36554400,2314300,9936400,1615600,2144100,91848200,5664900,2165700,8201600,15282700,9276400,3154800,6141700,8865400,61132700,3036800,7416600,5276500,4962100,6782400,13108700,7786700,72040000,3592600,29793500,21821600,7471300,10280700,31406400,39082900,2659900,2415200,6879900,2450900,17551200,18906000,5810500,12012100,2857300,82854200,2304900,4469200,22378500,14408300,22152200,391100,8644800,1121100,1613800,7065100,11241100,6662600,10381100,3954800,1997200,100974900,4900200,15360200,10319200,1341700,6294400,1241400,2665500,3251000,5975100,8323500,27772200,17131200,8157200,12587800,2665700,3809500,11748600,12437800,5129100,8940300,3259000,1300100,52765000,21016400,42115300,11700600,4587900,160597300,13483200,70909400,1552600,1096500,14651900,2049300,32523600,2723500,6224400,1933600,3543300,6660000,9491700,2077800,24000,9770800,1588400,8236700,20327000,22665900,1414400,13200200,25523300,27089200,1148200,11948000,7050000,3799600,16181400,649600,11066700,1110200,225239200,5219700,19867700,782900,1435600,2029800,5635800,13535900,23258800,51076000,5771500,67240900,3007700,15142200,8294500,2906400,12519900
2026-05-01,25043900,696800,7568700,780100,1359800,7378700,15458200,9711100,9926400,25254800,2867500,35828400,16378800,4408600,1156700,40215300,1227600,5870300,921000,2184900,79915400,4742700,1378300,4775800,9358200,10161800,2579800,7652400,6135400,21111500,2578300,6199300,7556000,5002600,2682900,5801000,6771100,30105200,3821100,20364100,11882600,7212400,13071300,39618200,29318700,1419700,2775100,4945400,2102000,7106200,7892000,4041100,6800700,2527900,51115300,1028400,8307900,15507000,12324400,22911800,771600,5444300,796900,2185000,4447300,6726100,4286100,8094500,3144000,1001500,50825200,4623900,13320000,6343100,845900,9132000,610000,1733800,2478400,4531800,7189300,20538300,11953700,6863600,8865800,2773900,2618700,10435900,21661200,5068500,7301800,5067600,1035700,21404000,26318000,34279200,15485300,2385600,158502800,13438000,31372400,2719000,729100,10510600,1509700,33219900,2637500,4494800,1295700,1749300,5517000,6814800,1825700,19800,6088000,1403300,4352400,13071700,32904600,707100,12298000,16601500,24825000,858600,7784300,4586500,2578900,14899700,647100,4494300,1072400,128647000,2599800,10480900,484200,1462200,1480900,3010600,14632700,20621900,65338300,4972100,43049800,2168700,12610400,5126700,2102500,8765800
2026-05-04,29340500,626600,5764900,836000,1660100,6022100,14238500,9888700,9978500,29377500,2166600,36883000,16241300,4927400,1341900,46043700,979600,5524000,1436400,2269700,46668400,3833000,1942100,7621900,10041600,10740000,3116200,7167900,7338200,23117400,2406600,8317200,5485700,3604900,4174000,6481900,11243400,26298600,3481000,24790300,15140400,4220400,10737700,44456300,34583400,1442200,2013100,4916900,2379700,6806600,7916000,5451900,7618500,3160400,42895600,1154000,5501600,18054200,8444700,21863500,686000,5568200,1418900,2270900,5330800,6712400,5602200,6497400,4209300,977400,49083700,3532000,12599100,4579300,1642500,8584400,1059500,1198600,3298500,4419900,6040600,20076300,7659100,8215200,10885900,2346800,3331600,8229500,18210200,5536900,8526600,2927600,1711800,16203900,33504500,42000200,10175700,2692000,119294000,12543200,28066500,2575800,554100,8854500,1479400,70525900,2013100,5081300,1907700,1292800,5880600,9642800,3152200,18400,8734400,1370900,3696900,14547000,18822200,1755700,10360000,27828800,42929000,980100,7793500,5062300,3365800,14777200,708100,5525700,1287900,125368100,3080700,10340700,678500,2165300,1640400,3842400,12968800,26396700,48765100,4891100,51950600,3292300,12672400,5699300,2833800,13649500
2026-05-05,55291300,586100,6573500,725200,1507200,6522500,12494600,7547500,14579000,24754600,2043500,27041400,17126000,5456200,1268500,64268500,1398200,8529000,1421100,2386100,49311700,4807900,1480800,6693800,10775100,9813500,4267900,15684800,6316800,34274900,1902800,6919300,5299100,5806000,5959900,4882300,10074200,23878600,3321400,19394800,21175200,5810800,6216900,27419600,57656100,2079500,1236400,6489000,2078400,7187400,11941000,3965300,6189400,3118000,39261900,801000,4281700,17499600,9740800,22756800,421400,8002100,1905900,1889300,6200100,5893200,4609600,11884000,3567200,1878900,41908500,3864500,10891500,4490500,1883300,8247000,1708900,1632400,6876500,4216700,8315900,18635000,7910400,5556700,7174900,1869400,3985900,5642800,15512800,3952500,14021300,3165100,3102100,17171300,23497200,64235100,9794500,2658400,198482000,19843300,25700900,1637600,642700,8280400,1456300,89747100,2048200,4721200,1398100,1674900,6152400,7664300,1965700,18400,8900000,1365200,2955500,22284400,20934500,1621400,13484700,24574700,28458600,1270600,7258300,6321100,3994000,13861100,923300,7295200,1760400,113406600,1776500,10637300,920900,2053500,1162900,4360800,11379900,33457000,47780600,5150700,36933200,5412100,11637500,4722900,1895500,39099400
2026-05-06,127295700,741300,12686700,1664100,2318200,5575000,20527000,12937000,17736400,24673100,2268700,57907500,19779200,5583200,1848000,55725800,1220200,4826300,4578300,3503200,58336100,6319500,2628300,10348400,10500300,11304700,4402500,35627200,8629500,30145000,2289300,16958900,6220600,7522700,6934200,3808500,7764900,31308500,2874400,39634300,20707000,5308700,10430700,39084600,40357100,2282300,1332000,6695500,2247700,8242900,13409000,8050800,10461300,4379800,52771900,877700,8754700,26315500,11303400,23117900,689400,9043500,1203200,2628400,5296600,7808400,9791600,14788600,8214800,1972500,44552000,4405000,11529800,7290000,1866900,9503800,1028600,2244800,3289700,4363300,6337100,45605300,7256100,7982300,10613500,2572200,5781900,11082900,14338600,4452100,8665200,2513200,2529800,19915500,27685500,87732200,8338900,2933600,157320100,18680500,30285900,1446500,739900,23036800,2619100,55524800,2968900,6099000,2192900,2837900,6351200,9399500,2420600,19500,8795600,1590400,3921200,23205300,37286500,2312400,17691400,35257900,27541200,1245200,13180800,7241200,5947000,17655500,772400,10183200,1422500,188362800,3681000,16371500,1349000,2187800,1566600,9187200,14347500,58397500,53465400,5595600,53288900,3845600,14060300,7103500,3062200,19820100
2026-05-07,61495300,735600,16935800,910700,1715300,4900900,22509400,16615500,13403200,21873200,3379000,52909900,22942900,5458100,1784800,47527500,1766900,4724500,2387400,2406200,45224300,5761900,1828200,8695800,13026600,11031500,5909400,18255700,8359600,51092200,1937600,10698800,4333300,6321800,3338100,4043600,9158100,24433500,3296900,25873000,22791700,6956200,7928000,36983100,48346000,1674100,1240900,5235400,2200400,9681800,12416000,18110100,10627700,7248300,40149600,1216400,8208200,23499400,13955100,27960700,908200,8120900,1112300,1807200,4464000,7186100,6191500,9704500,7895800,1209000,35892900,5605200,10116900,6681100,1597100,8301300,1502400,3546900,3590000,4964100,6068000,39193500,7329000,7269700,7608000,3821900,5807900,12194000,15918100,4479900,10511700,3018500,1518900,12307400,31803200,44885500,7162900,3350500,122699900,19441300,34942400,1550700,774600,14637200,2014000,50184900,3695900,5658900,1450700,3203600,8901000,9545800,1870800,17800,20458000,2056300,3494900,23683600,26355500,1726700,12063400,25537300,28682100,1441500,10356600,7741800,3296400,18316100,841500,7017900,1100500,168307900,3989500,14935400,1286000,1756900,1361300,4848300,19094800,42874600,64294200,10556600,51724600,3121500,16531400,7962000,2630200,14081600
2026-05-08,50774200,931500,10012900,749900,1665000,4874000,19550100,10534100,18531200,18141900,3522200,30573500,79927300,4081000,1694700,65130900,965100,3710900,5215600,1501700,52692800,5873400,1249700,8018500,7600000,11222200,4323600,20371600,9464300,37850000,1686200,10062000,4153400,9870300,5928300,5804300,12909400,21461800,2443200,20169000,22561400,3267100,6054100,29627700,38903400,1189800,1499700,6455100,2348500,6230100,12894000,9904400,5883800,7842900,48391800,607200,3897200,18158100,15123900,24699000,934500,8861000,953300,1532400,4934400,5950200,6679100,8996700,8074500,1068000,34732700,4727400,10323400,4915400,1733200,5073200,1007400,1501600,2386900,4143400,4466400,38130400,5725100,5550600,10165400,1905700,3593600,13053000,15985200,3667500,16468500,1938300,1733500,13557000,21158300,58134900,7929800,6802200,227681300,22685000,33383800,1090500,589000,10013600,1805200,41745400,3746200,6277400,1313300,2979000,10250100,5741000,2317500,13400,16164800,1293800,3559200,20589000,17796300,2288300,13648200,18261100,36111200,1114800,8009500,8165200,2585800,12202700,742700,8881500,918300,136421400,2295600,15183700,732000,2853200,1558400,12168100,31062100,25990700,65050000,11641800,47227100,2182400,12447200,5292500,2948600,14073700
2026-05-11,39601100,1772200,7535000,980000,2411400,6078600,14849500,9513600,14680000,26357900,2541200,31943300,54779700,7279200,3156100,70972900,1612000,6512600,3938400,2790900,42247300,5272500,1787000,11216100,8586900,10461800,6062800,18520900,9512000,45474000,1769200,9859200,4729300,4670200,4949700,7237900,13659300,30753700,1918800,36127100,16825500,4172300,5829100,30759200,43558000,1298600,2063700,6949600,1622500,7233800,12129000,6718100,6277200,5172800,49736800,781900,4738800,22669300,11145000,21402900,1148400,10544300,1264200,1758200,8373300,9586200,5588500,9150000,5905400,1729100,38176700,5771000,11062700,4931700,1309800,6681700,1028500,2380700,3724700,3959400,4434500,48204200,7750600,6223200,9255700,2104000,3366600,12042100,16063000,3225800,15988900,4050600,1317800,15940600,16890600,46085400,10022600,3081600,179486500,39710200,35657900,1146300,1227200,17333300,2053500,41414500,2335500,6524100,1376700,2770500,5385000,7489500,2642200,19300,11173200,1363600,3517500,22947600,18705100,2191300,14017300,44620300,33132200,1095500,6200100,8324000,2256300,14852300,667400,9347300,1389000,160685800,2208100,18699200,1087600,2410400,1895600,11517000,25403900,61486200,78376100,9404300,44024000,3158200,10967900,7051100,6274200,18994500
2026-05-12,35190100,1145400,8359700,912400,2236500,3798100,16443100,10046800,18121800,17097100,2323700,36814500,34195200,6556200,5680400,73743000,1626500,5002000,3117800,2652700,45748100,5333300,1721700,19818800,11594700,15950700,5095800,12796100,9498200,38590100,1430400,16129000,5336300,6861400,3680300,4658000,9514400,26017500,3119100,46895200,19004300,5022400,6622100,44193700,26819500,1367100,2839200,9236300,2575200,6922400,10294000,4910400,7468700,4419900,50215700,925100,3387000,28240500,10214000,22354600,789700,6892500,1398000,2415600,6250700,6235200,8121800,9341800,4904300,1297600,36776200,5540300,16105000,7044100,1217400,5532700,1241100,1603700,2953100,3296000,4511500,41155200,9117400,8632500,11897200,1736400,3675100,8995100,14738500,3234000,10719100,2694400,973700,11351600,22123400,39140100,7773000,2275500,172516500,32830800,38594200,1143500,824300,15654900,2143200,38781100,2329800,5604900,2505400,1440200,6034900,9051200,1995600,20000,14181600,1163000,3037500,21367800,18226200,1846800,14572500,49520600,33518800,1021000,6875300,9319400,3337900,14477500,684900,6431000,1210900,159176600,2258900,17935400,767900,1438500,1089600,7150800,21003400,51692800,60569300,8295200,54185300,3892500,19883100,5756400,3761500,25493000
2026-05-13,25441600,1271900,7871400,915500,2355200,2511700,15772800,13672100,13127800,14805900,4811400,22707200,26587400,4461000,6069400,54875100,1351600,11512800,5063600,2265600,52684300,4463700,3838000,37590300,8455400,9817900,9471900,14164600,7709500,26226300,2359000,40214600,4061300,4997900,7584800,3757900,8370200,28144600,2183800,25576500,16981200,5242500,4611800,33440200,39420000,842800,2089000,8454100,3494300,6775700,9381000,5236600,6070600,3440900,30744300,1149200,3489800,27268600,11951900,22107000,656100,6829800,1194200,2256600,5524900,7950400,10704500,8633100,6385400,1387700,39670900,4615700,10463200,5705700,1335500,4530500,1039900,1272700,2316800,3322800,4944400,28484700,8110500,7464500,15841800,2173400,2594800,7554700,12480700,3870200,16507000,2629800,924900,14634400,15789300,30423400,5772800,2967000,115364400,14987900,29667100,985000,879300,14287300,1654600,55189400,2206200,6144100,2450300,1537800,6666700,6685900,2321500,21500,11203600,824600,3486400,31862600,14118100,1691200,13643800,27158600,29838000,925900,5977100,7839400,3404400,17112400,568100,7546500,1368800,150405400,2014900,13786600,725100,2823600,898300,5008500,16343900,24146500,68283200,9337700,44200200,3366200,12357000,6766000,6653700,15923800
2026-05-14,32397600,2812900,7689300,919200,1898000,2360000,11331500,5192600,18577100,27967600,3996800,23487000,25324100,3611300,3155400,42142700,1012600,16397800,2989200,2504200,35324900,4785000,2588400,13854400,10703400,11424900,5498100,15728200,7364300,24883900,1969000,19422000,3558200,9559400,2866700,14169600,16576900,21136700,2041600,28148900,19733800,4745800,5966700,37059700,24102700,979900,2008100,5342500,2461900,5438200,8100000,5784300,7364000,2656200,51372300,1416300,4671700,18472900,9749400,25571500,397900,5678600,1088200,2444200,5022200,5277400,7610600,6404900,5117100,1138900,31338400,3547700,6627600,5006500,1150000,5877500,1065300,1121900,2011900,2584900,4786900,28249000,5284200,6974400,7763800,1521700,2771100,6222400,15859400,4991700,19231100,1854300,1664400,10651200,22545000,26113600,5540900,3240500,118279800,27216900,27077500,915200,767200,14828100,1606600,37052600,2547700,6421600,2436600,2351500,4533200,9636200,1476300,24000,11263600,856600,1751700,32661100,13477300,1412600,15009900,33827800,37671800,1136600,5316400,14936200,2483100,12618300,524600,5767800,968500,180782900,1662500,14200400,705800,2424200,960400,6241900,19388500,26379200,46070400,10346700,45307600,3165700,10642000,4529700,3655500,9719500
2026-05-15,27358900,1252200,11495600,1274600,1862700,2784800,27882400,10566800,11868600,19662400,4162600,33565500,22469100,4871200,2865500,48519000,1346100,20331200,4665200,3568600,54862800,5937700,3849800,14711500,11192800,14519000,4048700,10833000,8699300,25876800,2157300,17985100,4295100,9319000,5722800,14834400,14428600,20309700,3447700,23761800,18957100,4936600,10453900,29789800,37110100,1273000,1770100,9811200,3524200,11418400,9804000,5533800,7826300,2800400,40007200,1244800,5055100,21857600,13883400,34569700,573300,6777000,1288900,2663600,6230600,6054500,6983700,9643200,6632200,1114000,40770300,3601400,12229600,5385000,1488500,7336100,848800,2423400,3253300,3416500,7820600,25080500,10028900,12167000,9039900,2844600,2996000,11210800,19654300,6421200,13681000,2350600,1978700,13272600,15747100,29131600,7014400,2649600,135206000,21746300,50771200,2577700,728000,11851900,1967000,32629700,2641800,7694000,2205500,3572300,6640700,6989400,1703300,34200,15437600,1299200,2820700,24757300,14080200,1807400,17432100,27061900,46282300,1277200,7059500,12768700,3832100,15462600,648900,6661600,931800,180977600,2114600,25323000,914400,2010400,1236400,4833100,16479000,27273200,52688700,11551000,60410800,3080300,17527200,11118500,3835700,16481200
2026-05-18,26671800,1051300,7572700,1184600,1508000,4945800,20065200,11461700,12117200,20209400,6203300,41516600,32319500,8086700,2552700,60042500,1350600,11950200,3918600,3383400,34483000,3770200,1897200,10107300,10543700,19162600,3734700,8634500,7546300,21082500,1881300,10379400,5125600,7884800,5129700,9646300,10399800,26837200,2030100,24639800,17863300,6060900,9985100,32974600,34111300,1135500,1440900,8400700,2637200,39950600,9469000,5624900,8696000,3739500,35663100,1133800,5272000,31554300,13671200,51220700,542700,6976300,1451000,2346100,8799400,5305800,5649000,8562200,6321800,1410100,33690800,3848100,11634800,5069000,1883500,6781900,1012400,2502800,2862900,4076600,6781000,32037100,8047200,10141600,7949200,1649000,3156300,9869700,19299700,5591800,18866500,2002200,1778800,13772400,19114300,28432100,8996700,2274200,145764000,25080400,32564100,1144500,2996600,14527900,2295200,32034600,3914500,5627400,1946800,1409900,5182200,7731200,1903600,26400,18799200,1382800,2016000,24439000,17103600,1664400,19169500,31095700,33404100,1257500,5805200,8265000,2865500,14798200,1286200,6513100,928900,146280900,2637900,17183200,971800,2002900,984800,5132600,16934200,31649800,52474200,8734900,47843900,3297800,12375500,7727600,3435800,9478900
2026-05-19,23166900,1054100,6833900,1923900,1767300,3639300,20715600,11605500,14083000,20490400,4323700,31111000,30076900,9039500,2676300,61792100,1332100,8539500,1853600,2627300,42243600,6357900,2147000,13889400,11881300,15751400,2749700,8800800,8066900,19605200,2104800,11084200,5163900,5193600,9068200,5520800,7085000,39545700,3040400,21512900,20652100,4328300,8578200,35956300,41036700,1202600,1537500,5016800,3192700,25749400,11170000,7005900,7503400,3795700,35290900,843000,6386400,22307100,17510800,55624400,435700,8389800,1219500,2717400,10093900,12858100,6233200,8308600,5860700,1656000,40340700,5093800,12233000,7220300,1312200,5735900,1069900,2331500,2951900,3378300,8408500,28639300,7555400,9677900,12388200,3238700,3109700,11819200,10002000,5854400,11575100,1848000,1689100,11749900,16717700,38756900,5891600,2918400,150234900,21663600,33018700,870400,1445100,11768800,2853300,29777300,3121400,5578600,1668000,1838700,5009000,8355800,1742900,31900,17860000,1107600,3796000,25003300,14841000,1395400,16011100,20581400,44154600,998400,6029000,8418700,4381600,12142700,829500,7296900,719900,140948200,3669000,16957100,949100,1488000,748100,4082700,18649800,22197000,46500600,11030200,54255900,3440400,16595200,9509000,3935800,13711800
2026-05-20,38111000,919700,6923500,1943500,3104400,2269100,18509700,11128300,10254300,17178300,2647100,61776800,24347700,6014000,1978200,48827400,884300,11276100,2232700,2701300,38229800,7201100,2727300,7575100,20467000,12630300,3929400,9617000,9327000,19037500,2049700,7035400,5148800,3750100,8204000,4905700,7044200,31744400,4074400,21855400,16312600,3861400,12155100,42148400,35574200,1583200,1455900,7783900,6992600,15748800,9000000,5981000,10524700,6548500,51458000,1668100,9039200,17584800,13025300,30037700,504900,8111300,1784800,3333400,7425800,9422500,5409500,8574200,7901600,1748000,34933200,6295000,14035000,5129000,2259300,11954600,731300,1985900,2684600,3615700,5306800,21766400,9130600,7353800,10527900,1749400,3499700,14564900,9825300,4789600,12919800,2326500,1725000,11329700,16517200,36137500,5311700,4577100,165086900,20010000,27864000,2111700,1165600,13890200,2223400,31307700,2969900,6634800,2313700,1097800,5571000,8375600,2027700,33900,17533200,1018900,2998800,29808100,13231200,1744500,13162500,27194100,47739400,1373600,5665700,6888400,3988800,12015900,966000,7660700,727900,184201600,6644000,28471600,883400,2137200,780200,4332900,14695300,22745900,45294700,8698900,45768000,2547800,16999700,7543900,4095600,10991400
2026-05-21,28075500,1475200,8254700,1549900,2452300,3483500,17061700,18027000,8937900,16266400,2596000,45851100,30826400,5221300,3305600,42461500,998300,18305600,2095200,2489800,42965100,5817400,2113900,7779200,10235900,10873200,2815000,11620600,7874400,28163700,1655700,12621500,4855400,3981200,8687400,4440100,5674300,24852800,2001000,119132500,16865300,3567800,7082300,33344200,20181500,883300,1385900,4732500,22353500,12490600,8205000,4266200,8535000,4173600,34844300,1273000,6975800,18781100,10949100,26474000,369600,7470500,1395200,2376000,6123100,7034500,5838900,9162400,4621400,908400,36591700,3725300,13185200,3813800,1423300,8298200,396700,1548500,1933700,2474600,3741100,30832500,7402700,5239000,7157000,1483500,2494500,9051200,10526900,4131000,10787300,4296000,1447200,13476100,12119700,27252000,5046800,1992700,102452500,24819900,31393500,2027300,1178500,10385900,2149700,24311900,2814500,3596300,1328700,1139200,4920800,6297300,1757200,22300,10584400,1639700,2705200,21506100,13551700,1358400,13174300,148238500,27461900,976900,5754500,5682900,2205900,10184500,799100,5663700,639200,203381800,3395900,53006600,807600,1980600,612000,5075000,9433400,62941400,42636900,6323600,43332200,2922100,15708400,5300500,2366000,10925200
2026-05-22,39441000,892900,5836300,1047700,1923500,2531400,12948500,10203400,7111900,20817500,4003800,42428900,32970700,4801800,2803300,36002900,1135800,10996400,3683600,2179000,43670200,3734200,1274400,10415400,6954600,10739900,2949100,10554600,5973900,30375700,1454000,11868400,4108700,4630600,9270100,3193800,7927600,20442100,1566200,141703200,14086400,3829700,5289800,23308000,22320000,944800,906000,5598600,12480800,10755400,7231000,5819100,6910500,3097300,40169100,1038000,4047200,15187100,10176700,23646300,569200,7379700,1746300,1811300,7774400,7462100,12629700,7854700,8062500,820100,27535500,3291900,7889900,5406100,1873100,6437100,456800,1620800,2353500,1959300,3396200,30208000,14749200,5462300,6915200,1433900,2515100,7209600,12786800,3779300,14812300,2476700,1548300,11688600,10875800,34758600,4492800,2209200,82663000,30710500,22390300,1617900,994900,11410700,2048300,27578000,3006900,4315400,1294700,1038000,5973400,4616700,2206200,19400,11113600,1050600,3470600,19823200,11154100,1666700,14023400,204233200,26683700,1021300,4947400,4889300,2446300,7856200,652000,7129100,1161800,169275700,3179900,30330600,668700,1327200,689300,15291500,8728900,52650100,46104700,6626100,41762000,2555500,8240200,5038900,2877600,10691700
2026-05-26,43169000,930100,5272000,1251700,2080600,3437900,13057800,13452400,10132000,20130200,10720400,38819900,32920000,6523700,2369300,76560800,1569900,11653000,2625700,2475000,48000500,5567400,2104100,13539700,8241700,12500300,4809100,11835300,7725400,30646400,2099100,5599000,4191600,6286900,7543200,3618900,7755000,27747400,1860200,54691500,22562900,4320200,5007100,24530200,29084700,912400,1602500,6498100,9770100,11759500,11503000,4820100,6797700,3331100,42643500,1043300,6159200,13738200,13617200,23589900,386900,6369700,865800,1817300,9059200,8705100,9274300,9763600,8511800,1105600,38028100,4161600,9475800,4706700,1792100,9492400,1114600,1407700,2855200,1947300,4168900,44846700,10008700,6619600,6590400,1623200,3134100,14264600,11819500,3211800,52394900,3969400,1451800,12234200,12856100,38473800,7552500,2410400,108167300,48352900,30398000,1600000,889800,18505700,2704600,31723900,4005000,5529700,1785900,1349200,6408900,8157200,1964700,45700,8319600,1346600,2981000,42558200,16734000,1651000,29619800,89078700,27397600,9667400,7178800,8044400,2877000,11372000,606900,8480000,1642900,187202600,4352600,28796600,850900,1411500,1270000,10305700,21956700,30128800,45658900,7164000,41123600,2996900,13004200,6524700,3606900,13161000
2026-05-27,35758000,893000,8801900,1328600,2195000,3794300,16241100,16202900,14695600,25413100,31831500,48329800,29193300,5293000,1834300,72295700,1399600,11347400,2713300,2142300,50430900,6731500,2683300,7252300,9010300,12297400,3232800,6982200,11779200,25694700,1594800,8272800,5747800,3472700,4460700,6545100,8196800,23087300,1929500,34015400,17601000,3436100,13116100,45239100,39024700,966000,1891700,4544000,7921500,10856200,9502000,6861400,7413200,3094400,33746300,861600,10618900,16869400,18524900,28633300,392900,9931800,1164400,2070400,7404500,5917400,40364400,8819300,4896900,1616800,40061900,4869600,12224200,4640100,2433700,11966100,664100,1751500,2846000,2834900,3375000,23685700,7162300,5835500,10062500,1474100,2768000,9442800,11885100,3402000,29817900,2078600,1839500,23143600,12126000,27589300,6263200,3015600,93323300,36427600,28901500,1305800,1913500,10469900,2390100,34159800,3909900,5147100,1816200,1297500,5032000,10048900,2358400,52200,13091600,1044900,2583000,54198500,16779800,1361600,26463000,56481100,48581500,16930100,5828700,5047600,3128900,8262700,520700,6740600,1112200,167601200,3341400,22062200,880800,2728500,752600,8262400,15575700,29691000,44656500,8318000,42106300,2059500,13209600,6646000,3345800,14170300
2026-05-28,74574100,556200,9142600,716500,2273000,2838100,14012500,14097900,8905800,44052400,16251700,46554100,20458600,5384100,1408100,49694300,1520800,6728200,2383500,2127600,48220400,6174800,1974600,9490000,10566000,11167600,11464700,7194300,9757700,21118400,2266400,11541300,4528300,9354400,3996400,4525500,9042900,24357500,2159000,54482200,17855600,3274000,7591900,40564600,25651800,1679800,2304300,4330800,7492200,12968200,8855000,5806200,8669000,3933400,37642700,971900,6541700,19383000,22559400,39117700,368800,7322100,1357900,2020400,7625200,8105400,27541500,8402800,3598000,1974100,40630400,5073400,6414300,5189300,4745100,7700700,920600,1813700,2318400,3924100,3650300,26165700,9258900,7193400,10397400,2129300,3212800,8725400,16275000,3386500,23947200,5596400,2662700,16772400,25339900,31438500,6002800,3599800,97321000,21640100,47250500,2263700,1234400,12231100,2844300,52085200,8969500,5834800,2038100,1393700,5610000,10196700,1924600,23800,9488400,1137600,4600700,52624900,19167800,971600,24723300,86061200,48550100,4965100,5989400,5675600,3047800,10288100,1059200,5884400,4163500,143996000,2900200,21613100,643900,1799500,1097900,26611300,14146700,31801200,32435000,5663300,41562600,2981300,14691400,7784000,2378300,17132700
2026-05-29,93235100,1905400,10408900,1183000,2158000,4674500,27959900,31216600,11232300,64411000,11010100,32389600,34878600,7218800,4436700,60498600,3387900,9035300,2812200,3153800,70026800,8255500,2569600,6071600,11728000,15031700,10066300,15385900,13969000,28781800,4481400,12504300,5493800,7009900,3200100,5533900,10249800,44415800,2953800,36381200,41798400,6642300,7258000,34240300,48284200,1759700,2567400,10257900,8922600,25347000,11457000,9627800,7054700,4206300,47772200,2030500,7158600,23048500,33998900,68243400,359800,8488900,1893400,5920900,12776400,14104500,35211300,10872200,3781200,2322500,54749600,8540200,13011100,7618500,3357500,8224600,1277400,3862900,3321300,5693100,9749100,44318800,16596000,13897700,13195800,3674800,7668400,13886500,19225600,10808900,19813900,5993400,1931800,19806500,41082200,30803200,8383500,4530400,191676100,54954400,79654400,2132700,2187500,27669400,7028000,92196600,17583900,8754400,2391900,1986500,17509800,12355800,3184200,55000,19256800,2246900,4600800,34024700,18700700,1069400,29983600,61186100,57930600,3910800,12401400,8546800,3903100,11376700,1975500,16785100,2729800,289410600,4233800,42191000,576100,1793900,1245300,41833000,22322900,28460800,45176800,14998900,55075700,3035200,32477000,14672900,2491200,18833300
2026-06-01,50422400,841500,13548100,1346600,2666700,3358000,16732100,12977800,18040400,42590800,10359600,55879400,37294600,6162100,2507600,46552100,1164800,8697900,1985700,2986100,48849900,6431200,2396300,10319400,24538000,18968800,6337700,9991500,7930000,21185200,2507300,9297800,5270300,8207800,4545800,3569500,9063100,28672100,2120500,49079000,30586000,6478200,11012100,34507600,35553600,1060400,2190500,6623700,6565200,14192200,7359000,7537400,8235000,4354300,51422300,1253400,4778400,31206300,27594800,68789000,593000,6638700,1115200,2103900,8077300,10079300,14075800,8052800,4322700,1396800,53604400,4715200,20246700,4858400,2586600,7337000,1423600,2894200,2339300,4653400,8510700,41564800,9406700,8041000,12582900,2009100,3025100,8850500,17780300,8535300,16076500,3371500,1426100,29138800,48390000,33309200,6240900,2621800,134900400,27218700,53628900,1294900,1079900,18846300,2816300,57654000,9806300,5482000,1311800,1581600,6259200,11093800,4522700,50900,18361200,1374600,2693400,32926900,18945700,1058900,30989100,70028400,34303700,3101700,7449900,6613700,3215700,10051200,1321700,9623100,1374800,212850700,2881300,26176200,1194000,1648000,854600,20849200,15566900,28317600,44937900,13714500,43634900,2661200,12776300,7360600,11480600,16231000
2026-06-02,54883700,1097800,7931900,709700,2125600,2561900,10462400,11982700,10147900,26630600,8572200,23842600,19498000,5077300,1551000,47555400,1700600,8360100,2356500,1795500,44534700,7664400,2048100,10855500,19926800,10175200,3585300,9144300,8296200,18508500,3010900,15355100,6493900,7936300,4554700,3945300,9228400,50412300,1558800,48442500,38306700,6160600,8219300,30988800,31295700,804400,2132800,3874400,7382800,11709800,10611000,7275600,8663800,3499400,39020300,961900,4599300,27366300,19216600,41371600,600400,7011700,1147100,1342700,7864700,10125300,8915900,8632400,4544900,1186800,41811000,3868400,15723400,5861800,2347200,5198800,1563300,2725900,2074500,5028300,5761800,64463600,8311500,5669000,12024300,2020900,2963600,6549800,31130800,5821800,10205200,2962700,1372800,18252000,30294800,24293200,5029100,2116700,106336200,21436000,37036800,1087700,1066700,24065100,2218200,43163100,7534600,4385900,1183000,1172200,8082600,9599500,3168100,28600,16741200,1079200,2408500,112646200,17871500,1484000,20861600,74159600,42126500,3919100,6113600,10440700,3445100,18969700,1333400,11136800,1110000,193362900,2774100,27366400,1450900,1771000,961400,16018500,19447400,27651000,37596000,20783700,31581900,4817000,12533200,6538400,7774700,11441400
2026-06-03,51041900,891500,7336200,945400,2562200,2902300,14373000,11389400,10245200,24090300,7737700,46312800,21579800,3927700,2460900,40324200,1386500,4896600,1899000,1921500,50836700,5957300,2042600,6868300,12438500,11582100,5122400,8069700,7003900,19467000,2283600,8646200,6066700,6842400,6038000,3101400,9544600,55441600,2289300,42311000,50126400,5665400,6086400,44906700,30957100,934400,3140100,6808400,5722600,11903000,10200000,7983400,6900600,3607600,32010400,900000,3701700,21948600,14154400,34316400,461800,6981100,1564400,2286000,6225100,8992800,10755900,8630900,3884900,1058000,51394200,4856400,14750300,5667500,1660900,5275000,1272600,2654000,2181800,5227200,6635200,53228900,8225100,6507200,9836000,2404900,3046500,7983700,21141800,4871300,16521500,2702100,1271700,23020100,23644700,29411100,7846100,3939200,118928800,17835700,39037000,1431500,986700,22785200,2174100,41072500,6149700,4322000,1164500,1617100,6237100,9351000,2877400,28500,20986400,1044000,2655600,115542800,16040300,1826900,18499200,78372500,48065400,3205700,7091700,8964900,3499900,13873000,1220500,6730100,1334100,160907000,2074700,32880600,914800,1155300,878900,14231100,15236600,30856300,44500700,14716900,51402500,3928600,14964300,6220700,4373100,19227300
2026-06-04,32738400,719100,5086900,764400,2608800,2534400,11799400,9985000,10974100,31788600,4378800,23916300,24826300,6075900,1416100,54917200,1216800,4460000,2860000,2525600,44869100,5565300,1876600,5548700,9689200,13142600,4224800,10214000,10345200,14185600,2995800,6928100,6056200,7876100,5879300,9609100,8499400,44055500,2907100,39223000,80979400,5184700,4969900,57368100,31272000,887100,2606100,12666100,7030000,9488900,8253000,5393000,6670100,3719700,34355000,1041700,4216700,18216500,14453600,28144000,495100,6666200,1362300,1528900,8089800,6981700,7072100,8277000,2969400,1150100,35609800,4026600,12184700,6782000,2013500,4843400,854900,7611800,1859800,4020600,4463800,29704900,15933900,7274800,14051800,2101800,2107100,5163200,24590400,5161900,12602100,2719900,3301000,21469200,19993800,29110000,6488200,2992200,77325800,16849000,26899500,2041500,974700,11973900,2345200,40834000,3962900,4697200,975500,1591800,13729200,8194000,2998700,35700,29799200,851300,4046700,86903500,16211400,2248200,38926300,48003300,51883600,2512800,4813500,6729000,3481900,11648600,1014300,7924400,1021700,169022200,2656100,22870400,549700,4393800,1394700,12297400,19452100,40211400,35323300,9832300,49923000,2163900,19361600,7216800,3467200,11255700
2026-06-05,49259600,880400,9498600,1033500,2643800,3611300,16584000,10062100,19644200,35905100,4617900,28213000,21477400,7330000,2326400,77250500,1439500,10448800,4559900,2122100,65310500,6171000,2470200,7306800,12395700,26816100,3512200,9094700,9118800,24189200,2886200,12891400,9005000,6483700,5556900,7484300,16718500,37471200,3450800,34320000,51146100,5326500,7699300,42101700,32218500,793300,2061500,10897300,6306300,11843200,18586000,7122700,8893400,4044900,41247100,1154000,3835900,21351600,13183900,31452000,412500,7810300,1530000,1431400,13228700,7176300,7418500,13309000,3673400,1975900,55607800,6084000,17021500,6248900,1839400,5067600,682500,4195400,2538000,4230700,5619900,50039700,15967200,8034900,20723000,4575700,2750300,6310900,41943500,4909200,13942600,3903900,2298200,30091600,29019900,46900600,9009200,2445700,145209400,24000700,34782200,2474200,975800,18896500,3092000,38283500,4017700,6272200,1281900,2827200,15369400,10963200,3520100,29500,20955200,903100,4126200,93976400,18383900,2744600,26943900,50337900,38829400,2366200,5989900,11909400,3362900,18101000,1069700,11937400,1121900,219655500,2696900,36638100,1478500,2365700,1192100,10990300,15110600,32124900,63420200,7795500,93989400,3894300,25708100,9875500,4130700,23894900
2026-06-08,31631100,1162400,7683700,635900,2326700,2483100,13870900,14202700,11245400,19347800,3460500,25717800,13433200,4790000,2079900,54097800,1647100,5052800,2783300,2404900,77949100,4732000,2442000,5149500,10994300,14685000,3191100,6043100,6827000,17180600,1890500,9493300,9077800,4225700,6205500,3420300,8827800,27942500,2488200,29009500,37099000,4974500,6307400,39102700,42028800,1006000,1263500,6963200,5587400,9541700,11659000,5333500,5372100,3278000,32778400,1326700,3890700,20843500,11177800,19737700,342000,6621000,1149300,1603900,8800500,5582000,9416600,11465100,3327700,1349000,33899500,5028200,9544500,4915600,1579400,4692700,874200,5635300,2100500,3091900,5814300,23284300,12312200,7559800,10639500,2963500,2387900,6113000,20952000,4728000,9072000,2278700,1131300,19512400,17227200,25158800,6226300,2500500,136973900,13679300,32086700,1395100,1259200,8918000,2086100,26978900,3631700,5908700,988500,2229000,9796000,7200700,2582900,25300,13349600,847600,4504400,84575500,12919100,2062100,15796600,35468700,30332100,1477600,4758800,9726900,3058800,12694000,1033200,7791100,903600,138372800,2260800,19514100,663100,1311600,876200,8569700,11481200,28561700,50328800,7009800,49319100,2159100,12828900,7630400,3629400,16778100
2026-06-09,51851100,934200,10375400,1436400,2868500,3137600,18163500,13093300,21199500,29312400,4774100,46026300,23730200,11117700,2820700,73448600,1111000,13064800,2467400,2995700,70108800,7841100,2589100,5478800,13510500,29884400,3479200,7334100,11594600,29906300,2956600,11871000,6589000,3834100,5343500,5627600,8896200,29535100,3388200,37886900,37026900,5556000,8203500,41695100,35273200,956900,1455100,8590400,4922900,12217300,16366000,7801500,9457400,3492400,48297800,1314200,6336400,20424800,15427800,35824800,539700,8153200,871200,2100800,10390200,6340400,7162200,14466800,4059000,1394700,44425400,5538100,12440600,4257500,2165900,7695300,1020700,7863900,2335800,3309600,6255400,39208700,9669100,8354500,13125500,2892100,3740400,8469900,23055700,6747400,13242000,2817500,1461800,16977400,26040700,37799800,7278700,2634300,149623100,27018700,35317300,1797000,1190600,12403300,1998600,38680000,4092000,6227900,1575800,2940600,8683100,8259300,2595400,38900,14962400,1020700,3822000,94754500,19281700,3151400,17850900,49060800,32329000,1877600,6289000,11731700,3009400,15696300,968200,8920600,1108400,180962500,2678600,23959000,1186400,1571800,1423200,10471800,15565500,35304000,59940200,7662900,87683500,4456800,20591600,10050900,3546000,17585000
2026-06-10,191345400,1071200,9084100,948300,2287200,3455000,14596500,11849100,13139700,42027600,3928400,36515300,13000800,6904200,3401600,55712600,1214500,6514600,2329500,3030200,52793300,5362800,1821600,3999200,9676500,20059800,2749300,6867400,7446200,18426600,2572100,10880900,5435400,5224300,4637100,3961300,6406600,32357100,3000400,20856500,38193500,4560100,7515100,31128400,30376300,794500,2757700,6512900,6158300,9142900,16030000,6267100,13851900,3684200,33286900,1247900,5448900,17778000,10820500,20052700,358300,6791900,1103200,2247600,11249200,5793100,5680400,14088500,5195000,1701600,38590200,4497000,13134100,4147300,1671700,6647300,895400,3869900,3555500,3239900,5855200,28025700,10302100,8350800,11712200,3791000,3266000,10041800,15690800,5176900,8464900,2624000,1409200,17064000,46108300,27777400,5978300,2525400,122653500,16178400,32576000,1145200,816100,8300400,1715600,30612600,3163500,6037300,1418300,2939700,10154200,7345900,1783700,21300,10109600,934300,2700600,54175100,17139800,2586400,19534900,32632200,37025500,1486000,8723300,11393800,2883100,14778100,751200,7325400,813800,161746600,1690000,22414900,897700,1528900,761400,9281200,12580800,23605600,49695600,6495500,60341300,6960900,20880500,10167100,4071700,14669100
2026-06-11,251249200,914700,7478500,1121900,2561900,2755000,17285800,10567600,13826500,38959100,3810600,40863500,26119300,5408800,2413400,59418900,1440900,4609600,2376400,3427400,42572500,4631500,2959200,8241100,12442900,18238400,3965800,5326700,9116600,18933100,2259500,16403600,5931800,5069300,2929600,7935800,6933100,35538200,4727100,25165300,35187600,5514100,8680300,41295600,45268700,1148700,1486900,4938100,6120400,8639100,17694000,7433800,11046100,3955200,34814800,979000,6785700,19146300,16666000,28321500,301600,8094500,1233800,2345600,8653900,5958900,10188500,14984000,5127400,1496500,41335400,6043700,18013600,4569000,1960600,7975700,795100,3000400,2639800,3801000,4756000,36369700,13180300,7399000,10548800,3495000,3142000,9274100,17574200,17786900,22354100,2467700,1515000,17628000,63678500,30463100,6334600,2589900,188430300,24756400,47224100,2742800,943100,10687800,1903400,27554500,2811800,6492700,1524200,3850200,8665600,6684700,2128100,36800,14136000,1378100,2764900,57254500,15852100,2965600,25424800,46720800,31746300,2235600,6704700,12427700,3286600,14895400,896900,9862700,684100,158643200,2663100,22438000,840000,1931600,1708900,7869800,10929900,25218800,45324300,9672400,86330500,4725200,14264500,9980600,5104100,14757100
2026-06-12,84317400,837300,8209900,1187300,2206000,3189700,17713100,11980000,10362500,33030900,4752000,31964700,62987600,4958100,2457100,40785200,1204200,5042900,1577500,6260900,38742100,4694300,1954100,7678400,15194700,15014300,4625800,6052500,7426200,14123700,2191200,8157900,7465700,4976300,3648400,10216600,6489500,24704600,2730100,27862100,27600900,4002500,7655200,51023300,38773000,878300,1498400,7269600,5153700,9973600,10056600,5083700,6961600,2615700,41750500,1239500,5367500,17942600,13589400,26049400,412700,6491800,924200,2404000,6781700,5543200,6117300,9253300,4573500,1115800,51186600,4172100,9363000,4086500,1289500,6867900,619000,2665200,2175100,3984200,8748200,31174400,10926900,6459400,9111000,3812300,3652900,8703400,16772200,25030700,22230200,1793500,1149200,14326400,29562300,31553100,6285300,2223000,151169400,54914500,34865800,2612100,717700,8173100,1737300,35378000,1979500,3348400,1289000,2079500,5214600,6832000,1366100,23400,9243600,1029400,2438400,42047300,10181300,2529600,14804700,34662800,32989000,1907200,6616300,8055800,2451300,12609400,800700,5368300,1046500,112001800,2003500,14753500,464700,1587600,988100,6059100,10526000,24732300,63514500,6773000,57079500,2551100,11757700,7710100,3409500,12304100
2026-06-15,61776800,883900,7205100,1148200,2364000,5774200,23631400,15240800,11184900,36576900,3498100,44319100,28928300,5346400,1988400,44994600,2180900,6581600,1692300,4189000,45732600,5862500,2678800,5676800,14993300,13097800,4014700,7240800,7988900,13993800,2860700,10426100,6585200,5298200,3475600,16409500,8972000,27727500,4371400,44959900,32394200,5283800,6590300,37492400,34194100,1405400,2159200,6777900,5098600,10284300,18368200,5207300,7522100,4695200,34567900,1164500,7737200,18437600,13541800,23018000,420000,9471700,1482900,2105200,8976400,6803000,7589400,13459800,4455200,1515700,41711600,7223100,10980200,5261900,2359700,9785300,724500,3955900,2336700,3888500,6925400,36702400,15395700,7732000,9525300,3623500,4867700,10184900,19982400,9676900,14860400,2060500,1828500,17653300,20279900,33482400,9522900,3353000,134507500,23998700,32266400,2642800,815900,9642900,1893700,41748200,2854000,6073900,1536400,2922400,6653100,9158900,1846500,22000,10184000,1196900,3167200,54963600,10722000,2339100,15393600,44900900,31666500,2466300,10860500,11664400,4018800,16652600,1073300,7459200,962400,149936700,3049000,20722500,928700,2904500,1585800,7036600,14526900,25313600,45620500,7394100,60176400,3353800,20055200,9216700,3832700,22555300
2026-06-16,54280800,1110700,6151100,1700700,1965500,5804300,18925400,15336500,10943500,31540800,3815800,42008400,27885000,4581900,1660200,45499800,1470400,6465900,2276600,2788800,39874400,5091700,2416800,10461700,8430000,10077200,3132700,8090900,11094900,19629600,2490600,14128100,7896400,3742800,3698900,8657700,6412800,24876100,3516400,29431600,31573700,4003900,6050500,37478300,32829600,1372500,1269900,4815100,4813900,10342600,14048600,5194600,8978400,3672500,38530500,1859200,6360100,16396600,16385300,17198400,343300,7444100,1486500,1838700,9345200,9248400,7925600,12054900,4942900,1860300,35187400,5582300,9364100,5945500,1734700,10288300,847100,4210600,1788700,4006000,5580400,31702300,10665400,7718100,8630000,2711900,3571900,6663500,17795600,7214600,15835800,1897300,1103400,11344400,16985500,28411700,15860100,3657300,132962600,20234900,31506800,2482200,1007500,8810900,1523400,30409900,3123100,5103600,1278700,2397400,9381700,8518900,1650700,23800,8576000,847700,2260700,59201300,12148100,1797600,15477000,33373900,33409800,2258700,8197500,10906100,3559300,9007500,741200,7706700,1039100,125694100,1880500,23060700,746000,1205300,1127700,6326500,12400500,21916300,40255500,5017100,67093100,2575600,17565100,8008800,3798600,19507100
2026-06-17,53631200,1009000,8079900,1786100,2180000,4593000,16663200,19772400,10934100,70804700,3125900,38553000,28723000,6181400,2029700,46149200,1953100,6860500,1589100,4324400,42745100,8689700,2035600,6400700,16228500,14396100,3124900,6229500,12246400,11955800,2090800,13280700,9639800,4798100,4368800,12427200,8151500,24543600,3470300,27645800,40005500,11440200,9065700,49571900,31117500,1514900,1592600,5838800,4709900,9603400,13213500,7649100,11053200,3438000,34418500,1748100,5133600,22210400,19986200,32165600,357200,5895000,1524000,3113500,10126600,6895200,5454600,10900800,4490400,1672000,44780800,6765700,18015200,5624200,1924900,10340400,1060600,2883800,2242500,2927100,7127700,47979200,10459900,8548000,10991400,4371900,6250200,8430000,18052900,10731500,12175600,1743300,2097500,20478300,16616600,27085300,13569100,3982100,115324900,30349600,41987800,1823600,1299500,10794600,1928000,32290800,2987500,7530100,1887400,3060400,7726700,7055800,2381900,29300,8393200,1142300,2383300,50607300,11366000,2322900,22173100,25801800,40439300,3230500,7002200,11045500,3266500,16490300,709400,7098300,773300,128363500,2226400,21711100,781800,2174700,1340600,8754000,19403500,19556500,43534300,5713800,85945200,2541300,17055400,11838500,3356300,19133700
2026-06-18,68325300,1729800,11764000,1851000,4499200,8424500,48063400,41856500,25817100,39509900,16570900,39645700,70326000,7262600,4068900,64642500,5190800,13979200,2135200,4908100,85962200,11933200,4269200,7942600,11934100,12101600,6964900,11130400,20111000,47081500,5193700,14603000,11655600,4318200,5089200,8849200,9826800,44470100,8151100,31044300,45076100,5730700,8728500,37816800,119614300,2711400,3100600,11896900,10059100,19306600,26167300,18432900,8059200,7413200,32777100,2568800,6761800,36828300,57940800,36337200,502400,18363000,2992900,4364700,19130300,14716700,11026100,22686600,7976300,2846400,75624400,8115100,10446700,9646100,3227800,14843800,2279900,4297300,3715600,6674700,20353100,68495300,29521600,18989800,10879300,4724200,12213400,19146100,35530700,15852500,18739400,3682700,1941400,28824600,31386100,43805600,16683900,4490800,233906600,31679200,59714200,3938500,2609100,14444000,3742900,55338000,8271200,8866400,5321900,3313000,14348300,17076100,7091800,58600,21517600,3978800,4470500,250989400,14052800,2406100,24853700,35772800,70438800,3286400,22893000,16781200,8866200,17963700,2402900,21929600,1560100,241272000,3662800,36526800,2157300,3509500,4242200,15360600,36738600,20362600,58384700,12194700,80875700,3099500,46857900,19149400,6986000,27215200
2026-06-22,128512300,1675000,6267600,1472100,1894400,6876000,15783300,23279100,13686200,31731200,3287400,30765600,27782000,7284300,1711700,53140800,2275200,5937100,2784100,2716100,44879900,6870800,3160000,9597700,9088400,11313000,4661800,9494400,10182500,18203400,1926100,13220800,7382300,4545800,4328300,5103700,8507100,52814800,2521000,29576400,26403700,4444100,7555600,27962800,41119100,2554400,1791200,5818600,6358200,11538900,11719800,5607500,6669200,4255300,67078400,1907200,6875900,21868600,20502800,24940900,569000,8274700,2034400,1817700,10345000,15132400,8468300,14638600,4971200,1607100,68388500,4087200,11243600,9912800,2839900,7497300,1105900,3863800,2571500,3955600,7250300,33707700,10521200,8518300,11706100,2486900,3972300,11108900,25287400,8282600,12562000,2081600,1135600,15405500,22935400,25983200,13160100,3006200,127190600,28409500,45171100,2354400,1604300,8305100,2191900,56924500,3609600,6351800,1601200,2621600,8126100,10533000,3015600,32200,13743200,1704900,3015000,49225100,15859100,1793300,14444900,38322300,38653800,2918700,6867800,10737300,3802800,12958900,1123000,8954600,2370400,122041400,2057400,17053900,941300,2603300,1674200,7336900,18657600,28045000,47819500,5855400,46628100,2635300,21205900,8291200,2749100,13179000
2026-06-23,60658800,1053500,6488400,1252900,2066900,5211300,13699400,28651100,20364500,40632300,2425600,38690400,22306700,10277700,1847600,60243300,2538500,6293500,1668600,2003200,52010900,6052800,3080600,12356200,10273400,14633600,3683300,7770100,7582200,23781900,2215800,11335700,7949700,4911200,3157000,4884000,7590000,34007700,2304600,48963000,33122200,4137600,9196000,33375300,82009200,2396200,2062200,6675900,5781700,12881700,18703800,5921200,8927400,3428900,42217400,1874200,5414000,22295600,20720700,32559700,345100,9166100,1203800,1561200,7589000,11113400,9089200,16065200,3855400,2019500,60492600,5449800,14963300,7365600,2160700,6895000,1146400,3816500,2459000,3936400,7586600,31867000,10469300,11802000,9479900,3198100,4738300,6555300,22502900,6910500,9186200,1799400,1534100,13103300,33327900,30196800,12684400,3549800,132976700,21231000,40647600,1768400,1279700,9311800,2529800,44661900,3282800,3908600,1398000,1878900,8462600,7259600,2139700,27000,9488000,827500,3316300,46361100,11311600,2415700,11169400,46627100,30045700,1991700,7226200,12035100,3674000,16705900,790800,10814300,1041000,153496200,4334300,23411400,945700,3604500,1354200,6643900,11612300,26838900,50420200,5430500,66846800,3840100,16854000,7895100,3387400,13930000
2026-06-24,51833500,1348800,53478700,1446600,1933100,4259600,16212900,28107200,9991200,30220000,2340200,43034600,26770900,6106100,2332400,68935700,1772600,5785200,1487400,3516900,53081900,6971000,2847700,10738400,12425600,12323700,3560300,6350600,7907400,25519600,2564900,15334300,9075500,6200700,5928400,3621500,10045500,44997300,2391900,32009700,29938700,5158800,8301400,30809600,76962600,2442900,2646300,6858800,5249500,14080300,11543700,4742300,7088600,4050600,52852100,1826400,10086800,18884500,13146800,17246400,390000,13956100,1550000,3564500,8324100,8197200,7943800,12016700,3722600,1414700,70282600,4928600,11294900,7311000,1738800,9590600,778000,2802000,2397000,3609700,7483900,33372100,10478100,8139200,10070100,4090700,5064700,10634600,40121100,6947400,11478400,1497500,1411500,13963600,38305000,26548300,12214400,2639300,104591700,21496400,44509900,2603000,839900,9429000,2020200,46520700,2706800,4463700,4117300,3429700,7409600,8618500,1935100,32100,7018000,1288400,2908200,35747400,14684000,2028200,15504600,35175100,30324900,3815800,7321200,10726700,4420100,18531800,1222600,8761600,1079300,151810700,2305000,20600100,653000,3037800,1696300,6317200,11424900,25170000,37081400,4895700,57439500,2882700,20632600,11171100,2677100,15478100
2026-06-25,46077500,1328900,17112800,1158500,1950000,5544900,13288800,21635300,14769500,23404400,2354900,28221700,26903000,6305000,2620300,82143900,1493400,6680700,2145100,2825800,107013700,5257200,2606700,14522000,9655000,13218200,5279100,8231200,10043100,34793200,2281900,20248200,5323100,10578000,3353900,3470700,7807400,44491400,2340900,20652900,23353700,5642900,7151300,31634800,57859500,1431500,2925300,6014400,4314600,13477200,11963400,6546900,7867600,3032300,46177500,1260300,7326000,19262800,11324700,23735600,242600,10844600,1522200,2289100,7333300,7050200,15677400,16824000,3633200,1498700,77674100,4477400,12076100,10278100,1564200,11815600,664700,3554900,1896100,3722000,7233000,22633900,14043800,10130400,9419200,2034300,4436500,7954200,45066500,6957500,10493700,1208400,2091500,16968600,36844400,27031300,11717600,3523100,122588800,22388500,66179000,2784600,696800,9721800,2492700,61840100,3327600,3591100,1790800,3115200,7250300,11197200,2171200,22400,12028800,1378300,2757200,39131600,16693400,2197000,15633900,28023900,33747400,2787000,7836300,16477800,3985100,14175100,774800,8782800,1519800,149550000,1655200,20384700,855600,2156700,1219300,11179200,11403800,21891200,30138800,8961300,53934400,3042600,16021400,8099700,3541200,10371600
2026-06-26,48554500,2374400,12133100,1663300,4008500,9311400,22684200,16848700,17974100,44936800,3692400,19025200,34394200,21988200,27197700,86405300,2250000,8118100,1666700,2812600,261775500,9919100,8235100,13024000,9233700,13433900,28199200,11865200,17640900,37128900,3318300,18307600,9352100,19180300,6012900,9823600,10494700,114706300,3610300,31774900,34839300,5422100,8948900,26643000,59958900,2156400,2196300,10588200,10779200,15654200,21394400,9199700,8856200,6089000,56764500,1741500,6070600,19479300,21267900,27314900,1039600,12746700,8692600,2848100,9735700,16717400,11322300,19733700,5487400,2426300,248372100,5143500,11372100,52635100,5292800,11457300,3059700,8736100,5273200,9200900,8925300,46217400,18891500,16316800,16563800,2739700,5518100,13102200,45680000,9172100,16251100,1834400,3392900,18867700,36532100,52705100,23404400,5899700,99475400,22244800,186201600,4275500,1213600,22896000,8239200,61360500,4713100,8036400,3188000,3006100,19908100,16724600,3904700,47700,13329200,3672100,7725800,41986200,28257400,2840000,42588000,33347700,48757600,6394400,11265200,28138600,4450300,24660500,1584100,29822600,5876700,179304100,7234400,36636000,1071600,4788400,1783300,10833000,20829300,67767400,53434100,8269800,71034000,2349500,53357500,11251800,3922200,33246300
2026-06-29,91157900,1279800,10962300,666200,1887200,5391300,11972700,8193100,14881400,20681600,3262700,25142300,42899300,6708600,3069800,60694100,2349800,5696200,4221900,2558500,66427000,5426400,3913300,9545300,12726100,11857000,5764000,8535700,7981800,21599500,2314400,21078900,6573200,8339300,3206400,5581600,7141100,34213900,2461900,22781900,24285200,5151100,10586700,31628000,47528000,1316400,1507600,5167400,5402100,11131300,14628600,6780300,7860500,5071700,50359800,1307300,4159800,17917800,12664100,25023100,313600,8451400,2055700,2075200,10042400,11710900,6733700,14049600,2814800,1487300,77619200,3172900,10163800,9760500,2442100,6427700,1223600,4074900,2201100,4812000,4566900,20705400,9584600,8608400,12935000,2687300,3057600,8813700,44931500,7527300,10687100,1890100,1844500,15011400,34310300,26671000,11268900,2604900,106805300,33358000,51229900,1658600,734400,9071100,2450000,45017400,3143600,3594300,1797900,1666700,6897300,10387700,2675600,25100,19759200,997500,3684700,31749200,19202300,1760500,22932800,29713300,28920800,3038300,5906000,14165300,2818600,12286700,1149300,12982600,3159800,148835700,2071400,20367000,658000,2894400,1289200,8818500,16658300,22875200,57645800,10334700,58035200,2418400,15015800,7806000,3031600,16684300
2026-06-30,56264000,1091300,13007700,1370700,3162800,4187700,28784000,14315000,15074300,17220700,2602100,28284000,32812600,7742500,4111200,42152600,2080500,16599900,2628200,2410900,65100200,5599400,2455900,7754700,8329100,10729900,5655300,10281800,8080100,22056100,2581100,11816100,4760200,6885100,2419500,3801600,8754500,35237200,2246900,20202100,28517400,9117300,5167900,27725300,60046000,2210200,1762100,5779800,5260600,15742700,19909300,6678700,6530900,3232000,43010200,3510100,5084900,18906800,13690500,19433300,257200,6582000,1738000,1637700,14148300,7957900,5659300,16885100,4182000,1910800,66228300,3571000,12752500,6999700,2078700,7617400,791000,2445500,2537600,4696300,6910000,23360300,11837200,8469500,11559400,2476000,4245100,19428800,35676600,6269500,14057100,2069300,1188400,18111100,35926900,34488500,9277300,3527300,116996700,24185500,44945700,1988900,820900,7265500,2870900,38069700,2860200,4054500,1599300,1786500,7409600,9353800,2917800,27500,14752000,1157200,3723600,37520100,16741000,2712600,23160000,20927200,41324600,1844500,10287200,16461200,3882100,13931700,1293300,10944300,8036200,166476700,2126000,23034000,563500,1672400,1049900,6903800,17283400,14832600,43385600,9634200,55626000,3268000,16422100,8893000,5108300,14229600
2026-07-01,52034200,1138600,6717900,1122700,1735000,3599800,12433400,16049800,18534800,28100600,3723200,33662700,21668000,6259800,3427100,51328100,1675100,7692700,4178700,2682800,50164200,4690000,2485600,9184000,14128800,9960300,8241400,9098200,15210200,23313200,3087500,11888600,14529400,5002000,4952700,3730800,11992300,26736400,2244800,22923400,23712600,8072900,9864300,47809800,49385200,1911100,2140100,4985900,4807400,9709200,24163600,4734400,8112800,3301000,40797900,2692300,5075600,29493100,14164600,26458600,449600,7100800,1444300,2263700,9391700,13025900,10212500,18699300,5090100,1669300,53829900,3358700,12210100,6988000,1543200,6114700,806700,2042900,2379600,4412800,4678600,23141500,10761500,6516500,10123700,1658800,2976600,9175500,34687100,5863800,15484200,1417500,965500,45536300,45964000,28326800,7934200,2918000,113107200,18219300,48065800,1501600,1170600,9716900,2909700,58561300,3982100,3780500,1675800,911700,6654900,9571700,1693400,22200,10740400,1278000,2720400,33822700,21716100,2584700,35726800,24518000,35288400,2983900,5744200,16089200,4257900,15526400,902800,8737100,2969400,146147600,2184500,40391400,683700,2167700,1285300,6027600,14670600,14440800,40127900,7265500,47100900,4063100,21734800,8407400,8689500,22969600
2026-07-02,42742400,1155100,10757300,865400,1543500,6294100,13703300,11677500,18375000,41152400,2594500,28525600,22180300,5898700,2624300,61316900,1443000,6880400,3159300,2293300,75352800,3745300,2078700,7802100,12373700,14173100,6702400,9764500,8413900,18661200,2275600,11744600,8388900,5374100,3399500,4163100,9656000,25974800,2487600,21365800,26749500,5502500,10882400,46246100,53104800,1424300,2941700,3928800,5046900,14281800,23622500,4490600,6530800,3496200,50560300,1847200,4461400,24327900,10486300,20227500,458700,14188400,1855600,2022400,13040200,9814800,8488000,18954700,4254100,1552700,48246400,2564900,16704700,7113400,1419800,6074000,586700,2153800,2601600,3900200,5279800,28030600,7832200,7998700,14719400,5194300,2881600,9561800,34625800,7903100,9199300,2596900,2926600,21705900,44166700,28142500,8925700,2440600,124577600,15940200,42128900,1523900,1071600,9657200,2785800,60641000,3075500,5192500,1212200,2045000,8088400,9256000,2072200,19000,10423900,1396900,3296100,38435900,18781800,2699100,32636300,25280900,29329700,4200600,6934000,15071700,5123300,13553500,1741600,9766000,4152100,142068700,2124000,29512200,642900,2315500,1293200,6611600,10782000,16972900,73717700,7697700,57447800,3809400,18308400,8703800,4267000,14785400
